#pragma once
unsigned int diffkv_metallib_len = 20739;
unsigned char diffkv_metallib[] = {
    0x4d, 0x54, 0x4c, 0x42, 0x01, 0x80, 0x02, 0x00, 0x07, 0x00, 0x00, 0x81, 0x0f, 0x00, 0x02, 0x00,
    0x03, 0x51, 0x00, 0x00, 0x00, 0x00, 0x00, 0x00, 0x58, 0x00, 0x00, 0x00, 0x00, 0x00, 0x00, 0x00,
    0x93, 0x00, 0x00, 0x00, 0x00, 0x00, 0x00, 0x00, 0xf3, 0x00, 0x00, 0x00, 0x00, 0x00, 0x00, 0x00,
    0x08, 0x00, 0x00, 0x00, 0x00, 0x00, 0x00, 0x00, 0xfb, 0x00, 0x00, 0x00, 0x00, 0x00, 0x00, 0x00,
    0x08, 0x00, 0x00, 0x00, 0x00, 0x00, 0x00, 0x00, 0x03, 0x01, 0x00, 0x00, 0x00, 0x00, 0x00, 0x00,
    0x00, 0x50, 0x00, 0x00, 0x00, 0x00, 0x00, 0x00, 0x01, 0x00, 0x00, 0x00, 0x93, 0x00, 0x00, 0x00,
    0x4e, 0x41, 0x4d, 0x45, 0x1e, 0x00, 0x64, 0x65, 0x63, 0x6f, 0x64, 0x65, 0x5f, 0x61, 0x74, 0x74,
    0x65, 0x6e, 0x74, 0x69, 0x6f, 0x6e, 0x5f, 0x6d, 0x65, 0x74, 0x61, 0x6c, 0x5f, 0x6b, 0x65, 0x72,
    0x6e, 0x65, 0x6c, 0x00, 0x54, 0x59, 0x50, 0x45, 0x01, 0x00, 0x02, 0x48, 0x41, 0x53, 0x48, 0x20,
    0x00, 0xbd, 0xaa, 0x98, 0x77, 0x07, 0xda, 0x40, 0xfc, 0xf5, 0x2f, 0xa7, 0x81, 0x38, 0x88, 0xb8,
    0x51, 0xa5, 0x87, 0x40, 0x77, 0xa9, 0x77, 0x83, 0x47, 0x1e, 0x5a, 0xad, 0xe3, 0xd4, 0x69, 0x92,
    0xb4, 0x4d, 0x44, 0x53, 0x5a, 0x08, 0x00, 0x00, 0x50, 0x00, 0x00, 0x00, 0x00, 0x00, 0x00, 0x4f,
    0x46, 0x46, 0x54, 0x18, 0x00, 0x00, 0x00, 0x00, 0x00, 0x00, 0x00, 0x00, 0x00, 0x00, 0x00, 0x00,
    0x00, 0x00, 0x00, 0x00, 0x00, 0x00, 0x00, 0x00, 0x00, 0x00, 0x00, 0x00, 0x00, 0x56, 0x45, 0x52,
    0x53, 0x08, 0x00, 0x02, 0x00, 0x07, 0x00, 0x03, 0x00, 0x02, 0x00, 0x45, 0x4e, 0x44, 0x54, 0x45,
    0x4e, 0x44, 0x54, 0x04, 0x00, 0x00, 0x00, 0x45, 0x4e, 0x44, 0x54, 0x04, 0x00, 0x00, 0x00, 0x45,
    0x4e, 0x44, 0x54, 0xde, 0xc0, 0x17, 0x0b, 0x00, 0x00, 0x00, 0x00, 0x14, 0x00, 0x00, 0x00, 0xe4,
    0x4f, 0x00, 0x00, 0xff, 0xff, 0xff, 0xff, 0x42, 0x43, 0xc0, 0xde, 0x35, 0x14, 0x00, 0x00, 0x03,
    0x00, 0x00, 0x00, 0x62, 0x0c, 0x30, 0x24, 0x80, 0x10, 0x05, 0xc8, 0x14, 0x00, 0x00, 0x00, 0x21,
    0x0c, 0x00, 0x00, 0x0d, 0x10, 0x00, 0x00, 0x0b, 0x02, 0x21, 0x00, 0x02, 0x00, 0x00, 0x00, 0x16,
    0x00, 0x00, 0x00, 0x07, 0x81, 0x23, 0x91, 0x41, 0xc8, 0x04, 0x49, 0x06, 0x10, 0x32, 0x39, 0x92,
    0x01, 0x84, 0x0c, 0x25, 0x05, 0x08, 0x19, 0x1e, 0x04, 0x8b, 0x62, 0x80, 0x18, 0x45, 0x02, 0x42,
    0x92, 0x0b, 0x42, 0xc4, 0x10, 0x32, 0x14, 0x38, 0x08, 0x18, 0x4b, 0x0a, 0x32, 0x62, 0x88, 0x48,
    0x70, 0xc4, 0x21, 0x23, 0x44, 0x12, 0x87, 0x8c, 0x10, 0x41, 0x92, 0x02, 0x64, 0xc8, 0x08, 0xb1,
    0x14, 0x20, 0x43, 0x46, 0x88, 0x20, 0xc9, 0x01, 0x32, 0x62, 0x84, 0x18, 0x2a, 0x28, 0x2a, 0x90,
    0x31, 0x7c, 0xb0, 0x5c, 0x91, 0x20, 0xc6, 0xc8, 0x00, 0x00, 0x00, 0x89, 0x20, 0x00, 0x00, 0x31,
    0x00, 0x00, 0x00, 0x32, 0x22, 0x88, 0x09, 0x20, 0x62, 0x46, 0x00, 0x21, 0x2b, 0x24, 0x98, 0x18,
    0x21, 0x25, 0x24, 0x98, 0x18, 0x19, 0x27, 0x0c, 0x85, 0xa4, 0x90, 0x60, 0x62, 0x64, 0x5c, 0x20,
    0x24, 0x66, 0x82, 0x40, 0x0e, 0x66, 0x00, 0x14, 0x50, 0x00, 0x18, 0x44, 0x08, 0x86, 0x39, 0x02,
    0x48, 0x07, 0x86, 0x41, 0x04, 0x62, 0x50, 0xa0, 0x61, 0x10, 0xc1, 0x18, 0x14, 0x04, 0x18, 0x44,
    0x40, 0x86, 0x41, 0x04, 0x60, 0x50, 0x40, 0x08, 0x60, 0x10, 0x61, 0x19, 0x14, 0x30, 0x00, 0x18,
    0x44, 0x68, 0x06, 0x05, 0x04, 0x01, 0x06, 0x11, 0x9e, 0x61, 0x04, 0x60, 0x14, 0x60, 0x10, 0x41,
    0x0a, 0xe6, 0x08, 0x90, 0x41, 0x04, 0x2a, 0x98, 0x23, 0x00, 0x83, 0x41, 0x04, 0x2b, 0x18, 0x44,
    0x00, 0x82, 0x41, 0x84, 0x21, 0x30, 0x62, 0x10, 0x4d, 0xd5, 0x34, 0x4d, 0xd3, 0x74, 0x5d, 0x13,
    0x76, 0x5d, 0xd7, 0x75, 0x5d, 0xd8, 0x84, 0x61, 0x57, 0x36, 0x65, 0x53, 0x36, 0x4d, 0x97, 0x65,
    0x59, 0xa4, 0xcd, 0x11, 0x80, 0x02, 0x51, 0x66, 0x88, 0xb8, 0x8e, 0x3c, 0x23, 0x00, 0x14, 0x81,
    0x66, 0x88, 0x2c, 0x8b, 0x44, 0x23, 0x00, 0x00, 0x91, 0x73, 0x04, 0x81, 0x29, 0xa2, 0x8e, 0xe2,
    0x4c, 0x3a, 0xcd, 0x00, 0x00, 0x00, 0xa5, 0x03, 0x01, 0x2a, 0x60, 0x51, 0x43, 0xc8, 0x14, 0xc0,
    0x20, 0xc2, 0x30, 0x10, 0x00, 0x00, 0x00, 0x51, 0x18, 0x00, 0x00, 0xb8, 0x01, 0x00, 0x00, 0x1b,
    0xe2, 0x23, 0xf8, 0xff, 0xff, 0xff, 0xff, 0x01, 0x58, 0x03, 0xc0, 0x14, 0x00, 0x89, 0x08, 0x07,
    0x78, 0x80, 0x07, 0x79, 0x78, 0x07, 0x7c, 0x68, 0x03, 0x73, 0xa8, 0x07, 0x77, 0x18, 0x87, 0x36,
    0x30, 0x07, 0x78, 0x68, 0x83, 0x76, 0x08, 0x07, 0x7a, 0x40, 0x07, 0x80, 0x1e, 0xe4, 0xa1, 0x1e,
    0xca, 0x01, 0x20, 0xcc, 0x41, 0x1e, 0xc2, 0xa1, 0x1d, 0xca, 0xa1, 0x0d, 0xe0, 0xe1, 0x1d, 0xd2,
    0xc1, 0x1d, 0xe8, 0xa1, 0x1c, 0xe4, 0x01, 0x08, 0x07, 0x76, 0x60, 0x07, 0x80, 0x68, 0x87, 0x74,
    0x70, 0x87, 0x36, 0x60, 0x87, 0x72, 0x38, 0x87, 0x70, 0x60, 0x87, 0x36, 0xb0, 0x87, 0x72, 0x18,
    0x07, 0x7a, 0x78, 0x07, 0x79, 0x68, 0x83, 0x7b, 0x48, 0x07, 0x72, 0xa0, 0x07, 0x74, 0x00, 0xe0,
    0x00, 0x18, 0xdc, 0xe1, 0x1d, 0xda, 0x40, 0x1c, 0xea, 0x21, 0x1d, 0xd8, 0x81, 0x1e, 0xd2, 0xc1,
    0x1d, 0xe6, 0x01, 0x20, 0xdc, 0xe1, 0x1d, 0xda, 0x20, 0x1d, 0xdc, 0xc1, 0x1c, 0xe6, 0xa1, 0x0d,
    0xcc, 0x01, 0x1e, 0xda, 0xa0, 0x1d, 0xc2, 0x81, 0x1e, 0xd0, 0x01, 0xa0, 0x07, 0x79, 0xa8, 0x87,
    0x72, 0x00, 0x08, 0x77, 0x78, 0x87, 0x36, 0x70, 0x87, 0x70, 0x70, 0x87, 0x79, 0x68, 0x03, 0x73,
    0x80, 0x87, 0x36, 0x68, 0x87, 0x70, 0xa0, 0x07, 0x74, 0x00, 0xe8, 0x41, 0x1e, 0xea, 0xa1, 0x1c,
    0x00, 0xc2, 0x1d, 0xde, 0xa1, 0x0d, 0xe6, 0x21, 0x1d, 0xce, 0xc1, 0x1d, 0xca, 0x81, 0x1c, 0xda,
    0x40, 0x1f, 0xca, 0x41, 0x1e, 0xde, 0x61, 0x1e, 0xda, 0xc0, 0x1c, 0xe0, 0xa1, 0x0d, 0xda, 0x21,
    0x1c, 0xe8, 0x01, 0x1d, 0x00, 0x7a, 0x90, 0x87, 0x7a, 0x28, 0x07, 0x80, 0x70, 0x87, 0x77, 0x68,
    0x03, 0x7a, 0x90, 0x87, 0x70, 0x80, 0x07, 0x78, 0x48, 0x07, 0x77, 0x38, 0x87, 0x36, 0x68, 0x87,
    0x70, 0xa0, 0x07, 0x74, 0x00, 0xe8, 0x41, 0x1e, 0xea, 0xa1, 0x1c, 0x00, 0x62, 0x1e, 0xe8, 0x21,
    0x1c, 0xc6, 0x61, 0x1d, 0xda, 0x00, 0x1e, 0xe4, 0xe1, 0x1d, 0xe8, 0xa1, 0x1c, 0xc6, 0x81, 0x1e,
    0xde, 0x41, 0x1e, 0xda, 0x40, 0x1c, 0xea, 0xc1, 0x1c, 0xcc, 0xa1, 0x1c, 0xe4, 0xa1, 0x0d, 0xe6,
    0x21, 0x1d, 0xf4, 0xa1, 0x1c, 0x00, 0x3c, 0x00, 0x88, 0x7a, 0x70, 0x87, 0x79, 0x08, 0x07, 0x73,
    0x28, 0x87, 0x36, 0x30, 0x07, 0x78, 0x68, 0x83, 0x76, 0x08, 0x07, 0x7a, 0x40, 0x07, 0x80, 0x1e,
    0xe4, 0xa1, 0x1e, 0xca, 0x01, 0xd8, 0xd0, 0x09, 0x01, 0xb0, 0x00, 0xa4, 0x00, 0x54, 0x43, 0x38,
    0xa4, 0x83, 0x3c, 0xb4, 0x81, 0x38, 0xd4, 0x83, 0x39, 0x98, 0x43, 0x39, 0xc8, 0x43, 0x1b, 0xb8,
    0xc3, 0x3b, 0xb4, 0x41, 0x38, 0xb0, 0x43, 0x3a, 0x84, 0xc3, 0x3c, 0x00, 0x1b, 0xba, 0x41, 0x00,
    0x16, 0x80, 0x14, 0x80, 0x6a, 0x08, 0x87, 0x74, 0x90, 0x87, 0x36, 0x10, 0x87, 0x7a, 0x30, 0x07,
    0x73, 0x28, 0x07, 0x79, 0x68, 0x03, 0x77, 0x78, 0x87, 0x36, 0x08, 0x07, 0x76, 0x48, 0x87, 0x70,
    0x98, 0x07, 0x60, 0x43, 0x47, 0x0c, 0xc0, 0x02, 0x90, 0x02, 0x50, 0x0d, 0xe1, 0x90, 0x0e, 0xf2,
    0xd0, 0x06, 0xe2, 0x50, 0x0f, 0xe6, 0x60, 0x0e, 0xe5, 0x20, 0x0f, 0x6d, 0xe0, 0x0e, 0xef, 0xd0,
    0x06, 0xe1, 0xc0, 0x0e, 0xe9, 0x10, 0x0e, 0xf3, 0x00, 0x6c, 0xe8, 0x0a, 0x02, 0x58, 0x00, 0x52,
    0x00, 0xaa, 0x21, 0x1c, 0xd2, 0x41, 0x1e, 0xda, 0x40, 0x1c, 0xea, 0xc1, 0x1c, 0xcc, 0xa1, 0x1c,
    0xe4, 0xa1, 0x0d, 0xdc, 0xe1, 0x1d, 0xda, 0x20, 0x1c, 0xd8, 0x21, 0x1d, 0xc2, 0x61, 0x1e, 0x80,
    0x0d, 0x9d, 0x51, 0x00, 0x0b, 0x40, 0x0a, 0x40, 0x35, 0x84, 0x43, 0x3a, 0xc8, 0x43, 0x1b, 0x88,
    0x43, 0x3d, 0x98, 0x83, 0x39, 0x94, 0x83, 0x3c, 0xb4, 0x81, 0x3b, 0xbc, 0x43, 0x1b, 0x84, 0x03,
    0x3b, 0xa4, 0x43, 0x38, 0xcc, 0x03, 0xb0, 0xa1, 0x3b, 0x0c, 0x60, 0x01, 0x48, 0x01, 0xa8, 0x86,
    0x70, 0x48, 0x07, 0x79, 0x68, 0x03, 0x71, 0xa8, 0x07, 0x73, 0x30, 0x87, 0x72, 0x90, 0x87, 0x36,
    0x70, 0x87, 0x77, 0x68, 0x83, 0x70, 0x60, 0x87, 0x74, 0x08, 0x87, 0x79, 0x00, 0x36, 0x74, 0xc8,
    0x01, 0x2c, 0x00, 0x29, 0x00, 0xd5, 0x10, 0x0e, 0xe9, 0x20, 0x0f, 0x6d, 0x20, 0x0e, 0xf5, 0x60,
    0x0e, 0xe6, 0x50, 0x0e, 0xf2, 0xd0, 0x06, 0xee, 0xf0, 0x0e, 0x6d, 0x10, 0x0e, 0xec, 0x90, 0x0e,
    0xe1, 0x30, 0x0f, 0xc0, 0x86, 0x2e, 0x41, 0x80, 0x05, 0x20, 0x05, 0xa0, 0x1a, 0xc2, 0x21, 0x1d,
    0xe4, 0xa1, 0x0d, 0xc4, 0xa1, 0x1e, 0xcc, 0xc1, 0x1c, 0xca, 0x41, 0x1e, 0xda, 0xc0, 0x1d, 0xde,
    0xa1, 0x0d, 0xc2, 0x81, 0x1d, 0xd2, 0x21, 0x1c, 0xe6, 0x01, 0xd8, 0xd0, 0x29, 0x09, 0xb0, 0x00,
    0xa4, 0x00, 0x54, 0x43, 0x38, 0xa4, 0x83, 0x3c, 0xb4, 0x81, 0x38, 0xd4, 0x83, 0x39, 0x98, 0x43,
    0x39, 0xc8, 0x43, 0x1b, 0xb8, 0xc3, 0x3b, 0xb4, 0x41, 0x38, 0xb0, 0x43, 0x3a, 0x84, 0xc3, 0x3c,
    0x00, 0x1b, 0xba, 0x45, 0x01, 0x16, 0x80, 0x14, 0x00, 0x3a, 0x18, 0xc2, 0x21, 0x1d, 0xe4, 0xa1,
    0x0d, 0xc4, 0xa1, 0x1e, 0xcc, 0xc1, 0x1c, 0xca, 0x41, 0x1e, 0xda, 0xc0, 0x1d, 0xde, 0xa1, 0x0d,
    0xc2, 0x81, 0x1d, 0xd2, 0x21, 0x1c, 0xe6, 0x01, 0xd8, 0xd0, 0x31, 0x0b, 0xb0, 0x00, 0xa4, 0x00,
    0xd0, 0xc1, 0x10, 0x0e, 0xe9, 0x20, 0x0f, 0x6d, 0x20, 0x0e, 0xf5, 0x60, 0x0e, 0xe6, 0x50, 0x0e,
    0xf2, 0xd0, 0x06, 0xee, 0xf0, 0x0e, 0x6d, 0x10, 0x0e, 0xec, 0x90, 0x0e, 0xe1, 0x30, 0x0f, 0xc0,
    0x86, 0x31, 0x68, 0x18, 0x60, 0x01, 0x48, 0x01, 0xa8, 0x82, 0x80, 0x08, 0xd2, 0x80, 0x18, 0xc2,
    0x21, 0x1d, 0xe4, 0xa1, 0x0d, 0xc4, 0xa1, 0x1e, 0xcc, 0xc1, 0x1c, 0xca, 0x41, 0x1e, 0xda, 0xc0,
    0x1d, 0xde, 0xa1, 0x0d, 0xc2, 0x81, 0x1d, 0xd2, 0x21, 0x1c, 0xe6, 0x01, 0xd8, 0x30, 0x06, 0x4e,
    0x03, 0x2c, 0x00, 0x29, 0x00, 0x55, 0x10, 0x10, 0x41, 0x1a, 0x10, 0x43, 0x38, 0xa4, 0x83, 0x3c,
    0xb4, 0x81, 0x38, 0xd4, 0x83, 0x39, 0x98, 0x43, 0x39, 0xc8, 0x43, 0x1b, 0xb8, 0xc3, 0x3b, 0xb4,
    0x41, 0x38, 0xb0, 0x43, 0x3a, 0x84, 0xc3, 0x3c, 0x00, 0x1b, 0xc6, 0xe0, 0x71, 0x80, 0x05, 0x20,
    0x05, 0xa0, 0x0a, 0x02, 0x22, 0x48, 0x03, 0x62, 0x08, 0x87, 0x74, 0x90, 0x87, 0x36, 0x10, 0x87,
    0x7a, 0x30, 0x07, 0x73, 0x28, 0x07, 0x79, 0x68, 0x03, 0x77, 0x78, 0x87, 0x36, 0x08, 0x07, 0x76,
    0x48, 0x87, 0x70, 0x98, 0x07, 0x60, 0xc3, 0x18, 0x40, 0x0f, 0xb0, 0x00, 0xa4, 0x00, 0x54, 0x41,
    0x40, 0x04, 0x69, 0x40, 0x0c, 0xe1, 0x90, 0x0e, 0xf2, 0xd0, 0x06, 0xe2, 0x50, 0x0f, 0xe6, 0x60,
    0x0e, 0xe5, 0x20, 0x0f, 0x6d, 0xe0, 0x0e, 0xef, 0xd0, 0x06, 0xe1, 0xc0, 0x0e, 0xe9, 0x10, 0x0e,
    0xf3, 0x00, 0x6c, 0x18, 0x83, 0x08, 0x02, 0x16, 0x80, 0x14, 0x80, 0x2a, 0x08, 0x88, 0x20, 0x0d,
    0x88, 0x21, 0x1c, 0xd2, 0x41, 0x1e, 0xda, 0x40, 0x1c, 0xea, 0xc1, 0x1c, 0xcc, 0xa1, 0x1c, 0xe4,
    0xa1, 0x0d, 0xdc, 0xe1, 0x1d, 0xda, 0x20, 0x1c, 0xd8, 0x21, 0x1d, 0xc2, 0x61, 0x1e, 0x80, 0x0d,
    0x63, 0x20, 0x45, 0xc0, 0x02, 0x90, 0x02, 0x50, 0x05, 0x01, 0x11, 0xa4, 0x01, 0x31, 0x84, 0x43,
    0x3a, 0xc8, 0x43, 0x1b, 0x88, 0x43, 0x3d, 0x98, 0x83, 0x39, 0x94, 0x83, 0x3c, 0xb4, 0x81, 0x3b,
    0xbc, 0x43, 0x1b, 0x84, 0x03, 0x3b, 0xa4, 0x43, 0x38, 0xcc, 0x03, 0xb0, 0x61, 0x0c, 0x26, 0x09,
    0x58, 0x00, 0x52, 0x00, 0xaa, 0x20, 0x20, 0x82, 0x34, 0x20, 0x86, 0x70, 0x48, 0x07, 0x79, 0x68,
    0x03, 0x71, 0xa8, 0x07, 0x73, 0x30, 0x87, 0x72, 0x90, 0x87, 0x36, 0x70, 0x87, 0x77, 0x68, 0x83,
    0x70, 0x60, 0x87, 0x74, 0x08, 0x87, 0x79, 0x00, 0x36, 0x74, 0xd4, 0x04, 0x2c, 0x00, 0x29, 0x00,
    0xd5, 0x10, 0x0e, 0xe9, 0x20, 0x0f, 0x6d, 0x20, 0x0e, 0xf5, 0x60, 0x0e, 0xe6, 0x50, 0x0e, 0xf2,
    0xd0, 0x06, 0xee, 0xf0, 0x0e, 0x6d, 0x10, 0x0e, 0xec, 0x90, 0x0e, 0xe1, 0x30, 0x0f, 0xc0, 0x86,
    0xae, 0xa2, 0x80, 0x05, 0x20, 0x05, 0xa0, 0x1a, 0xc2, 0x21, 0x1d, 0xe4, 0xa1, 0x0d, 0xc4, 0xa1,
    0x1e, 0xcc, 0xc1, 0x1c, 0xca, 0x41, 0x1e, 0xda, 0xc0, 0x1d, 0xde, 0xa1, 0x0d, 0xc2, 0x81, 0x1d,
    0xd2, 0x21, 0x1c, 0xe6, 0x01, 0xd8, 0xd0, 0x59, 0x15, 0xb0, 0x00, 0xa4, 0x00, 0x54, 0x43, 0x38,
    0xa4, 0x83, 0x3c, 0xb4, 0x81, 0x38, 0xd4, 0x83, 0x39, 0x98, 0x43, 0x39, 0xc8, 0x43, 0x1b, 0xb8,
    0xc3, 0x3b, 0xb4, 0x41, 0x38, 0xb0, 0x43, 0x3a, 0x84, 0xc3, 0x3c, 0x00, 0x1b, 0xc6, 0xe0, 0xb2,
    0x80, 0x05, 0x20, 0x05, 0xa0, 0x0a, 0x02, 0x22, 0x48, 0x03, 0x62, 0x08, 0x87, 0x74, 0x90, 0x87,
    0x36, 0x10, 0x87, 0x7a, 0x30, 0x07, 0x73, 0x28, 0x07, 0x79, 0x68, 0x03, 0x77, 0x78, 0x87, 0x36,
    0x08, 0x07, 0x76, 0x48, 0x87, 0x70, 0x98, 0x07, 0x60, 0x43, 0x87, 0x5d, 0xc0, 0x02, 0x90, 0x02,
    0x50, 0x0d, 0xe1, 0x90, 0x0e, 0xf2, 0xd0, 0x06, 0xe2, 0x50, 0x0f, 0xe6, 0x60, 0x0e, 0xe5, 0x20,
    0x0f, 0x6d, 0xe0, 0x0e, 0xef, 0xd0, 0x06, 0xe1, 0xc0, 0x0e, 0xe9, 0x10, 0x0e, 0xf3, 0x00, 0x6c,
    0xe8, 0x32, 0x0c, 0x58, 0x00, 0x52, 0x00, 0xaa, 0x21, 0x1c, 0xd2, 0x41, 0x1e, 0xda, 0x40, 0x1c,
    0xea, 0xc1, 0x1c, 0xcc, 0xa1, 0x1c, 0xe4, 0xa1, 0x0d, 0xdc, 0xe1, 0x1d, 0xda, 0x20, 0x1c, 0xd8,
    0x21, 0x1d, 0xc2, 0x61, 0x1e, 0x80, 0x0d, 0x9d, 0x96, 0x01, 0x0b, 0x40, 0x0a, 0x40, 0x35, 0x84,
    0x43, 0x3a, 0xc8, 0x43, 0x1b, 0x88, 0x43, 0x3d, 0x98, 0x83, 0x39, 0x94, 0x83, 0x3c, 0xb4, 0x81,
    0x3b, 0xbc, 0x43, 0x1b, 0x84, 0x03, 0x3b, 0xa4, 0x43, 0x38, 0xcc, 0x03, 0xb0, 0xa1, 0xdb, 0x34,
    0x60, 0x01, 0x48, 0x01, 0xa8, 0x86, 0x70, 0x48, 0x07, 0x79, 0x68, 0x03, 0x71, 0xa8, 0x07, 0x73,
    0x30, 0x87, 0x72, 0x90, 0x87, 0x36, 0x70, 0x87, 0x77, 0x68, 0x83, 0x70, 0x60, 0x87, 0x74, 0x08,
    0x87, 0x79, 0x00, 0x36, 0x74, 0xdc, 0x06, 0x2c, 0x00, 0x29, 0x00, 0xd5, 0x10, 0x0e, 0xe9, 0x20,
    0x0f, 0x6d, 0x20, 0x0e, 0xf5, 0x60, 0x0e, 0xe6, 0x50, 0x0e, 0xf2, 0xd0, 0x06, 0xee, 0xf0, 0x0e,
    0x6d, 0x10, 0x0e, 0xec, 0x90, 0x0e, 0xe1, 0x30, 0x0f, 0xc0, 0x86, 0xae, 0xe3, 0x80, 0x05, 0x20,
    0x05, 0xa0, 0x1a, 0xc2, 0x21, 0x1d, 0xe4, 0xa1, 0x0d, 0xc4, 0xa1, 0x1e, 0xcc, 0xc1, 0x1c, 0xca,
    0x41, 0x1e, 0xda, 0xc0, 0x1d, 0xde, 0xa1, 0x0d, 0xc2, 0x81, 0x1d, 0xd2, 0x21, 0x1c, 0xe6, 0x01,
    0xd8, 0xd0, 0x79, 0x1d, 0xb0, 0x00, 0xa4, 0x00, 0x54, 0x43, 0x38, 0xa4, 0x83, 0x3c, 0xb4, 0x81,
    0x38, 0xd4, 0x83, 0x39, 0x98, 0x43, 0x39, 0xc8, 0x43, 0x1b, 0xb8, 0xc3, 0x3b, 0xb4, 0x41, 0x38,
    0xb0, 0x43, 0x3a, 0x84, 0xc3, 0x3c, 0x00, 0x1b, 0xc6, 0xe0, 0xf3, 0x80, 0x05, 0x20, 0x05, 0xa0,
    0x0a, 0x02, 0x22, 0x48, 0x03, 0x62, 0x08, 0x87, 0x74, 0x90, 0x87, 0x36, 0x10, 0x87, 0x7a, 0x30,
    0x07, 0x73, 0x28, 0x07, 0x79, 0x68, 0x03, 0x77, 0x78, 0x87, 0x36, 0x08, 0x07, 0x76, 0x48, 0x87,
    0x70, 0x98, 0x07, 0x60, 0x03, 0x01, 0x06, 0x1f, 0x40, 0x0a, 0x1b, 0x88, 0x30, 0x00, 0x03, 0x80,
    0x14, 0x36, 0x10, 0x62, 0x10, 0x06, 0x00, 0x29, 0x6c, 0x70, 0xc6, 0xe0, 0xff, 0xff, 0xff, 0xff,
    0x07, 0xa0, 0x0d, 0x80, 0x53, 0x00, 0xfc, 0x00, 0xf8, 0x03, 0x40, 0x02, 0xfa, 0x60, 0x03, 0x41,
    0x06, 0x01, 0xc0, 0x07, 0x1b, 0x88, 0x32, 0x10, 0x80, 0x65, 0x83, 0x63, 0x06, 0xff, 0xff, 0xff,
    0xff, 0x3f, 0x00, 0xa6, 0x00, 0xf8, 0x01, 0xf0, 0x07, 0x80, 0x04, 0x50, 0x40, 0x1f, 0x6c, 0x50,
    0xce, 0xe0, 0xff, 0xff, 0xff, 0xff, 0x07, 0x60, 0x0d, 0x00, 0x53, 0x00, 0x24, 0xa0, 0x0f, 0x36,
    0x30, 0x68, 0xf0, 0xff, 0xff, 0xff, 0xff, 0x03, 0xd0, 0x06, 0x80, 0x1f, 0x00, 0x12, 0xd0, 0x07,
    0x00, 0x1d, 0x6c, 0x30, 0xd2, 0x20, 0x00, 0x16, 0x80, 0x0e, 0x36, 0x10, 0x6a, 0x40, 0x00, 0x7c,
    0xb0, 0x01, 0x59, 0x83, 0xff, 0xff, 0xff, 0xff, 0x1f, 0x80, 0x35, 0x00, 0x24, 0xa0, 0x0f, 0x36,
    0x20, 0x6c, 0xf0, 0xff, 0xff, 0xff, 0xff, 0x03, 0x20, 0x01, 0x14, 0xd0, 0x07, 0x1b, 0x88, 0x36,
    0xf8, 0xff, 0xff, 0xff, 0xff, 0x01, 0x90, 0x36, 0x10, 0x6e, 0x20, 0x00, 0x67, 0xb0, 0x81, 0x79,
    0x83, 0x00, 0x20, 0x05, 0xe0, 0x0c, 0x82, 0x80, 0x08, 0xd2, 0x00, 0x84, 0x36, 0x30, 0x70, 0x10,
    0x00, 0xa4, 0x00, 0x9c, 0x41, 0x10, 0x10, 0x41, 0x1a, 0x80, 0x04, 0x00, 0x00, 0x00, 0x00, 0x49,
    0x18, 0x00, 0x00, 0x12, 0x00, 0x00, 0x00, 0x13, 0xc4, 0x20, 0x10, 0x06, 0xa2, 0x30, 0x0e, 0x24,
    0x51, 0x16, 0xa6, 0x71, 0x1e, 0x28, 0x92, 0x26, 0xaa, 0xb2, 0x2e, 0x2c, 0xd3, 0x36, 0xae, 0xf3,
    0x3e, 0x30, 0x08, 0x03, 0x31, 0x98, 0x30, 0x8c, 0x01, 0x19, 0x94, 0xc1, 0x84, 0xc0, 0x0c, 0x26,
    0x04, 0x67, 0x30, 0x61, 0x40, 0x83, 0x34, 0x50, 0x83, 0x09, 0xc1, 0x1a, 0x4c, 0x08, 0xd8, 0x60,
    0x82, 0xd0, 0x06, 0x6e, 0x30, 0x21, 0x78, 0x83, 0x09, 0x01, 0x1c, 0x00, 0x00, 0x00, 0x00, 0x13,
    0xb0, 0x70, 0x48, 0x07, 0x79, 0xb0, 0x03, 0x3a, 0x68, 0x83, 0x70, 0x80, 0x07, 0x78, 0x60, 0x87,
    0x72, 0x68, 0x83, 0x76, 0x08, 0x87, 0x71, 0x78, 0x87, 0x79, 0xc0, 0x87, 0x38, 0xa8, 0x03, 0x37,
    0x90, 0x03, 0x37, 0x80, 0x83, 0x0d, 0xb7, 0x51, 0x0e, 0x6d, 0x00, 0x0f, 0x7a, 0x60, 0x07, 0x74,
    0xa0, 0x07, 0x76, 0x40, 0x07, 0x7a, 0x60, 0x07, 0x74, 0xd0, 0x06, 0xe9, 0x10, 0x07, 0x7a, 0x80,
    0x07, 0x7a, 0x80, 0x07, 0x6d, 0x90, 0x0e, 0x78, 0xa0, 0x07, 0x78, 0xa0, 0x07, 0x78, 0xd0, 0x06,
    0xe9, 0x10, 0x07, 0x76, 0xa0, 0x07, 0x71, 0x60, 0x07, 0x7a, 0x10, 0x07, 0x76, 0xd0, 0x06, 0xe9,
    0x30, 0x07, 0x72, 0xa0, 0x07, 0x73, 0x20, 0x07, 0x7a, 0x30, 0x07, 0x72, 0xd0, 0x06, 0xe9, 0x60,
    0x07, 0x74, 0xa0, 0x07, 0x76, 0x40, 0x07, 0x7a, 0x60, 0x07, 0x74, 0xd0, 0x06, 0xe6, 0x30, 0x07,
    0x72, 0xa0, 0x07, 0x73, 0x20, 0x07, 0x7a, 0x30, 0x07, 0x72, 0xd0, 0x06, 0xe6, 0x60, 0x07, 0x74,
    0xa0, 0x07, 0x76, 0x40, 0x07, 0x7a, 0x60, 0x07, 0x74, 0xd0, 0x06, 0xf6, 0x10, 0x07, 0x76, 0xa0,
    0x07, 0x71, 0x60, 0x07, 0x7a, 0x10, 0x07, 0x76, 0xd0, 0x06, 0xf6, 0x20, 0x07, 0x74, 0xa0, 0x07,
    0x73, 0x20, 0x07, 0x7a, 0x30, 0x07, 0x72, 0xd0, 0x06, 0xf6, 0x30, 0x07, 0x72, 0xa0, 0x07, 0x73,
    0x20, 0x07, 0x7a, 0x30, 0x07, 0x72, 0xd0, 0x06, 0xf6, 0x40, 0x07, 0x78, 0xa0, 0x07, 0x76, 0x40,
    0x07, 0x7a, 0x60, 0x07, 0x74, 0xd0, 0x06, 0xf6, 0x60, 0x07, 0x74, 0xa0, 0x07, 0x76, 0x40, 0x07,
    0x7a, 0x60, 0x07, 0x74, 0xd0, 0x06, 0xf6, 0x90, 0x07, 0x76, 0xa0, 0x07, 0x71, 0x20, 0x07, 0x78,
    0xa0, 0x07, 0x71, 0x20, 0x07, 0x78, 0xd0, 0x06, 0xf6, 0x10, 0x07, 0x72, 0x80, 0x07, 0x7a, 0x10,
    0x07, 0x72, 0x80, 0x07, 0x7a, 0x10, 0x07, 0x72, 0x80, 0x07, 0x6d, 0x60, 0x0f, 0x71, 0x90, 0x07,
    0x72, 0xa0, 0x07, 0x72, 0x50, 0x07, 0x76, 0xa0, 0x07, 0x72, 0x50, 0x07, 0x76, 0xd0, 0x06, 0xf6,
    0x20, 0x07, 0x75, 0x60, 0x07, 0x7a, 0x20, 0x07, 0x75, 0x60, 0x07, 0x7a, 0x20, 0x07, 0x75, 0x60,
    0x07, 0x6d, 0x60, 0x0f, 0x75, 0x10, 0x07, 0x72, 0xa0, 0x07, 0x75, 0x10, 0x07, 0x72, 0xa0, 0x07,
    0x75, 0x10, 0x07, 0x72, 0xd0, 0x06, 0xf6, 0x10, 0x07, 0x70, 0x20, 0x07, 0x74, 0xa0, 0x07, 0x71,
    0x00, 0x07, 0x72, 0x40, 0x07, 0x7a, 0x10, 0x07, 0x70, 0x20, 0x07, 0x74, 0xd0, 0x06, 0xee, 0x80,
    0x07, 0x7a, 0x10, 0x07, 0x76, 0xa0, 0x07, 0x73, 0x20, 0x07, 0x4a, 0x0f, 0x08, 0x11, 0x12, 0x42,
    0x86, 0x8c, 0x14, 0x11, 0x01, 0x34, 0x42, 0x18, 0xb6, 0x1b, 0x08, 0xc1, 0x19, 0x88, 0x1f, 0x98,
    0x26, 0xa2, 0x99, 0x10, 0xa7, 0xf9, 0x19, 0x62, 0x02, 0x96, 0x5f, 0x21, 0xa2, 0x86, 0x58, 0x76,
    0x48, 0xc0, 0x6f, 0x04, 0x0e, 0x1f, 0x0c, 0x03, 0x00, 0x00, 0x01, 0x00, 0x00, 0x40, 0xf0, 0x1b,
    0xc0, 0x0e, 0xe9, 0x37, 0xc0, 0x83, 0x70, 0xfa, 0x60, 0x10, 0x00, 0x00, 0x08, 0x00, 0x00, 0x00,
    0x82, 0xdf, 0x00, 0x76, 0x48, 0x7f, 0x13, 0x1e, 0x86, 0xe3, 0x07, 0x83, 0x00, 0x00, 0x40, 0x00,
    0x00, 0x00, 0x10, 0xfc, 0x06, 0xb0, 0x43, 0x02, 0xab, 0xdd, 0x40, 0x9c, 0x3f, 0x18, 0x06, 0x00,
    0x00, 0x02, 0x00, 0x00, 0x80, 0xe0, 0x37, 0x80, 0x1d, 0xd2, 0xbe, 0xe5, 0x06, 0xe0, 0xec, 0xc1,
    0x30, 0x00, 0x00, 0x10, 0x00, 0x00, 0x00, 0x04, 0xbf, 0x01, 0xec, 0x90, 0x68, 0x31, 0xf0, 0x8d,
    0xc5, 0x01, 0x85, 0x61, 0x00, 0x00, 0x20, 0x00, 0x00, 0x00, 0x08, 0x7e, 0x03, 0xd8, 0x21, 0xc9,
    0x69, 0x50, 0x1b, 0x8d, 0x13, 0x0a, 0xc3, 0x00, 0x00, 0x40, 0x00, 0x00, 0x00, 0x10, 0xfc, 0x06,
    0xb0, 0x43, 0x3a, 0xe1, 0x00, 0x37, 0x1a, 0x27, 0x14, 0x86, 0x01, 0x00, 0x80, 0x00, 0x00, 0x00,
    0x20, 0xf8, 0x0d, 0x60, 0x87, 0xf4, 0xdb, 0x41, 0x78, 0x18, 0x8e, 0x1f, 0x0c, 0x02, 0x00, 0x00,
    0x01, 0x00, 0x00, 0x40, 0xf0, 0x1b, 0xc0, 0x0e, 0x09, 0xf4, 0x03, 0xdf, 0x40, 0x9c, 0x3f, 0x18,
    0x06, 0x00, 0x00, 0x02, 0x00, 0x00, 0x80, 0xe0, 0x37, 0x80, 0x1d, 0x92, 0x4f, 0x0a, 0xbe, 0xd1,
    0x38, 0xa1, 0x30, 0x0c, 0x00, 0x00, 0x04, 0x00, 0x00, 0x00, 0xc1, 0x6f, 0x00, 0x3b, 0x24, 0x7e,
    0x15, 0x7c, 0xe3, 0x71, 0x44, 0x61, 0x18, 0x00, 0x00, 0x08, 0x00, 0x00, 0x00, 0x82, 0xdf, 0x00,
    0x76, 0x48, 0xba, 0x2c, 0x88, 0x47, 0xe3, 0x84, 0xc2, 0x30, 0x00, 0x00, 0x10, 0x00, 0x00, 0x00,
    0x04, 0xbf, 0x01, 0xec, 0x90, 0xf8, 0x5c, 0xa8, 0x8d, 0xc6, 0x09, 0x85, 0x61, 0x00, 0x00, 0x20,
    0x00, 0x00, 0x00, 0x08, 0x7e, 0x03, 0x18, 0x52, 0xc5, 0xe0, 0xd0, 0x69, 0x00, 0x00, 0x04, 0x00,
    0x00, 0x00, 0x02, 0x00, 0x00, 0x00, 0x00, 0x00, 0xbf, 0x01, 0x0c, 0xa9, 0xdc, 0x70, 0xb0, 0x3c,
    0x20, 0x00, 0x04, 0x00, 0x00, 0x00, 0x00, 0x00, 0x00, 0x00, 0x00, 0x80, 0xdf, 0x00, 0x86, 0x54,
    0xa4, 0x38, 0x58, 0x60, 0x00, 0x04, 0xc0, 0x00, 0x00, 0x00, 0x20, 0x00, 0x00, 0x00, 0x00, 0x00,
    0xf0, 0x1b, 0xc0, 0x90, 0x4a, 0x17, 0x07, 0x47, 0x0c, 0x80, 0x00, 0x20, 0x00, 0x00, 0x00, 0x04,
    0x00, 0x00, 0x00, 0x00, 0x00, 0x7e, 0x03, 0x18, 0x52, 0xa1, 0xe3, 0x00, 0x91, 0x01, 0x10, 0x00,
    0x03, 0x00, 0x00, 0x80, 0x00, 0x00, 0x00, 0x00, 0x00, 0xc0, 0x6f, 0x00, 0x43, 0x2a, 0x7c, 0x1c,
    0xa8, 0x33, 0x00, 0x02, 0xa0, 0x00, 0x00, 0x00, 0x00, 0x00, 0x00, 0x00, 0x00, 0x00, 0xf8, 0x0d,
    0x60, 0x48, 0xc5, 0x92, 0x03, 0xe6, 0x01, 0x01, 0x20, 0x00, 0x00, 0x00, 0x00, 0x00, 0x00, 0x00,
    0x00, 0x00, 0xfc, 0x06, 0x30, 0xa4, 0x22, 0xcb, 0x21, 0x4a, 0x03, 0x20, 0x00, 0x06, 0x00, 0x00,
    0x00, 0x01, 0x00, 0x00, 0x00, 0x00, 0x80, 0xdf, 0x00, 0x86, 0x54, 0x75, 0x39, 0x40, 0x64, 0x00,
    0x04, 0xc0, 0x00, 0x00, 0x00, 0x20, 0x00, 0x00, 0x00, 0x00, 0x00, 0xf0, 0x1b, 0x80, 0xc4, 0x06,
    0x81, 0xc2, 0x0f, 0x10, 0x00, 0x00, 0x59, 0x20, 0x00, 0x00, 0x00, 0x1a, 0x00, 0x00, 0x00, 0x32,
    0x1e, 0x98, 0x1c, 0x19, 0x11, 0x4c, 0x90, 0x8c, 0x09, 0x26, 0x47, 0xc6, 0x04, 0x43, 0xb2, 0x8a,
    0xa0, 0x04, 0x0a, 0xa1, 0x1c, 0xca, 0xa7, 0x00, 0x05, 0x0a, 0xa2, 0x40, 0x46, 0x00, 0xca, 0xa0,
    0x14, 0x8a, 0xa1, 0x24, 0x8a, 0xa2, 0x2c, 0x0a, 0xa3, 0x34, 0x8a, 0xa3, 0x3c, 0x4a, 0xa4, 0x48,
    0xca, 0xa4, 0x50, 0x4a, 0xa5, 0x58, 0xca, 0xa5, 0x60, 0x4a, 0xa6, 0x68, 0xca, 0xa6, 0x70, 0x4a,
    0xa7, 0x78, 0x0a, 0x88, 0xb8, 0x11, 0x00, 0x02, 0x66, 0x00, 0x28, 0x98, 0x01, 0x20, 0x62, 0x06,
    0x80, 0x8c, 0x19, 0x00, 0x42, 0x66, 0x00, 0x68, 0x99, 0x01, 0xa0, 0x66, 0x06, 0x80, 0x9e, 0x19,
    0x00, 0x62, 0xc7, 0x12, 0x1e, 0x01, 0x00, 0xb1, 0x18, 0x00, 0x00, 0xa5, 0x00, 0x00, 0x00, 0x33,
    0x08, 0x80, 0x1c, 0xc4, 0xe1, 0x1c, 0x66, 0x14, 0x01, 0x3d, 0x88, 0x43, 0x38, 0x84, 0xc3, 0x8c,
    0x42, 0x80, 0x07, 0x79, 0x78, 0x07, 0x73, 0x98, 0x71, 0x0c, 0xe6, 0x00, 0x0f, 0xed, 0x10, 0x0e,
    0xf4, 0x80, 0x0e, 0x33, 0x0c, 0x42, 0x1e, 0xc2, 0xc1, 0x1d, 0xce, 0xa1, 0x1c, 0x66, 0x30, 0x05,
    0x3d, 0x88, 0x43, 0x38, 0x84, 0x83, 0x1b, 0xcc, 0x03, 0x3d, 0xc8, 0x43, 0x3d, 0x8c, 0x03, 0x3d,
    0xcc, 0x78, 0x8c, 0x74, 0x70, 0x07, 0x7b, 0x08, 0x07, 0x79, 0x48, 0x87, 0x70, 0x70, 0x07, 0x7a,
    0x70, 0x03, 0x76, 0x78, 0x87, 0x70, 0x20, 0x87, 0x19, 0xcc, 0x11, 0x0e, 0xec, 0x90, 0x0e, 0xe1,
    0x30, 0x0f, 0x6e, 0x30, 0x0f, 0xe3, 0xf0, 0x0e, 0xf0, 0x50, 0x0e, 0x33, 0x10, 0xc4, 0x1d, 0xde,
    0x21, 0x1c, 0xd8, 0x21, 0x1d, 0xc2, 0x61, 0x1e, 0x66, 0x30, 0x89, 0x3b, 0xbc, 0x83, 0x3b, 0xd0,
    0x43, 0x39, 0xb4, 0x03, 0x3c, 0xbc, 0x83, 0x3c, 0x84, 0x03, 0x3b, 0xcc, 0xf0, 0x14, 0x76, 0x60,
    0x07, 0x7b, 0x68, 0x07, 0x37, 0x68, 0x87, 0x72, 0x68, 0x07, 0x37, 0x80, 0x87, 0x70, 0x90, 0x87,
    0x70, 0x60, 0x07, 0x76, 0x28, 0x07, 0x76, 0xf8, 0x05, 0x76, 0x78, 0x87, 0x77, 0x80, 0x87, 0x5f,
    0x08, 0x87, 0x71, 0x18, 0x87, 0x72, 0x98, 0x87, 0x79, 0x98, 0x81, 0x2c, 0xee, 0xf0, 0x0e, 0xee,
    0xe0, 0x0e, 0xf5, 0xc0, 0x0e, 0xec, 0x30, 0x03, 0x62, 0xc8, 0xa1, 0x1c, 0xe4, 0xa1, 0x1c, 0xcc,
    0xa1, 0x1c, 0xe4, 0xa1, 0x1c, 0xdc, 0x61, 0x1c, 0xca, 0x21, 0x1c, 0xc4, 0x81, 0x1d, 0xca, 0x61,
    0x06, 0xd6, 0x90, 0x43, 0x39, 0xc8, 0x43, 0x39, 0x98, 0x43, 0x39, 0xc8, 0x43, 0x39, 0xb8, 0xc3,
    0x38, 0x94, 0x43, 0x38, 0x88, 0x03, 0x3b, 0x94, 0xc3, 0x2f, 0xbc, 0x83, 0x3c, 0xfc, 0x82, 0x3b,
    0xd4, 0x03, 0x3b, 0xb0, 0xc3, 0x0c, 0xc7, 0x69, 0x87, 0x70, 0x58, 0x87, 0x72, 0x70, 0x83, 0x74,
    0x68, 0x07, 0x78, 0x60, 0x87, 0x74, 0x18, 0x87, 0x74, 0xa0, 0x87, 0x19, 0xce, 0x53, 0x0f, 0xee,
    0x00, 0x0f, 0xf2, 0x50, 0x0e, 0xe4, 0x90, 0x0e, 0xe3, 0x40, 0x0f, 0xe1, 0x20, 0x0e, 0xec, 0x50,
    0x0e, 0x33, 0x20, 0x28, 0x1d, 0xdc, 0xc1, 0x1e, 0xc2, 0x41, 0x1e, 0xd2, 0x21, 0x1c, 0xdc, 0x81,
    0x1e, 0xdc, 0xe0, 0x1c, 0xe4, 0xe1, 0x1d, 0xea, 0x01, 0x1e, 0x66, 0x18, 0x51, 0x38, 0xb0, 0x43,
    0x3a, 0x9c, 0x83, 0x3b, 0xcc, 0x50, 0x24, 0x76, 0x60, 0x07, 0x7b, 0x68, 0x07, 0x37, 0x60, 0x87,
    0x77, 0x78, 0x07, 0x78, 0x98, 0x51, 0x4c, 0xf4, 0x90, 0x0f, 0xf0, 0x50, 0x0e, 0x33, 0x1e, 0x6a,
    0x1e, 0xca, 0x61, 0x1c, 0xe8, 0x21, 0x1d, 0xde, 0xc1, 0x1d, 0x7e, 0x01, 0x1e, 0xe4, 0xa1, 0x1c,
    0xcc, 0x21, 0x1d, 0xf0, 0x61, 0x06, 0x54, 0x85, 0x83, 0x38, 0xcc, 0xc3, 0x3b, 0xb0, 0x43, 0x3d,
    0xd0, 0x43, 0x39, 0xfc, 0xc2, 0x3c, 0xe4, 0x43, 0x3b, 0x88, 0xc3, 0x3b, 0xb0, 0xc3, 0x8c, 0xc5,
    0x0a, 0x87, 0x79, 0x98, 0x87, 0x77, 0x18, 0x87, 0x74, 0x08, 0x07, 0x7a, 0x28, 0x07, 0x72, 0x98,
    0x81, 0x5c, 0xe3, 0x10, 0x0e, 0xec, 0xc0, 0x0e, 0xe5, 0x50, 0x0e, 0xf3, 0x30, 0x23, 0xc1, 0xd2,
    0x41, 0x1e, 0xe4, 0xe1, 0x17, 0xd8, 0xe1, 0x1d, 0xde, 0x01, 0x1e, 0x66, 0x48, 0x19, 0x3b, 0xb0,
    0x83, 0x3d, 0xb4, 0x83, 0x1b, 0x84, 0xc3, 0x38, 0x8c, 0x43, 0x39, 0xcc, 0xc3, 0x3c, 0xb8, 0xc1,
    0x39, 0xc8, 0xc3, 0x3b, 0xd4, 0x03, 0x3c, 0xcc, 0x48, 0xb4, 0x71, 0x08, 0x07, 0x76, 0x60, 0x07,
    0x71, 0x08, 0x87, 0x71, 0x58, 0x87, 0x19, 0xdb, 0xc6, 0x0e, 0xec, 0x60, 0x0f, 0xed, 0xe0, 0x06,
    0xf0, 0x20, 0x0f, 0xe5, 0x30, 0x0f, 0xe5, 0x20, 0x0f, 0xf6, 0x50, 0x0e, 0x6e, 0x10, 0x0e, 0xe3,
    0x30, 0x0e, 0xe5, 0x30, 0x0f, 0xf3, 0xe0, 0x06, 0xe9, 0xe0, 0x0e, 0xe4, 0x50, 0x0e, 0xf8, 0x30,
    0x23, 0xe2, 0xec, 0x61, 0x1c, 0xc2, 0x81, 0x1d, 0xd8, 0xe1, 0x17, 0xec, 0x21, 0x1d, 0xe6, 0x21,
    0x1d, 0xc4, 0x21, 0x1d, 0xd8, 0x21, 0x1d, 0xe8, 0x21, 0x1f, 0x66, 0x20, 0x9d, 0x3b, 0xbc, 0x43,
    0x3d, 0xb8, 0x03, 0x39, 0x94, 0x83, 0x39, 0xcc, 0x58, 0xbc, 0x70, 0x70, 0x07, 0x77, 0x78, 0x07,
    0x7a, 0x08, 0x07, 0x7a, 0x48, 0x87, 0x77, 0x70, 0x87, 0x19, 0xce, 0x87, 0x0e, 0xe5, 0x10, 0x0e,
    0xf0, 0x10, 0x0e, 0xec, 0xc0, 0x0e, 0xef, 0x30, 0x0e, 0xf3, 0x90, 0x0e, 0xf4, 0x50, 0x0e, 0x33,
    0x28, 0x30, 0x08, 0x87, 0x74, 0x90, 0x07, 0x37, 0x30, 0x87, 0x7a, 0x70, 0x87, 0x71, 0xa0, 0x87,
    0x74, 0x78, 0x07, 0x77, 0xf8, 0x85, 0x73, 0x90, 0x87, 0x77, 0xa8, 0x07, 0x78, 0x98, 0x07, 0x00,
    0x00, 0x00, 0x00, 0x79, 0x20, 0x00, 0x00, 0x10, 0x02, 0x00, 0x00, 0x72, 0x1e, 0x48, 0x20, 0x43,
    0x88, 0x0c, 0x19, 0x09, 0x72, 0x32, 0x48, 0x20, 0x23, 0x81, 0x8c, 0x91, 0x91, 0xd1, 0x44, 0xa0,
    0x10, 0x28, 0x64, 0x3c, 0x31, 0x32, 0x42, 0x8e, 0x90, 0x21, 0xa3, 0x28, 0x0a, 0x78, 0xd0, 0x6e,
    0x00, 0x00, 0x00, 0x8b, 0xd2, 0x58, 0xd8, 0x06, 0x6d, 0x50, 0x1c, 0x14, 0x1b, 0x47, 0x06, 0x8a,
    0x84, 0x44, 0xd1, 0x15, 0x11, 0x4c, 0x40, 0x18, 0xcc, 0x71, 0x24, 0xc9, 0x80, 0x30, 0xce, 0x51,
    0x1c, 0x4f, 0xa2, 0x10, 0x45, 0x10, 0x14, 0xc6, 0x71, 0x20, 0x45, 0x92, 0x24, 0x09, 0xa2, 0x28,
    0x0c, 0x18, 0x10, 0x86, 0x18, 0x0c, 0x1b, 0x02, 0x00, 0x00, 0x00, 0x53, 0x44, 0x4b, 0x20, 0x56,
    0x65, 0x72, 0x73, 0x69, 0x6f, 0x6e, 0x77, 0x63, 0x68, 0x61, 0x72, 0x5f, 0x73, 0x69, 0x7a, 0x65,
    0x66, 0x72, 0x61, 0x6d, 0x65, 0x2d, 0x70, 0x6f, 0x69, 0x6e, 0x74, 0x65, 0x72, 0x61, 0x69, 0x72,
    0x2e, 0x6d, 0x61, 0x78, 0x5f, 0x64, 0x65, 0x76, 0x69, 0x63, 0x65, 0x5f, 0x62, 0x75, 0x66, 0x66,
    0x65, 0x72, 0x73, 0x61, 0x69, 0x72, 0x2e, 0x6d, 0x61, 0x78, 0x5f, 0x63, 0x6f, 0x6e, 0x73, 0x74,
    0x61, 0x6e, 0x74, 0x5f, 0x62, 0x75, 0x66, 0x66, 0x65, 0x72, 0x73, 0x61, 0x69, 0x72, 0x2e, 0x6d,
    0x61, 0x78, 0x5f, 0x74, 0x68, 0x72, 0x65, 0x61, 0x64, 0x67, 0x72, 0x6f, 0x75, 0x70, 0x5f, 0x62,
    0x75, 0x66, 0x66, 0x65, 0x72, 0x73, 0x61, 0x69, 0x72, 0x2e, 0x6d, 0x61, 0x78, 0x5f, 0x74, 0x65,
    0x78, 0x74, 0x75, 0x72, 0x65, 0x73, 0x61, 0x69, 0x72, 0x2e, 0x6d, 0x61, 0x78, 0x5f, 0x72, 0x65,
    0x61, 0x64, 0x5f, 0x77, 0x72, 0x69, 0x74, 0x65, 0x5f, 0x74, 0x65, 0x78, 0x74, 0x75, 0x72, 0x65,
    0x73, 0x61, 0x69, 0x72, 0x2e, 0x6d, 0x61, 0x78, 0x5f, 0x73, 0x61, 0x6d, 0x70, 0x6c, 0x65, 0x72,
    0x73, 0x41, 0x70, 0x70, 0x6c, 0x65, 0x20, 0x6d, 0x65, 0x74, 0x61, 0x6c, 0x20, 0x76, 0x65, 0x72,
    0x73, 0x69, 0x6f, 0x6e, 0x20, 0x33, 0x32, 0x30, 0x32, 0x33, 0x2e, 0x34, 0x30, 0x34, 0x20, 0x28,
    0x6d, 0x65, 0x74, 0x61, 0x6c, 0x66, 0x65, 0x2d, 0x33, 0x32, 0x30, 0x32, 0x33, 0x2e, 0x34, 0x30,
    0x34, 0x29, 0x4d, 0x65, 0x74, 0x61, 0x6c, 0x61, 0x69, 0x72, 0x2e, 0x63, 0x6f, 0x6d, 0x70, 0x69,
    0x6c, 0x65, 0x2e, 0x64, 0x65, 0x6e, 0x6f, 0x72, 0x6d, 0x73, 0x5f, 0x64, 0x69, 0x73, 0x61, 0x62,
    0x6c, 0x65, 0x61, 0x69, 0x72, 0x2e, 0x63, 0x6f, 0x6d, 0x70, 0x69, 0x6c, 0x65, 0x2e, 0x66, 0x61,
    0x73, 0x74, 0x5f, 0x6d, 0x61, 0x74, 0x68, 0x5f, 0x65, 0x6e, 0x61, 0x62, 0x6c, 0x65, 0x61, 0x69,
    0x72, 0x2e, 0x63, 0x6f, 0x6d, 0x70, 0x69, 0x6c, 0x65, 0x2e, 0x66, 0x72, 0x61, 0x6d, 0x65, 0x62,
    0x75, 0x66, 0x66, 0x65, 0x72, 0x5f, 0x66, 0x65, 0x74, 0x63, 0x68, 0x5f, 0x65, 0x6e, 0x61, 0x62,
    0x6c, 0x65, 0x61, 0x69, 0x72, 0x2e, 0x62, 0x75, 0x66, 0x66, 0x65, 0x72, 0x61, 0x69, 0x72, 0x2e,
    0x6c, 0x6f, 0x63, 0x61, 0x74, 0x69, 0x6f, 0x6e, 0x5f, 0x69, 0x6e, 0x64, 0x65, 0x78, 0x61, 0x69,
    0x72, 0x2e, 0x72, 0x65, 0x61, 0x64, 0x61, 0x69, 0x72, 0x2e, 0x61, 0x64, 0x64, 0x72, 0x65, 0x73,
    0x73, 0x5f, 0x73, 0x70, 0x61, 0x63, 0x65, 0x61, 0x69, 0x72, 0x2e, 0x61, 0x72, 0x67, 0x5f, 0x74,
    0x79, 0x70, 0x65, 0x5f, 0x73, 0x69, 0x7a, 0x65, 0x61, 0x69, 0x72, 0x2e, 0x61, 0x72, 0x67, 0x5f,
    0x74, 0x79, 0x70, 0x65, 0x5f, 0x61, 0x6c, 0x69, 0x67, 0x6e, 0x5f, 0x73, 0x69, 0x7a, 0x65, 0x61,
    0x69, 0x72, 0x2e, 0x61, 0x72, 0x67, 0x5f, 0x74, 0x79, 0x70, 0x65, 0x5f, 0x6e, 0x61, 0x6d, 0x65,
    0x68, 0x61, 0x6c, 0x66, 0x61, 0x69, 0x72, 0x2e, 0x61, 0x72, 0x67, 0x5f, 0x6e, 0x61, 0x6d, 0x65,
    0x51, 0x63, 0x68, 0x61, 0x72, 0x55, 0x5f, 0x70, 0x6f, 0x6f, 0x6c, 0x55, 0x5f, 0x73, 0x63, 0x61,
    0x6c, 0x65, 0x5f, 0x70, 0x6f, 0x6f, 0x6c, 0x56, 0x4b, 0x5f, 0x70, 0x6f, 0x6f, 0x6c, 0x56, 0x56,
    0x5f, 0x70, 0x6f, 0x6f, 0x6c, 0x61, 0x6e, 0x63, 0x68, 0x6f, 0x72, 0x73, 0x5f, 0x4b, 0x61, 0x6e,
    0x63, 0x68, 0x6f, 0x72, 0x73, 0x5f, 0x56, 0x69, 0x6e, 0x74, 0x73, 0x65, 0x71, 0x5f, 0x6c, 0x65,
    0x6e, 0x73, 0x73, 0x6c, 0x6f, 0x74, 0x5f, 0x69, 0x6e, 0x64, 0x69, 0x63, 0x65, 0x73, 0x61, 0x69,
    0x72, 0x2e, 0x72, 0x65, 0x61, 0x64, 0x5f, 0x77, 0x72, 0x69, 0x74, 0x65, 0x6f, 0x75, 0x74, 0x5f,
    0x62, 0x75, 0x66, 0x66, 0x6c, 0x6f, 0x61, 0x74, 0x6c, 0x73, 0x65, 0x5f, 0x62, 0x75, 0x66, 0x61,
    0x69, 0x72, 0x2e, 0x62, 0x75, 0x66, 0x66, 0x65, 0x72, 0x5f, 0x73, 0x69, 0x7a, 0x65, 0x6e, 0x5f,
    0x71, 0x5f, 0x68, 0x65, 0x61, 0x64, 0x73, 0x6e, 0x5f, 0x6b, 0x76, 0x5f, 0x68, 0x65, 0x61, 0x64,
    0x73, 0x72, 0x61, 0x6e, 0x6b, 0x53, 0x5f, 0x6d, 0x61, 0x78, 0x4b, 0x44, 0x73, 0x63, 0x61, 0x6c,
    0x65, 0x73, 0x63, 0x61, 0x6c, 0x65, 0x73, 0x63, 0x6f, 0x73, 0x5f, 0x61, 0x6e, 0x63, 0x73, 0x69,
    0x6e, 0x5f, 0x61, 0x6e, 0x63, 0x68, 0x61, 0x73, 0x5f, 0x72, 0x6f, 0x70, 0x65, 0x73, 0x68, 0x6f,
    0x72, 0x74, 0x72, 0x65, 0x73, 0x5f, 0x70, 0x6f, 0x73, 0x5f, 0x4b, 0x72, 0x65, 0x73, 0x5f, 0x76,
    0x61, 0x6c, 0x5f, 0x4b, 0x72, 0x65, 0x73, 0x5f, 0x70, 0x6f, 0x73, 0x5f, 0x56, 0x72, 0x65, 0x73,
    0x5f, 0x76, 0x61, 0x6c, 0x5f, 0x56, 0x66, 0x61, 0x63, 0x74, 0x5f, 0x70, 0x6f, 0x73, 0x66, 0x61,
    0x63, 0x74, 0x5f, 0x76, 0x61, 0x6c, 0x5f, 0x4b, 0x66, 0x61, 0x63, 0x74, 0x5f, 0x76, 0x61, 0x6c,
    0x5f, 0x56, 0x6d, 0x61, 0x78, 0x5f, 0x72, 0x65, 0x73, 0x69, 0x64, 0x75, 0x61, 0x6c, 0x61, 0x69,
    0x72, 0x2e, 0x74, 0x68, 0x72, 0x65, 0x61, 0x64, 0x67, 0x72, 0x6f, 0x75, 0x70, 0x5f, 0x70, 0x6f,
    0x73, 0x69, 0x74, 0x69, 0x6f, 0x6e, 0x5f, 0x69, 0x6e, 0x5f, 0x67, 0x72, 0x69, 0x64, 0x75, 0x69,
    0x6e, 0x74, 0x74, 0x67, 0x5f, 0x69, 0x64, 0x78, 0x61, 0x69, 0x72, 0x2e, 0x74, 0x68, 0x72, 0x65,
    0x61, 0x64, 0x5f, 0x70, 0x6f, 0x73, 0x69, 0x74, 0x69, 0x6f, 0x6e, 0x5f, 0x69, 0x6e, 0x5f, 0x74,
    0x68, 0x72, 0x65, 0x61, 0x64, 0x67, 0x72, 0x6f, 0x75, 0x70, 0x74, 0x69, 0x64, 0x61, 0x69, 0x72,
    0x2e, 0x74, 0x68, 0x72, 0x65, 0x61, 0x64, 0x73, 0x5f, 0x70, 0x65, 0x72, 0x5f, 0x74, 0x68, 0x72,
    0x65, 0x61, 0x64, 0x67, 0x72, 0x6f, 0x75, 0x70, 0x74, 0x5f, 0x70, 0x65, 0x72, 0x5f, 0x74, 0x67,
    0x00, 0x00, 0x00, 0xc6, 0xce, 0x01, 0x00, 0x00, 0x00, 0x00, 0x00, 0x30, 0x82, 0x60, 0x5d, 0x23,
    0x08, 0x6c, 0x20, 0x0a, 0x23, 0x08, 0x16, 0x36, 0x82, 0x60, 0x65, 0x23, 0x08, 0x96, 0x36, 0x82,
    0x60, 0x6d, 0x23, 0x08, 0x16, 0x37, 0x82, 0x60, 0x75, 0x23, 0x08, 0x96, 0x37, 0x82, 0x60, 0x7d,
    0x23, 0x08, 0x16, 0x18, 0x8c, 0x20, 0x6c, 0xce, 0x08, 0x82, 0x15, 0x06, 0x23, 0x08, 0x96, 0x18,
    0x8c, 0x20, 0x58, 0x63, 0x30, 0x82, 0x60, 0x91, 0xc1, 0x08, 0x82, 0x55, 0x06, 0x23, 0x08, 0x96,
    0x19, 0x8c, 0x20, 0x58, 0x67, 0x30, 0x82, 0x60, 0xa1, 0xc1, 0x08, 0x82, 0x95, 0x06, 0x23, 0x08,
    0x96, 0x1a, 0x8c, 0x20, 0x58, 0x6b, 0x30, 0x82, 0x60, 0xb1, 0xc1, 0x08, 0x82, 0xd5, 0x06, 0x23,
    0x08, 0x96, 0x1b, 0x8c, 0x20, 0x58, 0x6f, 0x30, 0x82, 0x60, 0xc1, 0xc1, 0x08, 0x82, 0x15, 0x07,
    0x23, 0x08, 0x96, 0x1c, 0x8c, 0x20, 0x58, 0x73, 0x30, 0x82, 0x60, 0xd1, 0xc1, 0x08, 0x82, 0x55,
    0x07, 0x23, 0x08, 0x96, 0x1d, 0x8c, 0x20, 0x58, 0x77, 0x30, 0x82, 0x60, 0xe1, 0xc1, 0x0c, 0xc3,
    0x28, 0x04, 0xa4, 0x30, 0xc3, 0x50, 0x0a, 0x82, 0x29, 0xcc, 0x30, 0x9c, 0xc2, 0x30, 0x0a, 0x33,
    0x0c, 0xa7, 0x40, 0xa0, 0xc2, 0x0c, 0xc3, 0x29, 0x14, 0xa8, 0x30, 0xc3, 0x70, 0x0a, 0x06, 0x2a,
    0xcc, 0x30, 0x9c, 0xc2, 0x91, 0x0a, 0x33, 0x0c, 0xa7, 0x80, 0xa8, 0xc2, 0x0c, 0xc3, 0x29, 0x24,
    0xab, 0x30, 0x43, 0xa0, 0xcc, 0x30, 0x8c, 0xc2, 0x29, 0xb0, 0xc2, 0x0c, 0xc4, 0xd2, 0x0a, 0xa3,
    0xc0, 0x0a, 0x33, 0x04, 0xcc, 0x0c, 0x41, 0x33, 0x43, 0xe0, 0xcc, 0x00, 0xcc, 0x00, 0xb1, 0xc2,
    0x03, 0xb1, 0x42, 0x29, 0x44, 0x52, 0x29, 0x4c, 0xa3, 0x40, 0x8d, 0x42, 0x65, 0x5d, 0xd8, 0x0c,
    0x50, 0x29, 0x3c, 0x50, 0x29, 0x94, 0x42, 0x24, 0x95, 0xc2, 0x54, 0x0a, 0x54, 0x29, 0x54, 0xd9,
    0xa5, 0xcd, 0x00, 0x8d, 0xc2, 0x03, 0x8d, 0x42, 0x29, 0x44, 0x52, 0x29, 0x4c, 0xa3, 0x40, 0x8d,
    0x42, 0x65, 0x5d, 0xdb, 0x0c, 0x50, 0x2b, 0x3c, 0x50, 0x2b, 0x94, 0x42, 0x24, 0x95, 0xc2, 0x34,
    0x0a, 0xd4, 0x28, 0x54, 0xd6, 0xc5, 0xcd, 0x00, 0x99, 0xc2, 0x03, 0x99, 0x42, 0x29, 0x44, 0x52,
    0x29, 0x4c, 0xa3, 0x40, 0x8d, 0x42, 0x65, 0x5d, 0xdd, 0x0c, 0xd0, 0x2b, 0x3c, 0xd0, 0x2b, 0x94,
    0x42, 0x24, 0x95, 0xc2, 0x34, 0x0a, 0xd4, 0x28, 0x54, 0xd6, 0xe5, 0xcd, 0x00, 0xc1, 0xc2, 0x03,
    0xc1, 0x42, 0x29, 0x44, 0x52, 0x29, 0x4c, 0xa3, 0x40, 0x8d, 0x42, 0x65, 0x5d, 0xdf, 0x0c, 0xd0,
    0x29, 0x3c, 0xd0, 0x29, 0x94, 0x42, 0x24, 0x95, 0xc2, 0x64, 0x0a, 0x94, 0x29, 0x54, 0x60, 0x70,
    0x85, 0xc1, 0x0c, 0x90, 0x2a, 0x3c, 0x90, 0x2a, 0x94, 0x42, 0x24, 0x95, 0xc2, 0x64, 0x0a, 0x94,
    0x29, 0x54, 0x60, 0x70, 0x89, 0xc1, 0x0c, 0x50, 0x2c, 0x3c, 0x50, 0x2c, 0x94, 0xc2, 0x18, 0x48,
    0xa5, 0x30, 0x8d, 0x02, 0x35, 0x0a, 0x95, 0x75, 0x91, 0xc1, 0x0c, 0x90, 0x2c, 0x3c, 0x90, 0x2c,
    0x94, 0xc2, 0x18, 0x48, 0xa5, 0x30, 0x99, 0x02, 0x65, 0x0a, 0x55, 0x19, 0x5c, 0x66, 0x30, 0x83,
    0x34, 0x0b, 0xcf, 0x19, 0x98, 0x02, 0x34, 0x0b, 0xa5, 0x10, 0x49, 0xa5, 0x30, 0x99, 0x02, 0x65,
    0x0a, 0x15, 0x18, 0x5c, 0x68, 0x30, 0x83, 0x44, 0x0b, 0xcf, 0x19, 0x98, 0x02, 0x44, 0x0b, 0xa5,
    0x10, 0x49, 0xa5, 0x30, 0x99, 0x02, 0x65, 0x0a, 0x15, 0x18, 0x5c, 0x69, 0x30, 0x83, 0x54, 0x0b,
    0xcf, 0x19, 0x98, 0x02, 0x54, 0x0b, 0xa5, 0x10, 0x49, 0xa5, 0x30, 0x99, 0x02, 0x65, 0x0a, 0x15,
    0x18, 0x5c, 0x6a, 0x30, 0x83, 0x64, 0x0b, 0xcf, 0x19, 0x98, 0x02, 0x64, 0x0b, 0xa5, 0x10, 0x49,
    0xa5, 0x30, 0x99, 0x02, 0x65, 0x0a, 0x15, 0x18, 0x5c, 0x6b, 0x30, 0x83, 0x74, 0x0b, 0xcf, 0x19,
    0x98, 0x02, 0x74, 0x0b, 0xa5, 0x10, 0x49, 0xa5, 0x30, 0x99, 0x02, 0x65, 0x0a, 0x15, 0x18, 0x5c,
    0x6c, 0x30, 0x83, 0xb4, 0x0a, 0xcf, 0x19, 0x98, 0x02, 0xb4, 0x0a, 0xa5, 0x10, 0x49, 0xa5, 0x30,
    0x99, 0x02, 0x65, 0x0a, 0x15, 0x18, 0x5c, 0x6d, 0x30, 0x83, 0x84, 0x0b, 0xcf, 0x19, 0x98, 0x02,
    0x84, 0x0b, 0xa5, 0x10, 0x49, 0xa5, 0x30, 0x99, 0x02, 0x65, 0x0a, 0x55, 0x19, 0x5c, 0x6e, 0x30,
    0x03, 0x94, 0x0b, 0x0f, 0x94, 0x0b, 0xa5, 0x10, 0x49, 0xa5, 0x30, 0x8d, 0x02, 0x35, 0x0a, 0x95,
    0x75, 0xbd, 0xc1, 0x0c, 0x90, 0x2e, 0x3c, 0x90, 0x2e, 0x94, 0x42, 0x24, 0x95, 0xc2, 0x64, 0x0a,
    0x94, 0x29, 0x54, 0x65, 0x70, 0xc1, 0xc1, 0x0c, 0xd0, 0x2e, 0x3c, 0xd0, 0x2e, 0x94, 0x42, 0x24,
    0x95, 0xc2, 0x64, 0x0a, 0x94, 0x29, 0x54, 0x65, 0x70, 0xc5, 0xc1, 0x0c, 0x12, 0x2f, 0x3c, 0x67,
    0x60, 0x0a, 0x10, 0x2f, 0x94, 0x42, 0x24, 0x95, 0xc2, 0x64, 0x0a, 0x94, 0x29, 0x54, 0x60, 0x70,
    0xc9, 0xc1, 0x0c, 0x50, 0x2f, 0x3c, 0x50, 0x2f, 0x94, 0x42, 0x24, 0x95, 0xc2, 0x34, 0x0a, 0xd4,
    0x28, 0x54, 0x73, 0x70, 0xd1, 0xc1, 0x0c, 0x90, 0x2f, 0x3c, 0x90, 0x2f, 0x94, 0x42, 0x24, 0x95,
    0xc2, 0x34, 0x0a, 0xd4, 0x28, 0x54, 0xd6, 0x55, 0x07, 0x33, 0x40, 0xbf, 0xf0, 0x40, 0xbf, 0x50,
    0x0a, 0x91, 0x54, 0x0a, 0xd3, 0x28, 0x50, 0xa3, 0x50, 0xcd, 0xc1, 0x65, 0x07, 0x33, 0x40, 0xe0,
    0xf0, 0x40, 0xe0, 0x50, 0x0a, 0x91, 0x54, 0x0a, 0xd3, 0x28, 0x50, 0xa3, 0x50, 0x59, 0xd7, 0x1d,
    0xcc, 0x00, 0x85, 0xc3, 0x03, 0x85, 0x43, 0x29, 0x44, 0x52, 0x29, 0x4c, 0xa3, 0x40, 0x8d, 0x42,
    0x35, 0x07, 0x17, 0x1e, 0xcc, 0x00, 0x89, 0xc3, 0x03, 0x89, 0x43, 0x29, 0x44, 0x52, 0x29, 0x4c,
    0xa3, 0x40, 0x8d, 0x42, 0x65, 0x5d, 0x79, 0x30, 0x03, 0x34, 0x0e, 0x0f, 0x34, 0x0e, 0xa5, 0x10,
    0x49, 0xa5, 0x30, 0x8d, 0x02, 0x35, 0x0a, 0x95, 0x75, 0xe9, 0xc1, 0x0c, 0x12, 0x39, 0x3c, 0x67,
    0x60, 0x0a, 0x10, 0x39, 0x94, 0x42, 0x24, 0x95, 0xc2, 0x64, 0x0a, 0x94, 0x29, 0x54, 0x60, 0x70,
    0xed, 0xc1, 0x0c, 0x46, 0x39, 0xf0, 0x41, 0xd5, 0x07, 0x97, 0x1f, 0xcc, 0x60, 0xa0, 0xc2, 0x1f,
    0x54, 0x7d, 0x70, 0x81, 0xc2, 0x0c, 0x86, 0x39, 0x84, 0x42, 0xd5, 0x07, 0x97, 0x28, 0xcc, 0x10,
    0x06, 0xf7, 0x80, 0x0f, 0xf9, 0xa0, 0x0f, 0xfb, 0xc0, 0x0f, 0xfd, 0xe0, 0x0f, 0xff, 0x00, 0x12,
    0x21, 0x21, 0x12, 0x23, 0x41, 0x12, 0x25, 0x61, 0x12, 0x27, 0x81, 0x12, 0x29, 0xa1, 0x12, 0x2b,
    0xc1, 0x12, 0x2d, 0xe1, 0x12, 0x2f, 0x01, 0x13, 0x31, 0x21, 0x13, 0x33, 0x41, 0x13, 0x35, 0x61,
    0x13, 0x37, 0x31, 0xc3, 0xe0, 0x0a, 0xf6, 0x80, 0x13, 0x77, 0x0b, 0x00, 0x87, 0x06, 0x1c, 0xc7,
    0x71, 0x1c, 0xc7, 0x71, 0x62, 0xc0, 0x89, 0x81, 0x18, 0x88, 0x81, 0x18, 0x88, 0x81, 0x18, 0x88,
    0x81, 0x18, 0x88, 0x81, 0x18, 0x88, 0x81, 0x18, 0x88, 0x81, 0x18, 0x88, 0x81, 0x18, 0x88, 0x81,
    0x18, 0x88, 0x81, 0x18, 0x88, 0x81, 0x18, 0x88, 0x81, 0x18, 0xb8, 0x81, 0x1b, 0xb8, 0x81, 0x1b,
    0xb8, 0x81, 0x1b, 0xb8, 0x81, 0x1b, 0xb8, 0x81, 0x45, 0x07, 0x7a, 0x60, 0x59, 0x16, 0x44, 0x13,
    0x34, 0x41, 0x13, 0x34, 0x41, 0x13, 0x34, 0x41, 0x13, 0x60, 0x01, 0x16, 0x60, 0x61, 0x16, 0x78,
    0x81, 0x17, 0x78, 0x81, 0x17, 0x78, 0x81, 0x17, 0x78, 0xa1, 0x13, 0x60, 0x01, 0x16, 0x78, 0x01,
    0x16, 0x3a, 0x01, 0x16, 0x3a, 0x01, 0x16, 0x3a, 0xa1, 0x13, 0x78, 0xc1, 0x0a, 0xac, 0xc0, 0x0a,
    0x62, 0x23, 0x23, 0x81, 0x09, 0xca, 0x88, 0x8d, 0xcd, 0xae, 0xcd, 0xa5, 0xed, 0x8d, 0xac, 0x8e,
    0xad, 0xcc, 0xc5, 0x8c, 0x2d, 0xec, 0x6c, 0x6e, 0x94, 0xc4, 0x1c, 0xce, 0x01, 0x1d, 0xd2, 0x41,
    0x1d, 0xd6, 0x81, 0x1d, 0xda, 0xc1, 0x1d, 0x52, 0x61, 0x63, 0xb3, 0x6b, 0x73, 0x49, 0x23, 0x2b,
    0x73, 0xa3, 0x1b, 0x25, 0x78, 0x87, 0x5c, 0xc2, 0xd2, 0xe4, 0x5c, 0xec, 0xca, 0xe4, 0xe6, 0xd2,
    0xde, 0xdc, 0x46, 0x09, 0xe0, 0x21, 0xa9, 0xb0, 0x34, 0x39, 0x17, 0xb6, 0x30, 0xb7, 0xb3, 0xba,
    0xb0, 0xb3, 0xb2, 0x2f, 0xbb, 0x32, 0xb9, 0xb9, 0xb4, 0x37, 0xb7, 0x51, 0x82, 0x78, 0xc8, 0x29,
    0x2c, 0x4d, 0xce, 0x65, 0xec, 0xad, 0x0d, 0x2e, 0x8d, 0xad, 0xec, 0xeb, 0x0d, 0x8e, 0x2e, 0xed,
    0xcd, 0x6d, 0x6e, 0x94, 0x41, 0x1e, 0xe6, 0x81, 0x1e, 0x52, 0x09, 0x4b, 0x93, 0x73, 0x59, 0x2b,
    0x93, 0x73, 0x2b, 0x63, 0x1b, 0x25, 0xc0, 0x09, 0x00, 0x00, 0x00, 0xa9, 0x18, 0x00, 0x00, 0x25,
    0x00, 0x00, 0x00, 0x0b, 0x0a, 0x72, 0x28, 0x87, 0x77, 0x80, 0x07, 0x7a, 0x58, 0x70, 0x98, 0x43,
    0x3d, 0xb8, 0xc3, 0x38, 0xb0, 0x43, 0x39, 0xd0, 0xc3, 0x82, 0xe6, 0x1c, 0xc6, 0xa1, 0x0d, 0xe8,
    0x41, 0x1e, 0xc2, 0xc1, 0x1d, 0xe6, 0x21, 0x1d, 0xe8, 0x21, 0x1d, 0xde, 0xc1, 0x1d, 0x16, 0x34,
    0xe3, 0x60, 0x0e, 0xe7, 0x50, 0x0f, 0xe1, 0x20, 0x0f, 0xe4, 0x40, 0x0f, 0xe1, 0x20, 0x0f, 0xe7,
    0x50, 0x0e, 0xf4, 0xb0, 0x80, 0x81, 0x07, 0x79, 0x28, 0x87, 0x70, 0x60, 0x07, 0x76, 0x78, 0x87,
    0x71, 0x08, 0x07, 0x7a, 0x28, 0x07, 0x72, 0x58, 0x70, 0x9c, 0xc3, 0x38, 0xb4, 0x01, 0x3b, 0xa4,
    0x83, 0x3d, 0x94, 0xc3, 0x02, 0x6b, 0x1c, 0xd8, 0x21, 0x1c, 0xdc, 0xe1, 0x1c, 0xdc, 0x20, 0x1c,
    0xe4, 0x61, 0x1c, 0xdc, 0x20, 0x1c, 0xe8, 0x81, 0x1e, 0xc2, 0x61, 0x1c, 0xd0, 0xa1, 0x1c, 0xc8,
    0x61, 0x1c, 0xc2, 0x81, 0x1d, 0xd8, 0x61, 0xc1, 0x01, 0x0f, 0xf4, 0x20, 0x0f, 0xe1, 0x50, 0x0f,
    0xf4, 0x80, 0x0e, 0x00, 0x00, 0x00, 0x00, 0xd1, 0x10, 0x00, 0x00, 0x06, 0x00, 0x00, 0x00, 0x07,
    0xcc, 0x3c, 0xa4, 0x83, 0x3b, 0x9c, 0x03, 0x3b, 0x94, 0x03, 0x3d, 0xa0, 0x83, 0x3c, 0x94, 0x43,
    0x38, 0x90, 0xc3, 0x01, 0x00, 0x00, 0x00, 0x61, 0x20, 0x00, 0x00, 0x11, 0x0a, 0x00, 0x00, 0x13,
    0x04, 0x70, 0x11, 0x0b, 0x04, 0x00, 0x00, 0x12, 0x00, 0x00, 0x00, 0x34, 0xd4, 0x40, 0x01, 0x12,
    0x10, 0x35, 0x02, 0x40, 0x56, 0x01, 0x06, 0x14, 0x20, 0x01, 0x71, 0x05, 0x88, 0x50, 0x80, 0x02,
    0x64, 0x8e, 0x00, 0xd4, 0x00, 0x01, 0x23, 0x00, 0x63, 0x04, 0xaa, 0xcd, 0xcf, 0x34, 0x3e, 0x8c,
    0x11, 0x80, 0x20, 0x08, 0xe2, 0xdf, 0x18, 0xc1, 0x2f, 0xf2, 0x32, 0x8a, 0x91, 0x32, 0xd4, 0xd1,
    0x38, 0x06, 0x97, 0x07, 0x5c, 0x1e, 0x0c, 0x75, 0x34, 0x4e, 0xc3, 0xe5, 0x01, 0x97, 0x07, 0x00,
    0x00, 0x00, 0x00, 0xf1, 0x30, 0x00, 0x00, 0xad, 0x02, 0x00, 0x00, 0x22, 0x47, 0xc8, 0x90, 0x51,
    0x8a, 0x01, 0x77, 0x66, 0x00, 0x00, 0x00, 0xcf, 0xf3, 0x06, 0xd7, 0x75, 0x5d, 0xd7, 0x75, 0x5d,
    0xd7, 0x75, 0x5d, 0xd7, 0x75, 0x5d, 0xd7, 0x75, 0x5d, 0x96, 0x65, 0x59, 0x96, 0x65, 0x59, 0x96,
    0x65, 0x01, 0x00, 0x6f, 0x6d, 0x6e, 0x69, 0x70, 0x6f, 0x74, 0x65, 0x6e, 0x74, 0x20, 0x63, 0x68,
    0x61, 0x72, 0x53, 0x69, 0x6d, 0x70, 0x6c, 0x65, 0x20, 0x43, 0x2b, 0x2b, 0x20, 0x54, 0x42, 0x41,
    0x41, 0x61, 0x69, 0x72, 0x2d, 0x61, 0x6c, 0x69, 0x61, 0x73, 0x2d, 0x73, 0x63, 0x6f, 0x70, 0x65,
    0x73, 0x28, 0x64, 0x65, 0x63, 0x6f, 0x64, 0x65, 0x5f, 0x61, 0x74, 0x74, 0x65, 0x6e, 0x74, 0x69,
    0x6f, 0x6e, 0x5f, 0x6d, 0x65, 0x74, 0x61, 0x6c, 0x5f, 0x6b, 0x65, 0x72, 0x6e, 0x65, 0x6c, 0x29,
    0x61, 0x69, 0x72, 0x2d, 0x61, 0x6c, 0x69, 0x61, 0x73, 0x2d, 0x73, 0x63, 0x6f, 0x70, 0x65, 0x2d,
    0x61, 0x72, 0x67, 0x28, 0x31, 0x31, 0x29, 0x61, 0x69, 0x72, 0x2d, 0x61, 0x6c, 0x69, 0x61, 0x73,
    0x2d, 0x73, 0x63, 0x6f, 0x70, 0x65, 0x2d, 0x61, 0x72, 0x67, 0x28, 0x32, 0x39, 0x29, 0x61, 0x69,
    0x72, 0x2d, 0x61, 0x6c, 0x69, 0x61, 0x73, 0x2d, 0x73, 0x63, 0x6f, 0x70, 0x65, 0x2d, 0x61, 0x72,
    0x67, 0x28, 0x32, 0x38, 0x29, 0x61, 0x69, 0x72, 0x2d, 0x61, 0x6c, 0x69, 0x61, 0x73, 0x2d, 0x73,
    0x63, 0x6f, 0x70, 0x65, 0x2d, 0x61, 0x72, 0x67, 0x28, 0x32, 0x37, 0x29, 0x61, 0x69, 0x72, 0x2d,
    0x61, 0x6c, 0x69, 0x61, 0x73, 0x2d, 0x73, 0x63, 0x6f, 0x70, 0x65, 0x2d, 0x61, 0x72, 0x67, 0x28,
    0x32, 0x36, 0x29, 0x61, 0x69, 0x72, 0x2d, 0x61, 0x6c, 0x69, 0x61, 0x73, 0x2d, 0x73, 0x63, 0x6f,
    0x70, 0x65, 0x2d, 0x61, 0x72, 0x67, 0x28, 0x32, 0x35, 0x29, 0x61, 0x69, 0x72, 0x2d, 0x61, 0x6c,
    0x69, 0x61, 0x73, 0x2d, 0x73, 0x63, 0x6f, 0x70, 0x65, 0x2d, 0x61, 0x72, 0x67, 0x28, 0x32, 0x34,
    0x29, 0x61, 0x69, 0x72, 0x2d, 0x61, 0x6c, 0x69, 0x61, 0x73, 0x2d, 0x73, 0x63, 0x6f, 0x70, 0x65,
    0x2d, 0x61, 0x72, 0x67, 0x28, 0x32, 0x33, 0x29, 0x61, 0x69, 0x72, 0x2d, 0x61, 0x6c, 0x69, 0x61,
    0x73, 0x2d, 0x73, 0x63, 0x6f, 0x70, 0x65, 0x2d, 0x61, 0x72, 0x67, 0x28, 0x32, 0x32, 0x29, 0x61,
    0x69, 0x72, 0x2d, 0x61, 0x6c, 0x69, 0x61, 0x73, 0x2d, 0x73, 0x63, 0x6f, 0x70, 0x65, 0x2d, 0x61,
    0x72, 0x67, 0x28, 0x32, 0x31, 0x29, 0x61, 0x69, 0x72, 0x2d, 0x61, 0x6c, 0x69, 0x61, 0x73, 0x2d,
    0x73, 0x63, 0x6f, 0x70, 0x65, 0x2d, 0x61, 0x72, 0x67, 0x28, 0x32, 0x30, 0x29, 0x61, 0x69, 0x72,
    0x2d, 0x61, 0x6c, 0x69, 0x61, 0x73, 0x2d, 0x73, 0x63, 0x6f, 0x70, 0x65, 0x2d, 0x61, 0x72, 0x67,
    0x28, 0x31, 0x39, 0x29, 0x61, 0x69, 0x72, 0x2d, 0x61, 0x6c, 0x69, 0x61, 0x73, 0x2d, 0x73, 0x63,
    0x6f, 0x70, 0x65, 0x2d, 0x61, 0x72, 0x67, 0x28, 0x31, 0x38, 0x29, 0x61, 0x69, 0x72, 0x2d, 0x61,
    0x6c, 0x69, 0x61, 0x73, 0x2d, 0x73, 0x63, 0x6f, 0x70, 0x65, 0x2d, 0x61, 0x72, 0x67, 0x28, 0x31,
    0x37, 0x29, 0x61, 0x69, 0x72, 0x2d, 0x61, 0x6c, 0x69, 0x61, 0x73, 0x2d, 0x73, 0x63, 0x6f, 0x70,
    0x65, 0x2d, 0x61, 0x72, 0x67, 0x28, 0x31, 0x36, 0x29, 0x61, 0x69, 0x72, 0x2d, 0x61, 0x6c, 0x69,
    0x61, 0x73, 0x2d, 0x73, 0x63, 0x6f, 0x70, 0x65, 0x2d, 0x61, 0x72, 0x67, 0x28, 0x31, 0x35, 0x29,
    0x61, 0x69, 0x72, 0x2d, 0x61, 0x6c, 0x69, 0x61, 0x73, 0x2d, 0x73, 0x63, 0x6f, 0x70, 0x65, 0x2d,
    0x61, 0x72, 0x67, 0x28, 0x31, 0x34, 0x29, 0x61, 0x69, 0x72, 0x2d, 0x61, 0x6c, 0x69, 0x61, 0x73,
    0x2d, 0x73, 0x63, 0x6f, 0x70, 0x65, 0x2d, 0x61, 0x72, 0x67, 0x28, 0x31, 0x33, 0x29, 0x61, 0x69,
    0x72, 0x2d, 0x61, 0x6c, 0x69, 0x61, 0x73, 0x2d, 0x73, 0x63, 0x6f, 0x70, 0x65, 0x2d, 0x61, 0x72,
    0x67, 0x28, 0x31, 0x32, 0x29, 0x61, 0x69, 0x72, 0x2d, 0x61, 0x6c, 0x69, 0x61, 0x73, 0x2d, 0x73,
    0x63, 0x6f, 0x70, 0x65, 0x2d, 0x61, 0x72, 0x67, 0x28, 0x31, 0x30, 0x29, 0x61, 0x69, 0x72, 0x2d,
    0x61, 0x6c, 0x69, 0x61, 0x73, 0x2d, 0x73, 0x63, 0x6f, 0x70, 0x65, 0x2d, 0x61, 0x72, 0x67, 0x28,
    0x39, 0x29, 0x61, 0x69, 0x72, 0x2d, 0x61, 0x6c, 0x69, 0x61, 0x73, 0x2d, 0x73, 0x63, 0x6f, 0x70,
    0x65, 0x2d, 0x61, 0x72, 0x67, 0x28, 0x38, 0x29, 0x61, 0x69, 0x72, 0x2d, 0x61, 0x6c, 0x69, 0x61,
    0x73, 0x2d, 0x73, 0x63, 0x6f, 0x70, 0x65, 0x2d, 0x61, 0x72, 0x67, 0x28, 0x37, 0x29, 0x61, 0x69,
    0x72, 0x2d, 0x61, 0x6c, 0x69, 0x61, 0x73, 0x2d, 0x73, 0x63, 0x6f, 0x70, 0x65, 0x2d, 0x61, 0x72,
    0x67, 0x28, 0x36, 0x29, 0x61, 0x69, 0x72, 0x2d, 0x61, 0x6c, 0x69, 0x61, 0x73, 0x2d, 0x73, 0x63,
    0x6f, 0x70, 0x65, 0x2d, 0x61, 0x72, 0x67, 0x28, 0x35, 0x29, 0x61, 0x69, 0x72, 0x2d, 0x61, 0x6c,
    0x69, 0x61, 0x73, 0x2d, 0x73, 0x63, 0x6f, 0x70, 0x65, 0x2d, 0x61, 0x72, 0x67, 0x28, 0x34, 0x29,
    0x61, 0x69, 0x72, 0x2d, 0x61, 0x6c, 0x69, 0x61, 0x73, 0x2d, 0x73, 0x63, 0x6f, 0x70, 0x65, 0x2d,
    0x61, 0x72, 0x67, 0x28, 0x33, 0x29, 0x61, 0x69, 0x72, 0x2d, 0x61, 0x6c, 0x69, 0x61, 0x73, 0x2d,
    0x73, 0x63, 0x6f, 0x70, 0x65, 0x2d, 0x61, 0x72, 0x67, 0x28, 0x32, 0x29, 0x61, 0x69, 0x72, 0x2d,
    0x61, 0x6c, 0x69, 0x61, 0x73, 0x2d, 0x73, 0x63, 0x6f, 0x70, 0x65, 0x2d, 0x61, 0x72, 0x67, 0x28,
    0x31, 0x29, 0x61, 0x69, 0x72, 0x2d, 0x61, 0x6c, 0x69, 0x61, 0x73, 0x2d, 0x73, 0x63, 0x6f, 0x70,
    0x65, 0x2d, 0x61, 0x72, 0x67, 0x28, 0x30, 0x29, 0x6c, 0x6c, 0x76, 0x6d, 0x2e, 0x6c, 0x6f, 0x6f,
    0x70, 0x2e, 0x6d, 0x75, 0x73, 0x74, 0x70, 0x72, 0x6f, 0x67, 0x72, 0x65, 0x73, 0x73, 0x00, 0x13,
    0x04, 0x2e, 0x0f, 0x56, 0x08, 0x7d, 0xc1, 0x13, 0x2b, 0x06, 0xbf, 0xe8, 0x8b, 0x9e, 0x58, 0x31,
    0xfc, 0x45, 0x5f, 0xf8, 0xc4, 0x8a, 0x01, 0x34, 0xfa, 0xe2, 0x27, 0x56, 0x0c, 0xa1, 0xd1, 0x17,
    0x60, 0xb1, 0x62, 0x10, 0x8d, 0xbe, 0x08, 0x8b, 0x15, 0xc3, 0x68, 0xf4, 0x85, 0x58, 0xac, 0x18,
    0x48, 0xa3, 0x2f, 0xc6, 0x62, 0xc5, 0x50, 0x1a, 0x7d, 0x41, 0x16, 0x2b, 0x06, 0xd3, 0xe8, 0x8b,
    0xb2, 0x58, 0x31, 0x9c, 0x46, 0x5f, 0x98, 0xc5, 0x8a, 0x01, 0x35, 0xfa, 0xe2, 0x2c, 0x56, 0x0c,
    0xa9, 0xd1, 0x17, 0x68, 0xb1, 0x62, 0x50, 0x8d, 0xbe, 0x48, 0x8b, 0x15, 0xc3, 0x6a, 0xf4, 0x85,
    0x5a, 0xac, 0x18, 0x58, 0xa3, 0x2f, 0xd6, 0x62, 0xc5, 0xd0, 0x1a, 0x7d, 0xc1, 0x16, 0x2b, 0x06,
    0xd7, 0xe8, 0x8b, 0xb6, 0x58, 0x31, 0xbc, 0x46, 0x5f, 0xb8, 0xc5, 0x8a, 0x01, 0x36, 0xfa, 0xe2,
    0x2d, 0x56, 0x0c, 0xb1, 0xd1, 0x17, 0x70, 0xb1, 0x62, 0x90, 0x8d, 0xbe, 0x88, 0x8b, 0x15, 0xc3,
    0x6c, 0xf4, 0x85, 0x5c, 0xac, 0x18, 0x68, 0xa3, 0x2f, 0xe6, 0x62, 0xc5, 0x50, 0x1b, 0x7d, 0x41,
    0x17, 0x2b, 0x06, 0xdb, 0xe8, 0x8b, 0xba, 0x58, 0x31, 0xdc, 0x46, 0x5f, 0xd8, 0xc5, 0x8a, 0x01,
    0x37, 0xfa, 0xe2, 0x2e, 0x56, 0x0c, 0xb9, 0xd1, 0x17, 0x78, 0xb1, 0x62, 0xd0, 0x8d, 0xbe, 0xc8,
    0x8b, 0x15, 0xc3, 0x6e, 0xf4, 0x85, 0x5e, 0xac, 0x10, 0x78, 0x83, 0x46, 0x56, 0x08, 0xbd, 0x41,
    0x23, 0x2b, 0x04, 0xdf, 0xa0, 0x91, 0x15, 0xc2, 0x6f, 0xd0, 0xc8, 0x0a, 0x01, 0x3c, 0x68, 0x64,
    0x85, 0x10, 0x1e, 0x34, 0xb2, 0x42, 0x10, 0x0f, 0x1a, 0x59, 0x21, 0x8c, 0x07, 0x8d, 0xac, 0x10,
    0xc8, 0x83, 0x46, 0x56, 0x08, 0xe5, 0x41, 0x23, 0x2b, 0x04, 0xf3, 0xa0, 0x91, 0x15, 0xc2, 0x79,
    0xd0, 0xc8, 0x0a, 0x01, 0x3d, 0x68, 0x64, 0x85, 0x90, 0x1e, 0x34, 0xb2, 0x42, 0x50, 0x0f, 0x1a,
    0x59, 0x21, 0xac, 0x07, 0x8d, 0xac, 0x10, 0xd8, 0x83, 0x46, 0x56, 0x08, 0xed, 0x41, 0x23, 0x2b,
    0x04, 0xf7, 0xa0, 0x91, 0x15, 0xc2, 0x7b, 0xd0, 0xc8, 0x0a, 0x01, 0x3e, 0x68, 0x64, 0x85, 0x10,
    0x1f, 0x34, 0xb2, 0x42, 0x90, 0x0f, 0x1a, 0x59, 0x21, 0xcc, 0x07, 0x8d, 0xac, 0x10, 0xe8, 0x83,
    0x46, 0x56, 0x08, 0xf5, 0x41, 0x23, 0x2b, 0x04, 0xfb, 0xa0, 0x91, 0x15, 0xc2, 0x7d, 0xd0, 0xc8,
    0x0a, 0x01, 0x3f, 0x68, 0x64, 0x85, 0x90, 0x1f, 0x34, 0xb2, 0x42, 0xd0, 0x0f, 0x1a, 0x59, 0x21,
    0xec, 0x07, 0x8d, 0xac, 0x10, 0xf8, 0x83, 0x46, 0x56, 0x08, 0xfd, 0x41, 0x23, 0x2b, 0x04, 0xff,
    0xa0, 0x91, 0x15, 0xc2, 0x7f, 0xd0, 0xc8, 0x0a, 0x01, 0x44, 0x68, 0x64, 0x85, 0x10, 0x22, 0x34,
    0xb2, 0x21, 0xd8, 0x89, 0x0d, 0x83, 0x4e, 0x88, 0x08, 0x5f, 0x6c, 0x18, 0xc0, 0x60, 0x44, 0xf8,
    0x62, 0xc3, 0x40, 0x22, 0x24, 0xc2, 0x17, 0x1b, 0x02, 0xbf, 0xd8, 0xd0, 0xed, 0x86, 0x6e, 0xe4,
    0x06, 0x6e, 0xdc, 0x86, 0x6d, 0xd4, 0x06, 0x6d, 0xcc, 0x86, 0x6c, 0xc4, 0x06, 0x6c, 0xbc, 0x86,
    0x6b, 0xb4, 0x06, 0x6b, 0xac, 0x86, 0x6a, 0xa4, 0x06, 0x6a, 0x9c, 0x86, 0x69, 0x94, 0x06, 0x69,
    0x8c, 0x86, 0x68, 0x84, 0x06, 0x68, 0xfc, 0xc5, 0x86, 0x00, 0x36, 0x36, 0x74, 0xbb, 0xa1, 0x1b,
    0xb9, 0x81, 0x1b, 0xb7, 0x61, 0x1b, 0xb5, 0x41, 0x1b, 0xb3, 0x21, 0x1b, 0xb1, 0xe1, 0x17, 0xaf,
    0xe1, 0x1a, 0xad, 0xc1, 0x1a, 0xab, 0xa1, 0x1a, 0xa9, 0x81, 0x1a, 0xa7, 0x61, 0x1a, 0xa5, 0x41,
    0x1a, 0xa3, 0x21, 0x1a, 0xa1, 0x01, 0x1a, 0x7f, 0xb1, 0x21, 0x60, 0x8d, 0x0d, 0xdd, 0x6e, 0xe8,
    0x46, 0x6e, 0xe0, 0xc6, 0x6d, 0xd8, 0x46, 0x6d, 0xd0, 0xc6, 0x6c, 0xc8, 0x46, 0x6c, 0xf8, 0x05,
    0x6c, 0xbc, 0x86, 0x6b, 0xb4, 0xc6, 0x6a, 0xa8, 0x46, 0x6a, 0xa0, 0xc6, 0x69, 0x98, 0x46, 0x69,
    0x90, 0xc6, 0x68, 0x88, 0x46, 0x68, 0x80, 0xc6, 0x5f, 0x6c, 0x08, 0x5a, 0x63, 0x43, 0xb7, 0x1b,
    0xba, 0x91, 0x1b, 0xb8, 0x71, 0x1b, 0xb6, 0x51, 0x1b, 0xb4, 0x31, 0x1b, 0xb2, 0x11, 0x1b, 0x7e,
    0x01, 0x1b, 0xaf, 0xe1, 0x1a, 0xac, 0xb1, 0x1a, 0xaa, 0x91, 0x1a, 0xa8, 0x71, 0x1a, 0xa6, 0x51,
    0x1a, 0xa4, 0x31, 0x1a, 0xa2, 0x11, 0x1a, 0xa0, 0xf1, 0x17, 0x1b, 0x06, 0x6b, 0x44, 0xf8, 0x62,
    0xc3, 0xe0, 0x22, 0x2e, 0xc2, 0x17, 0x1b, 0x82, 0xdd, 0xd8, 0xd0, 0xe9, 0x46, 0x6e, 0xe0, 0xc6,
    0x6d, 0xd8, 0x46, 0x6d, 0xd0, 0xc6, 0x6c, 0xc8, 0x46, 0x6c, 0xf8, 0x05, 0x6c, 0xbc, 0x86, 0x6b,
    0xb4, 0x06, 0x6b, 0xac, 0x86, 0x6a, 0xa4, 0x06, 0x6a, 0x9c, 0x86, 0x69, 0x94, 0x06, 0x69, 0x8c,
    0x86, 0x68, 0x84, 0x06, 0x68, 0xfc, 0xc5, 0x86, 0xa1, 0x0c, 0x46, 0x84, 0x2f, 0x36, 0x0c, 0x32,
    0x22, 0x23, 0x7c, 0xb1, 0x21, 0xd8, 0x8b, 0x0d, 0xc1, 0x6c, 0x6c, 0xe8, 0x76, 0x43, 0x37, 0x72,
    0x03, 0x37, 0x6e, 0xc3, 0x36, 0x6a, 0x83, 0x36, 0x64, 0x23, 0x36, 0xfc, 0x02, 0x36, 0x5e, 0xc3,
    0x35, 0x5a, 0x83, 0x35, 0x56, 0x43, 0x35, 0x52, 0x03, 0x35, 0x4e, 0xc3, 0x34, 0x4a, 0x83, 0x34,
    0x46, 0x43, 0x34, 0x42, 0x03, 0x34, 0xfe, 0x62, 0x43, 0x40, 0x1b, 0x1b, 0xba, 0xdd, 0xd0, 0x8d,
    0xdc, 0xc0, 0x8d, 0xdb, 0xb0, 0x8d, 0xda, 0x98, 0x0d, 0xd9, 0x88, 0x0d, 0xbf, 0x80, 0x8d, 0xd7,
    0x70, 0x8d, 0xd6, 0x60, 0x8d, 0xd5, 0x50, 0x8d, 0xd4, 0x40, 0x8d, 0xd3, 0x30, 0x8d, 0xd2, 0x20,
    0x8d, 0xd1, 0x10, 0x8d, 0xd0, 0x00, 0x8d, 0xbf, 0xd8, 0x10, 0xfc, 0xc5, 0x86, 0x6e, 0x37, 0x74,
    0x23, 0x37, 0x70, 0xe3, 0x36, 0x6c, 0xa3, 0x36, 0x68, 0x63, 0x36, 0x64, 0x23, 0x36, 0xfc, 0x02,
    0x36, 0x5e, 0xc3, 0x35, 0x5a, 0x83, 0x35, 0x56, 0x43, 0x35, 0x52, 0x03, 0x35, 0x4e, 0xc3, 0x34,
    0x4a, 0x83, 0x34, 0x46, 0x43, 0x34, 0x42, 0x03, 0x34, 0x36, 0x0c, 0x73, 0x30, 0x22, 0x7c, 0xb1,
    0x61, 0xd8, 0x91, 0x1d, 0xe1, 0x8b, 0x0d, 0x81, 0x69, 0x6c, 0xe8, 0x76, 0x43, 0x37, 0x72, 0x03,
    0x37, 0x6e, 0xc3, 0x36, 0x6a, 0x83, 0x36, 0x66, 0x43, 0x36, 0x62, 0xc3, 0x2f, 0x60, 0xe3, 0x35,
    0x5c, 0xa3, 0x35, 0x58, 0x63, 0x35, 0x54, 0x23, 0x35, 0x50, 0xe3, 0x34, 0x4a, 0x83, 0x34, 0x46,
    0x43, 0x34, 0x42, 0x03, 0x34, 0xfe, 0x62, 0x43, 0x40, 0x1a, 0x1b, 0xba, 0xdd, 0xd0, 0x8d, 0xdc,
    0xc0, 0x8d, 0xdb, 0xb0, 0x8d, 0xda, 0xa0, 0x8d, 0xd9, 0x90, 0x8d, 0xd8, 0xf0, 0x0b, 0xd8, 0x78,
    0x0d, 0xd7, 0x68, 0x0d, 0xd6, 0x58, 0x0d, 0xd5, 0x48, 0x0d, 0xd4, 0x38, 0x0d, 0xd3, 0x28, 0x8d,
    0xd1, 0x10, 0x8d, 0xd0, 0x00, 0x8d, 0xbf, 0xd8, 0x10, 0x88, 0xc6, 0x86, 0x6e, 0x37, 0x74, 0x23,
    0x37, 0x70, 0xe3, 0x36, 0x6c, 0xa3, 0x36, 0x68, 0x63, 0x36, 0x64, 0x23, 0x36, 0xfc, 0x02, 0x36,
    0x5e, 0xc3, 0x35, 0x5a, 0x83, 0x35, 0x56, 0x43, 0x35, 0x52, 0x03, 0x35, 0x4e, 0xc3, 0x34, 0x4a,
    0x83, 0x34, 0x46, 0x23, 0x34, 0x40, 0xe3, 0x2f, 0x36, 0x04, 0xa7, 0xb1, 0xa1, 0xdb, 0x0d, 0xdd,
    0xc8, 0x0d, 0xdc, 0xb8, 0x0d, 0xdb, 0xa8, 0x0d, 0xda, 0x98, 0x0d, 0xd9, 0x88, 0x0d, 0xbf, 0x80,
    0x8d, 0xd7, 0x70, 0x8d, 0xd6, 0x60, 0x8d, 0xd5, 0x50, 0x8d, 0xd4, 0x40, 0x0d, 0xd3, 0x28, 0x0d,
    0xd2, 0x18, 0x0d, 0xd1, 0x08, 0x0d, 0xd0, 0xf8, 0x8b, 0x0d, 0x81, 0x6d, 0x6c, 0xe8, 0x76, 0x43,
    0x37, 0x72, 0x03, 0x37, 0x6e, 0xa3, 0x36, 0x68, 0x63, 0x36, 0x64, 0x23, 0x36, 0xfc, 0x02, 0x36,
    0x5e, 0xc3, 0x35, 0x5a, 0x83, 0x35, 0x56, 0x43, 0x35, 0x52, 0x03, 0x35, 0x4e, 0xc3, 0x34, 0x4a,
    0x83, 0x34, 0x46, 0x43, 0x34, 0x42, 0x03, 0x34, 0xfe, 0x62, 0x43, 0x90, 0x1a, 0x1b, 0xba, 0xdd,
    0xd0, 0x8d, 0xdc, 0xc0, 0x8d, 0xdb, 0xb0, 0x8d, 0xda, 0xa0, 0x8d, 0xd9, 0x90, 0x8d, 0xd8, 0xf0,
    0x0b, 0xd8, 0x78, 0x0d, 0xd7, 0x68, 0x0d, 0xd6, 0x58, 0x0d, 0xd5, 0x40, 0x8d, 0xd3, 0x30, 0x8d,
    0xd2, 0x20, 0x8d, 0xd1, 0x10, 0x8d, 0xd0, 0x00, 0x8d, 0xbf, 0xd8, 0x10, 0xa0, 0xc6, 0x86, 0x6e,
    0x37, 0x74, 0x23, 0x37, 0x70, 0xe3, 0x36, 0x6c, 0xa3, 0x36, 0x68, 0x63, 0x36, 0x64, 0x23, 0x36,
    0xfc, 0x02, 0x36, 0x5e, 0xc3, 0x35, 0x5a, 0x83, 0x35, 0x56, 0x43, 0x35, 0x52, 0xe3, 0x34, 0x4c,
    0xa3, 0x34, 0x48, 0x63, 0x34, 0x44, 0x23, 0x34, 0x40, 0xe3, 0x2f, 0x36, 0x04, 0xaf, 0xb1, 0xa1,
    0xdb, 0x0d, 0xdd, 0xc8, 0x0d, 0xdc, 0xb8, 0x0d, 0xdb, 0xa8, 0x0d, 0xda, 0x98, 0x0d, 0xd9, 0x88,
    0x0d, 0xbf, 0x80, 0x0d, 0xd7, 0x68, 0x0d, 0xd6, 0x58, 0x0d, 0xd5, 0x48, 0x0d, 0xd4, 0x38, 0x0d,
    0xd3, 0x28, 0x0d, 0xd2, 0x18, 0x0d, 0xd1, 0x08, 0x0d, 0xd0, 0xf8, 0x8b, 0x0d, 0x01, 0x6e, 0x6c,
    0xe8, 0x76, 0x43, 0x37, 0x72, 0xe3, 0x36, 0x6c, 0xa3, 0x36, 0x68, 0x63, 0x36, 0x64, 0x23, 0x36,
    0xfc, 0x02, 0x36, 0x5e, 0xc3, 0x35, 0x5a, 0x83, 0x35, 0x56, 0x43, 0x35, 0x52, 0x03, 0x35, 0x4e,
    0xc3, 0x34, 0x4a, 0x83, 0x34, 0x46, 0x43, 0x34, 0x42, 0x03, 0x34, 0xfe, 0x62, 0x43, 0xb0, 0x1a,
    0x1b, 0xba, 0xdd, 0xd0, 0x8d, 0xdc, 0xc0, 0x8d, 0xdb, 0xb0, 0x8d, 0xda, 0xa0, 0x8d, 0xd9, 0x90,
    0x8d, 0xd8, 0xf0, 0x0b, 0xd8, 0x78, 0x0d, 0xd7, 0x68, 0x0d, 0xd6, 0x50, 0x8d, 0xd4, 0x40, 0x8d,
    0xd3, 0x30, 0x8d, 0xd2, 0x20, 0x8d, 0xd1, 0x10, 0x8d, 0xd0, 0x00, 0x8d, 0xbf, 0xd8, 0x10, 0xa8,
    0xc6, 0x86, 0x6e, 0x37, 0x74, 0x23, 0x37, 0x70, 0xe3, 0x36, 0x6c, 0xa3, 0x36, 0x68, 0x63, 0x36,
    0x64, 0x23, 0x36, 0xfc, 0x02, 0x36, 0x5e, 0xc3, 0x35, 0x5a, 0x83, 0x35, 0x56, 0x23, 0x35, 0x50,
    0xe3, 0x34, 0x4c, 0xa3, 0x34, 0x48, 0x63, 0x34, 0x44, 0x23, 0x34, 0x40, 0xe3, 0x2f, 0x36, 0x04,
    0xb9, 0xb1, 0xa1, 0xdb, 0x0d, 0xdd, 0xc0, 0x8d, 0xdb, 0xb0, 0x8d, 0xda, 0xa0, 0x8d, 0xd9, 0x90,
    0x8d, 0xd8, 0xf0, 0x0b, 0xd8, 0x78, 0x0d, 0xd7, 0x68, 0x0d, 0xd6, 0x58, 0x0d, 0xd5, 0x48, 0x0d,
    0xd4, 0x38, 0x0d, 0xd3, 0x28, 0x0d, 0xd2, 0x18, 0x0d, 0xd1, 0x08, 0x0d, 0xd0, 0xf8, 0x8b, 0x0d,
    0x81, 0x6b, 0x6c, 0xe8, 0x76, 0x43, 0x37, 0x72, 0x03, 0x37, 0x6e, 0xc3, 0x36, 0x6a, 0x83, 0x36,
    0x66, 0x43, 0x36, 0x62, 0xc3, 0x2f, 0x60, 0xe3, 0x35, 0x5a, 0x83, 0x35, 0x56, 0x43, 0x35, 0x52,
    0x03, 0x35, 0x4e, 0xc3, 0x34, 0x4a, 0x83, 0x34, 0x46, 0x43, 0x34, 0x42, 0x03, 0x34, 0xfe, 0x62,
    0xc3, 0x30, 0x22, 0x23, 0xc2, 0x17, 0x1b, 0x02, 0xdd, 0xd8, 0xd0, 0xed, 0x46, 0x6e, 0xe0, 0xc6,
    0x6d, 0xd8, 0x46, 0x6d, 0xd0, 0xc6, 0x6c, 0xc8, 0x46, 0x6c, 0xf8, 0x05, 0x6c, 0xbc, 0x86, 0x6b,
    0xb4, 0x06, 0x6b, 0xac, 0x86, 0x6a, 0xa4, 0x06, 0x6a, 0x9c, 0x86, 0x69, 0x94, 0x06, 0x69, 0x8c,
    0x86, 0x68, 0x84, 0x06, 0x68, 0xfc, 0xc5, 0x86, 0x20, 0x34, 0x36, 0x74, 0xbb, 0xa1, 0x1b, 0xb9,
    0x81, 0x1b, 0xb7, 0x61, 0x1b, 0xb5, 0x41, 0x1b, 0xb3, 0x21, 0x1b, 0xb1, 0xe1, 0x17, 0xb0, 0xf1,
    0x1a, 0xae, 0xd1, 0x1a, 0xac, 0xb1, 0x1a, 0xaa, 0x91, 0x1a, 0xa8, 0x71, 0x1a, 0xa6, 0x51, 0x1a,
    0xa4, 0x31, 0x1a, 0xa2, 0x01, 0x1a, 0x7f, 0xb1, 0x21, 0x28, 0x8d, 0x0d, 0xdd, 0x6e, 0xe8, 0x46,
    0x6e, 0xe0, 0xc6, 0x6d, 0xd8, 0x46, 0x6d, 0xd0, 0xc6, 0x6c, 0xc8, 0x46, 0x6c, 0xf8, 0x05, 0x6c,
    0xbc, 0x86, 0x6b, 0xb4, 0x06, 0x6b, 0xac, 0x86, 0x6a, 0xa4, 0x06, 0x6a, 0x9c, 0x86, 0x69, 0x90,
    0xc6, 0x68, 0x88, 0x46, 0x68, 0x80, 0xc6, 0x5f, 0x6c, 0x08, 0x62, 0x63, 0x43, 0xb7, 0x1b, 0xba,
    0x91, 0x1b, 0xb8, 0x71, 0x1b, 0xb6, 0x51, 0x1b, 0xb4, 0x31, 0x1b, 0xb2, 0xe1, 0x17, 0xb0, 0xf1,
    0x1a, 0xae, 0xd1, 0x1a, 0xac, 0xb1, 0x1a, 0xaa, 0x91, 0x1a, 0xa8, 0x71, 0x1a, 0xa6, 0x51, 0x1a,
    0xa4, 0x31, 0x1a, 0xa2, 0x11, 0x1a, 0xa0, 0xf1, 0x17, 0x1b, 0x82, 0xda, 0xd8, 0xd0, 0xed, 0x86,
    0x6e, 0xe4, 0x06, 0x6e, 0xdc, 0x86, 0x6d, 0xd0, 0xc6, 0x6c, 0xc8, 0x46, 0x6c, 0xf8, 0x05, 0x6c,
    0xbc, 0x86, 0x6b, 0xb4, 0x06, 0x6b, 0xac, 0x86, 0x6a, 0xa4, 0x06, 0x6a, 0x9c, 0x86, 0x69, 0x94,
    0x06, 0x69, 0x8c, 0x86, 0x68, 0x84, 0x06, 0x68, 0xfc, 0xc5, 0x86, 0xe0, 0x36, 0x36, 0x74, 0xbb,
    0xa1, 0x1b, 0xb9, 0x81, 0x1b, 0xb6, 0x51, 0x1b, 0xb4, 0x31, 0x1b, 0xb2, 0x11, 0x1b, 0x7e, 0x01,
    0x1b, 0xaf, 0xe1, 0x1a, 0xad, 0xc1, 0x1a, 0xab, 0xa1, 0x1a, 0xa9, 0x81, 0x1a, 0xa7, 0x61, 0x1a,
    0xa5, 0x41, 0x1a, 0xa3, 0x21, 0x1a, 0xa1, 0x01, 0x1a, 0x7f, 0xb1, 0x21, 0x18, 0x8d, 0x0d, 0xdd,
    0x6e, 0xe8, 0x46, 0x6e, 0xe0, 0xc6, 0x6d, 0xd8, 0x46, 0x6d, 0xd0, 0xc6, 0x6c, 0xc8, 0x46, 0x6c,
    0xf8, 0x05, 0x6c, 0xbc, 0x86, 0x6b, 0xb4, 0x06, 0x6b, 0xac, 0x86, 0x6a, 0xa4, 0x06, 0x6a, 0x9c,
    0x86, 0x69, 0x94, 0x06, 0x69, 0x88, 0x46, 0x68, 0x80, 0xc6, 0x5f, 0x6c, 0x08, 0x40, 0x63, 0x43,
    0xb7, 0x1b, 0xba, 0x91, 0x1b, 0xb8, 0x71, 0x1b, 0xb6, 0x51, 0x1b, 0xb4, 0x31, 0x1b, 0xb2, 0x11,
    0x1b, 0x7e, 0x01, 0x1b, 0xaf, 0xe1, 0x1a, 0xad, 0xc1, 0x1a, 0xab, 0xa1, 0x1a, 0xa9, 0x81, 0x1a,
    0xa7, 0x61, 0x1a, 0xa5, 0x41, 0x1a, 0xa3, 0x21, 0x1a, 0xa1, 0xf1, 0x17, 0x1b, 0x02, 0xd9, 0xd8,
    0xd0, 0xed, 0x86, 0x6e, 0xe4, 0x06, 0x6e, 0xdc, 0x86, 0x6d, 0xd4, 0x06, 0x6d, 0xcc, 0x46, 0x6c,
    0xf8, 0x05, 0x6c, 0xbc, 0x86, 0x6b, 0xb4, 0x06, 0x6b, 0xac, 0x86, 0x6a, 0xa4, 0x06, 0x6a, 0x9c,
    0x86, 0x69, 0x94, 0x06, 0x69, 0x8c, 0x86, 0x68, 0x84, 0x06, 0x68, 0xfc, 0x05, 0x00, 0x00, 0x33,
    0x11, 0x8d, 0x85, 0x8d, 0xc2, 0x4c, 0x04, 0x62, 0x61, 0xa3, 0x40, 0x67, 0x60, 0x8d, 0xe1, 0x86,
    0xa0, 0x12, 0x83, 0x59, 0x86, 0xe0, 0x2d, 0x02, 0x42, 0x03, 0x6b, 0xdc, 0x10, 0xd0, 0x61, 0xc1,
    0xd0, 0x19, 0x58, 0x63, 0xb8, 0x21, 0xc8, 0xcc, 0x60, 0x96, 0x41, 0x18, 0x82, 0x13, 0x36, 0x99,
    0x25, 0x30, 0x46, 0x0c, 0x0c, 0x23, 0x04, 0xc1, 0x40, 0x0c, 0xd8, 0xc1, 0x1c, 0xca, 0x81, 0xd4,
    0xc0, 0x1a, 0x17, 0x9c, 0x03, 0x51, 0x1b, 0x58, 0x63, 0xb8, 0x21, 0x08, 0x07, 0x33, 0x98, 0x65,
    0x28, 0x88, 0x20, 0x3f, 0x2e, 0x66, 0x09, 0x8e, 0xe1, 0x06, 0x30, 0x10, 0x07, 0x32, 0xc8, 0x30,
    0xe0, 0xa2, 0x13, 0xc3, 0x48, 0xac, 0x42, 0x80, 0xe6, 0x70, 0x84, 0x40, 0x6f, 0x06, 0x90, 0x68,
    0x85, 0x61, 0xb8, 0x81, 0x0c, 0xe0, 0x81, 0x0c, 0x86, 0x1b, 0xcc, 0x20, 0x1d, 0xc0, 0xa0, 0x23,
    0x03, 0x48, 0xc0, 0x82, 0x31, 0x4b, 0x80, 0x0c, 0x54, 0x58, 0xb0, 0x20, 0x44, 0xc6, 0x05, 0x0f,
    0x64, 0xc0, 0x45, 0x97, 0x04, 0x55, 0x08, 0x28, 0x90, 0x44, 0x06, 0x00, 0xa6, 0xc1, 0x49, 0x6f,
    0x06, 0x95, 0xc0, 0x85, 0x60, 0xd8, 0x80, 0x08, 0x86, 0x01, 0x38, 0xe4, 0x0d, 0x60, 0xb8, 0x21,
    0xc8, 0xd0, 0x60, 0x96, 0xc1, 0x18, 0x82, 0x81, 0x0a, 0xce, 0x0c, 0x08, 0x31, 0x58, 0x83, 0x81,
    0x0a, 0xc0, 0x15, 0x88, 0x7d, 0x59, 0x83, 0x81, 0x0a, 0x40, 0x16, 0x88, 0x7d, 0x59, 0x83, 0xde,
    0x0c, 0x31, 0xe1, 0x0b, 0xc3, 0xb0, 0x01, 0x11, 0x0c, 0x03, 0xd0, 0x9b, 0x61, 0x25, 0x7e, 0x81,
    0x18, 0x36, 0x20, 0x82, 0x61, 0x00, 0x46, 0x0c, 0x0c, 0x23, 0x04, 0xc1, 0x40, 0x0c, 0x50, 0x42,
    0x24, 0x42, 0xe2, 0xec, 0x20, 0x24, 0x70, 0xb8, 0xe1, 0x0e, 0x46, 0x82, 0x0c, 0x66, 0x19, 0x48,
    0xa1, 0x14, 0x82, 0x81, 0x0a, 0x80, 0x17, 0x8a, 0x78, 0x59, 0x83, 0x81, 0x0a, 0x80, 0x17, 0x8a,
    0x76, 0x59, 0x83, 0x81, 0x0a, 0x8b, 0x3f, 0x8a, 0x77, 0x59, 0x83, 0x0c, 0xb8, 0xe8, 0x96, 0x40,
    0x0b, 0x01, 0x05, 0xd6, 0xc8, 0x80, 0x93, 0x6e, 0x09, 0xb8, 0x10, 0x50, 0x60, 0x0d, 0x22, 0x05,
    0x6b, 0x0c, 0x37, 0x04, 0xa3, 0x60, 0x06, 0xb3, 0x0c, 0x89, 0x12, 0xa0, 0x60, 0x88, 0xc0, 0x2c,
    0xc1, 0x32, 0xcb, 0xe0, 0x3c, 0x65, 0x30, 0x50, 0x61, 0xa9, 0x44, 0x72, 0x35, 0xc3, 0x0d, 0x41,
    0x28, 0xa0, 0xc1, 0x2c, 0x03, 0xd3, 0x04, 0x28, 0x0c, 0x20, 0x90, 0x01, 0x27, 0x7d, 0x10, 0x64,
    0x21, 0xa0, 0x60, 0x10, 0x69, 0x70, 0xd2, 0x8d, 0xc1, 0x2c, 0xea, 0x21, 0x18, 0x36, 0x20, 0x82,
    0x41, 0x00, 0xfa, 0x20, 0xd0, 0x42, 0x41, 0xc1, 0x20, 0xba, 0x31, 0xbc, 0x05, 0x3e, 0x10, 0xc3,
    0x06, 0x44, 0x20, 0x08, 0xc0, 0x2c, 0x41, 0x83, 0xcb, 0x2b, 0x80, 0xc0, 0x70, 0x43, 0xf0, 0xa0,
    0xc1, 0x2c, 0xc3, 0xa2, 0x04, 0x48, 0xd1, 0x84, 0x08, 0x5c, 0x30, 0x0b, 0x90, 0x01, 0x17, 0x7d,
    0x10, 0x74, 0x21, 0xa0, 0x60, 0x10, 0xc3, 0x06, 0x44, 0x1d, 0x04, 0x02, 0x30, 0x4b, 0xf0, 0x8c,
    0x18, 0x18, 0x46, 0x08, 0x82, 0x81, 0x18, 0xa0, 0x85, 0x58, 0x84, 0x05, 0x99, 0x83, 0x35, 0x86,
    0x1b, 0x02, 0x5c, 0x30, 0x83, 0x59, 0x06, 0x28, 0x0a, 0x88, 0x1d, 0xac, 0x81, 0x01, 0x27, 0x02,
    0x17, 0x90, 0x02, 0x5c, 0x50, 0x08, 0x9d, 0x83, 0x35, 0x86, 0x1b, 0x82, 0xb0, 0x00, 0x03, 0x44,
    0xc8, 0x40, 0x04, 0x66, 0x09, 0xa4, 0x11, 0x03, 0xc3, 0x08, 0x41, 0x30, 0x10, 0x83, 0xb8, 0x58,
    0x0b, 0xb5, 0xa0, 0x77, 0xb0, 0xc6, 0x70, 0x43, 0x10, 0x0e, 0x66, 0x30, 0xcb, 0x70, 0x59, 0xc1,
    0x40, 0x85, 0x45, 0x1a, 0x50, 0x1e, 0x54, 0x17, 0x1c, 0x90, 0x01, 0x27, 0x5d, 0x12, 0xfe, 0x21,
    0xa0, 0x40, 0x12, 0x19, 0x00, 0x38, 0xcb, 0x40, 0x4d, 0x0a, 0x1a, 0x09, 0x08, 0x64, 0xc0, 0x49,
    0x07, 0x04, 0x7b, 0x08, 0x28, 0x00, 0x46, 0x07, 0x84, 0x7b, 0x18, 0x28, 0x00, 0xc6, 0x70, 0x03,
    0x23, 0x0b, 0x68, 0x30, 0xdd, 0x30, 0x0b, 0xac, 0x10, 0x5c, 0x13, 0x40, 0x06, 0x9c, 0x74, 0x49,
    0x60, 0x89, 0x80, 0x02, 0x49, 0x64, 0x00, 0xa0, 0x05, 0xe0, 0x3f, 0x1d, 0x11, 0x08, 0x88, 0x7f,
    0x20, 0x03, 0x89, 0x3f, 0x0a, 0x8b, 0xf8, 0x63, 0x20, 0x80, 0x7f, 0x62, 0x9c, 0xf4, 0x66, 0x98,
    0x0d, 0xb2, 0x08, 0x86, 0x0d, 0x88, 0x60, 0x18, 0x80, 0x59, 0x82, 0x2a, 0x35, 0x4e, 0x7a, 0x33,
    0xd4, 0x86, 0x59, 0x04, 0xc3, 0x06, 0x44, 0x70, 0x0d, 0xc0, 0x2c, 0x41, 0x75, 0x5c, 0x3f, 0xc0,
    0x70, 0x43, 0x80, 0x06, 0x68, 0x30, 0xcb, 0x20, 0x45, 0xc1, 0x40, 0x05, 0xa0, 0x1e, 0xd1, 0x74,
    0x0d, 0x1b, 0x10, 0xbd, 0x10, 0x0c, 0xc0, 0x88, 0x81, 0x61, 0x84, 0x20, 0x18, 0x88, 0x81, 0x6c,
    0xb0, 0xc6, 0x6a, 0xcc, 0x32, 0x60, 0x19, 0x2f, 0x0c, 0x54, 0x00, 0xd1, 0xc5, 0x1e, 0xd1, 0x40,
    0x85, 0x15, 0x5d, 0x24, 0x12, 0x65, 0xc0, 0x49, 0x6f, 0x86, 0xdf, 0x68, 0x8b, 0x80, 0x02, 0x60,
    0xf4, 0x66, 0xf0, 0x8d, 0xb7, 0x18, 0x28, 0x00, 0x06, 0x06, 0x83, 0xf8, 0x63, 0x80, 0x80, 0xff,
    0x21, 0x29, 0x01, 0xc3, 0x0d, 0xc1, 0x1a, 0xa0, 0xc1, 0x2c, 0xc3, 0x65, 0x05, 0xd4, 0x0f, 0xc0,
    0x18, 0x6e, 0x90, 0x85, 0xd9, 0x20, 0x83, 0x43, 0x87, 0x40, 0x67, 0x19, 0xb8, 0x2e, 0x18, 0xa8,
    0xb0, 0x86, 0x8d, 0x47, 0xac, 0x0b, 0x74, 0x03, 0x87, 0x1b, 0x82, 0x98, 0x10, 0x83, 0x59, 0x06,
    0x6d, 0x0b, 0x4e, 0x90, 0x09, 0xc8, 0x80, 0x8b, 0xde, 0x0c, 0xf0, 0xd1, 0x17, 0x01, 0x05, 0xc0,
    0x20, 0x79, 0x00, 0x06, 0x06, 0x02, 0xf8, 0x0f, 0x1b, 0x10, 0xf4, 0x10, 0x0c, 0xc0, 0x2c, 0xc1,
    0x36, 0x62, 0x60, 0x18, 0x21, 0x08, 0x06, 0x62, 0x90, 0x1e, 0xe3, 0x21, 0x1e, 0xc3, 0x0d, 0x49,
    0x78, 0x90, 0xc1, 0x2c, 0x03, 0x96, 0x05, 0xbd, 0x19, 0xde, 0x43, 0x34, 0x7a, 0x61, 0xd8, 0x80,
    0x08, 0x9c, 0x01, 0x98, 0x25, 0xe8, 0x88, 0x2d, 0xac, 0x31, 0xdc, 0x10, 0xec, 0x84, 0x18, 0xcc,
    0x32, 0x78, 0x65, 0x10, 0xa0, 0xe0, 0x0b, 0x22, 0x40, 0x70, 0x61, 0x0d, 0x6a, 0x0b, 0x6b, 0xdc,
    0xf0, 0x13, 0x70, 0x43, 0x20, 0x17, 0xa8, 0x04, 0x5c, 0x40, 0xc8, 0x70, 0x43, 0x61, 0x1e, 0x66,
    0x30, 0xcb, 0xf0, 0x81, 0x41, 0x40, 0x6e, 0x61, 0x8d, 0xe1, 0x86, 0x00, 0x3d, 0xc0, 0x00, 0x91,
    0x75, 0x10, 0x81, 0x59, 0x82, 0x30, 0x18, 0xa8, 0x00, 0xf0, 0xc4, 0xfb, 0x83, 0x31, 0x18, 0x36,
    0x20, 0x42, 0x22, 0x18, 0x80, 0x59, 0x06, 0x32, 0x28, 0x83, 0x6d, 0xa0, 0x02, 0xd0, 0x93, 0xaf,
    0x0f, 0xc6, 0x60, 0xa0, 0xc2, 0xc2, 0x9d, 0xaf, 0x0f, 0xc6, 0xe0, 0x02, 0x04, 0x32, 0xe0, 0xa4,
    0x4b, 0x02, 0x6a, 0x04, 0x14, 0x48, 0x22, 0x03, 0x00, 0x67, 0x19, 0xc6, 0x40, 0x0c, 0x14, 0x34,
    0x12, 0x10, 0xc8, 0x80, 0x93, 0x0e, 0x08, 0x7d, 0x11, 0x50, 0x00, 0x8c, 0x0e, 0x08, 0x7e, 0x31,
    0x50, 0x00, 0x8c, 0xe1, 0x06, 0x26, 0x27, 0xd0, 0x60, 0xba, 0x41, 0x27, 0x66, 0x22, 0xb8, 0x26,
    0x80, 0x0c, 0x38, 0xe9, 0x92, 0x50, 0x1b, 0x01, 0x05, 0x92, 0xc8, 0x00, 0x40, 0x0b, 0xc0, 0x7f,
    0x3a, 0x22, 0x10, 0x10, 0xff, 0x40, 0x06, 0x12, 0x7f, 0x14, 0x16, 0xf1, 0xc7, 0x40, 0x00, 0xff,
    0x59, 0x82, 0x31, 0x18, 0xa8, 0x00, 0x04, 0x31, 0x30, 0x83, 0x30, 0xc8, 0x8c, 0x8b, 0xde, 0x0c,
    0x3e, 0xc2, 0x1e, 0x01, 0x05, 0xc0, 0xc0, 0x80, 0x10, 0x7f, 0x0c, 0x3c, 0xf0, 0x47, 0x2f, 0x46,
    0x60, 0x60, 0xb8, 0x21, 0x50, 0x03, 0x30, 0x98, 0x65, 0x00, 0x83, 0x30, 0x08, 0xf0, 0x0d, 0x5c,
    0x42, 0x04, 0x2e, 0x50, 0x0d, 0xc8, 0x80, 0x8b, 0xfe, 0x0c, 0x63, 0x52, 0x1f, 0xc1, 0xb0, 0x01,
    0x11, 0x98, 0xc1, 0x00, 0xcc, 0x12, 0x94, 0xc1, 0x88, 0x81, 0x61, 0x84, 0x20, 0x18, 0x88, 0x81,
    0x8f, 0xe0, 0xc8, 0x8d, 0xcc, 0x32, 0x98, 0x41, 0x1a, 0x9c, 0x05, 0xed, 0x06, 0x30, 0x30, 0x10,
    0x05, 0xf1, 0x1f, 0x8e, 0xa8, 0x89, 0x40, 0xf0, 0x8f, 0x59, 0x86, 0x33, 0x40, 0x83, 0x00, 0x05,
    0x9b, 0x08, 0xff, 0x11, 0x03, 0xe3, 0x08, 0x41, 0xb0, 0xf0, 0x0f, 0x32, 0x08, 0x93, 0x00, 0x83,
    0x9c, 0x00, 0xff, 0x59, 0x82, 0x34, 0xc0, 0x9c, 0x28, 0xc2, 0x7f, 0xc4, 0xc0, 0x38, 0x42, 0x10,
    0x2c, 0xfc, 0x83, 0x0c, 0xc8, 0x24, 0xc0, 0x80, 0x27, 0xc4, 0x1f, 0x83, 0xd4, 0x00, 0xff, 0x59,
    0x82, 0x34, 0x18, 0xe8, 0x00, 0xf4, 0xa4, 0x0c, 0xf4, 0xe4, 0x0c, 0x24, 0x34, 0x18, 0xe8, 0x00,
    0xfc, 0xa4, 0x0c, 0x98, 0x33, 0x20, 0xd0, 0x60, 0xb8, 0x01, 0x27, 0x72, 0xc3, 0x0c, 0x66, 0x19,
    0xd4, 0x60, 0x0d, 0x82, 0x2e, 0x09, 0xe7, 0xb1, 0x13, 0x14, 0x48, 0x22, 0x03, 0x00, 0xbb, 0x24,
    0xe8, 0x87, 0x4f, 0x50, 0x20, 0x89, 0x0c, 0x00, 0xa4, 0xf8, 0xb0, 0x06, 0x06, 0x63, 0x21, 0x02,
    0x44, 0x1f, 0xd6, 0x18, 0x6e, 0x08, 0xcc, 0xc4, 0x0c, 0x48, 0x3e, 0x80, 0x81, 0x67, 0x71, 0x26,
    0x22, 0x40, 0xf9, 0x61, 0x0d, 0xb2, 0x0f, 0x6b, 0x0c, 0x37, 0x04, 0x6b, 0x62, 0x06, 0x34, 0x1f,
    0xd6, 0x18, 0x6e, 0x08, 0xda, 0x04, 0x0c, 0x90, 0x80, 0x0b, 0x11, 0x20, 0xf7, 0xb0, 0xc6, 0x70,
    0x43, 0x00, 0x27, 0x66, 0x80, 0x02, 0x5c, 0x88, 0x00, 0x4e, 0x90, 0xf8, 0xcf, 0x12, 0xb0, 0xc1,
    0x40, 0x05, 0x20, 0x07, 0x69, 0x90, 0x26, 0xa3, 0x30, 0x50, 0x01, 0xc8, 0x41, 0x1a, 0xa4, 0xc9,
    0x28, 0x8c, 0x18, 0x18, 0x46, 0x08, 0x82, 0x81, 0x18, 0x8c, 0x4a, 0x9f, 0xf0, 0x09, 0xde, 0x05,
    0x9f, 0xc0, 0x00, 0x8d, 0x88, 0x35, 0x86, 0x1b, 0x84, 0x00, 0x0d, 0x66, 0x19, 0x90, 0x23, 0x18,
    0xa8, 0x00, 0xf4, 0x40, 0x0d, 0xc2, 0x64, 0x14, 0x06, 0x2a, 0x00, 0x3f, 0x50, 0x83, 0x1e, 0x19,
    0x85, 0x81, 0x0a, 0xcb, 0x7d, 0xd4, 0xe0, 0x47, 0x46, 0xe1, 0x82, 0x0b, 0x2e, 0xb8, 0x64, 0x96,
    0xc1, 0x0d, 0xda, 0xe0, 0x1a, 0xa8, 0x00, 0x7c, 0x87, 0x0d, 0x3e, 0x37, 0x40, 0x26, 0x10, 0x7f,
    0x0c, 0xe0, 0x01, 0xfc, 0x31, 0xc8, 0xc4, 0x7f, 0x96, 0xe0, 0x0d, 0x06, 0x2a, 0x80, 0xcb, 0x0d,
    0xcc, 0x87, 0x0d, 0x06, 0x2a, 0xac, 0xcb, 0x0d, 0x48, 0x8a, 0x0d, 0x32, 0xe0, 0xa2, 0x23, 0x83,
    0xae, 0xa8, 0x49, 0x40, 0x01, 0x30, 0x90, 0x50, 0x40, 0x20, 0x03, 0x4e, 0x3a, 0x25, 0x8c, 0x49,
    0x40, 0x01, 0x15, 0x46, 0x0c, 0x8c, 0x23, 0x04, 0xc1, 0xc2, 0x3f, 0xc0, 0x20, 0x57, 0x02, 0x0c,
    0x0c, 0xf1, 0xc7, 0x60, 0x01, 0x7f, 0x5c, 0x68, 0x05, 0x06, 0x86, 0x1b, 0x82, 0x34, 0x00, 0x83,
    0x59, 0x86, 0x36, 0x70, 0x83, 0x60, 0xa0, 0x02, 0xf0, 0xda, 0xa0, 0x1c, 0xec, 0x60, 0xa0, 0xc2,
    0x02, 0xab, 0x36, 0x28, 0x07, 0x3b, 0xc8, 0x80, 0x8b, 0x4e, 0x0c, 0xf0, 0x82, 0x27, 0x01, 0x05,
    0x83, 0xc8, 0xc0, 0x92, 0xe1, 0x86, 0x2d, 0x00, 0x83, 0x59, 0x06, 0x38, 0xb0, 0x83, 0xe0, 0x0c,
    0x37, 0x80, 0x0b, 0xdc, 0x40, 0x2e, 0xf0, 0x0f, 0xb8, 0xe0, 0x0d, 0x64, 0x96, 0x41, 0x0e, 0xe2,
    0xe0, 0x0d, 0x06, 0x2a, 0x00, 0x1c, 0x82, 0x83, 0x54, 0xa8, 0x03, 0x0c, 0xe8, 0x40, 0xfc, 0x67,
    0x09, 0xec, 0x60, 0xa0, 0x02, 0x28, 0x85, 0x3a, 0xe0, 0x21, 0x38, 0x18, 0xa8, 0xb0, 0x4a, 0xa1,
    0x0e, 0xf4, 0x0a, 0x0e, 0x2e, 0x28, 0x20, 0x03, 0x4e, 0xba, 0x24, 0x84, 0x49, 0x40, 0x81, 0x24,
    0x32, 0x00, 0x70, 0x96, 0x81, 0x0e, 0xe6, 0xc0, 0x0e, 0xd0, 0xa8, 0x03, 0x10, 0xc8, 0x80, 0x93,
    0x0e, 0x08, 0x6e, 0x12, 0x50, 0x00, 0x8c, 0x0e, 0x08, 0x6f, 0x32, 0x50, 0x00, 0x8c, 0xe1, 0x06,
    0x46, 0x45, 0xd0, 0x60, 0xba, 0x61, 0x45, 0x48, 0x24, 0xb8, 0x26, 0x80, 0x0c, 0x38, 0xe9, 0x92,
    0xe0, 0x26, 0x01, 0x05, 0x92, 0xc8, 0x00, 0x40, 0x0b, 0xc0, 0x7f, 0x3a, 0x22, 0x10, 0x10, 0xff,
    0x40, 0x06, 0x12, 0x7f, 0x14, 0x16, 0xf1, 0xc7, 0x40, 0x00, 0xff, 0xc4, 0xb8, 0xe8, 0xcd, 0xe0,
    0x32, 0xbc, 0x12, 0x50, 0x00, 0x0c, 0x24, 0x02, 0xf1, 0x9f, 0x25, 0xa8, 0x83, 0xe4, 0xb8, 0xe8,
    0xcd, 0x20, 0x33, 0xe0, 0x12, 0x50, 0x00, 0x0c, 0x0c, 0x34, 0xf1, 0x9f, 0x25, 0xa8, 0x83, 0x81,
    0x0a, 0x40, 0x99, 0x03, 0x81, 0x0e, 0x30, 0x10, 0x03, 0xf0, 0x47, 0x31, 0x30, 0x19, 0x18, 0x18,
    0x6e, 0x08, 0x6c, 0x01, 0x0c, 0x66, 0x19, 0xe2, 0x40, 0x0e, 0x82, 0x81, 0x0a, 0x80, 0x15, 0xe2,
    0x80, 0x1c, 0xde, 0x00, 0xe5, 0x20, 0x65, 0x60, 0xe0, 0xdc, 0xc0, 0x4e, 0x78, 0xb8, 0x81, 0x0e,
    0x58, 0x86, 0x0c, 0xa6, 0x1b, 0x82, 0x3c, 0x11, 0x66, 0x19, 0xde, 0xe0, 0x0e, 0x82, 0x59, 0x06,
    0x3c, 0x00, 0x05, 0x5b, 0x18, 0xa8, 0x00, 0xce, 0xe1, 0x0f, 0x94, 0x3b, 0x18, 0xa8, 0xb0, 0xce,
    0xe1, 0x0f, 0x5c, 0xec, 0x0e, 0x32, 0xe0, 0xa2, 0x1b, 0x03, 0xd8, 0xbc, 0x4b, 0x40, 0xc1, 0x20,
    0x32, 0xb0, 0x64, 0xb8, 0x41, 0x16, 0x02, 0x30, 0x98, 0x65, 0xc8, 0x83, 0x3f, 0x08, 0xce, 0xe0,
    0x05, 0xb8, 0xa0, 0x1c, 0xe4, 0x82, 0x3a, 0x81, 0x0b, 0xcc, 0x41, 0x66, 0x19, 0xf6, 0x40, 0x0f,
    0xcc, 0x61, 0xa0, 0x02, 0x30, 0xa9, 0x3c, 0x58, 0x05, 0x3f, 0xc0, 0x60, 0x1d, 0xc4, 0x1f, 0x83,
    0x06, 0xfc, 0x67, 0x09, 0xfe, 0x60, 0xa0, 0x02, 0x28, 0x05, 0x3f, 0x60, 0xa9, 0x3c, 0x18, 0xa8,
    0xb0, 0x4a, 0xc1, 0x0f, 0xd4, 0x2c, 0x0f, 0x2e, 0x30, 0x20, 0x03, 0x4e, 0xba, 0x24, 0xf4, 0x4a,
    0x40, 0x81, 0x24, 0x32, 0x00, 0x70, 0x96, 0xa1, 0x0f, 0xf8, 0xc0, 0x1d, 0xd0, 0x68, 0x07, 0x10,
    0xc8, 0x80, 0x93, 0x0e, 0x08, 0xe6, 0x12, 0x50, 0x00, 0x8c, 0x0e, 0x08, 0xe7, 0x32, 0x50, 0x00,
    0x8c, 0xe1, 0x06, 0x46, 0x54, 0xd0, 0x60, 0xba, 0x61, 0x54, 0xf8, 0x24, 0xb8, 0x26, 0x80, 0x0c,
    0x38, 0xe9, 0x92, 0xa0, 0x2e, 0x01, 0x05, 0x92, 0xc8, 0x00, 0x40, 0x0b, 0xc0, 0x7f, 0x3a, 0x22,
    0x10, 0x10, 0xff, 0x40, 0x06, 0x12, 0x7f, 0x14, 0x16, 0xf1, 0xc7, 0x40, 0x00, 0xff, 0xc4, 0xb8,
    0xe8, 0xcd, 0x60, 0x3a, 0x34, 0x13, 0x50, 0x00, 0x0c, 0x24, 0x02, 0xf1, 0x9f, 0x25, 0xf0, 0x83,
    0xe4, 0xb8, 0xe8, 0xcd, 0xa0, 0x3a, 0x38, 0x13, 0x50, 0x00, 0x0c, 0x0c, 0x34, 0xf1, 0x9f, 0x25,
    0xf0, 0x83, 0x81, 0x0a, 0x40, 0xe1, 0x03, 0xa1, 0x0f, 0x30, 0x10, 0x03, 0xf0, 0x47, 0x31, 0xf0,
    0x1b, 0x18, 0x18, 0x6e, 0x08, 0x5c, 0x02, 0x0c, 0x66, 0x19, 0xf4, 0x60, 0x0f, 0x82, 0x81, 0x0a,
    0x80, 0x15, 0xf4, 0xc0, 0x1c, 0xf0, 0x00, 0xe7, 0x20, 0x74, 0x60, 0xe0, 0xde, 0xc0, 0x5d, 0x78,
    0xb8, 0x41, 0x68, 0x09, 0x34, 0x98, 0x6e, 0x08, 0xe2, 0x45, 0x98, 0x65, 0xc0, 0x03, 0x50, 0x08,
    0x06, 0x2a, 0x00, 0x7d, 0xb8, 0x03, 0xe5, 0x0f, 0x86, 0x23, 0x4c, 0x22, 0x10, 0xfc, 0x63, 0x96,
    0x21, 0x14, 0x44, 0x21, 0x40, 0xe1, 0x24, 0xc2, 0x7f, 0xc4, 0xc0, 0x38, 0x42, 0x10, 0x2c, 0xfc,
    0x83, 0x0c, 0x5c, 0x27, 0xc0, 0x40, 0x25, 0xc0, 0x7f, 0x96, 0x60, 0x14, 0x50, 0x25, 0x8a, 0xf0,
    0x1f, 0x31, 0x30, 0x8e, 0x10, 0x04, 0x0b, 0xff, 0x20, 0x83, 0xd8, 0x09, 0x30, 0x68, 0x09, 0xf1,
    0xc7, 0xc0, 0x5e, 0xc0, 0x7f, 0x96, 0x60, 0x14, 0x06, 0x2a, 0x00, 0x1e, 0x09, 0x05, 0x49, 0x14,
    0x06, 0x2a, 0x00, 0x26, 0x14, 0x08, 0x51, 0xb8, 0x97, 0x28, 0x19, 0x18, 0x6e, 0x08, 0x4c, 0x05,
    0x0d, 0x66, 0x19, 0xd8, 0x60, 0x0d, 0x02, 0xca, 0x17, 0x60, 0x50, 0xbe, 0x00, 0x63, 0xb8, 0x41,
    0x65, 0x5a, 0x07, 0x0c, 0x66, 0x19, 0x56, 0x81, 0x15, 0x82, 0x81, 0x0a, 0x6b, 0x0d, 0x54, 0x01,
    0xad, 0x8e, 0xe1, 0x86, 0x80, 0x65, 0xc4, 0x60, 0x96, 0xc1, 0x14, 0x54, 0x21, 0x20, 0x5c, 0x01,
    0x06, 0xe1, 0x0a, 0x30, 0x8e, 0x78, 0x19, 0xc8, 0x80, 0x8b, 0xde, 0x0c, 0xed, 0xa3, 0x37, 0x01,
    0x05, 0xc0, 0xe8, 0xcd, 0x80, 0x3e, 0x7c, 0x33, 0x50, 0x00, 0x8c, 0xe1, 0x08, 0x64, 0x10, 0xfc,
    0x63, 0x96, 0xe1, 0x14, 0x50, 0x21, 0x40, 0x22, 0x09, 0xff, 0x11, 0x03, 0xe3, 0x08, 0x41, 0xb0,
    0xf0, 0x0f, 0x32, 0x38, 0x9f, 0x00, 0x03, 0x42, 0xfc, 0x31, 0x58, 0xc0, 0x7f, 0x96, 0x20, 0x15,
    0xb0, 0x41, 0xc2, 0x7f, 0xc4, 0xc0, 0x38, 0x42, 0x10, 0x2c, 0xfc, 0x83, 0x0c, 0xd6, 0x27, 0xc0,
    0xc0, 0x11, 0x7f, 0x0c, 0x12, 0xf0, 0x9f, 0x25, 0x48, 0x85, 0x81, 0x0a, 0x40, 0x0c, 0x4e, 0x01,
    0x43, 0x85, 0x81, 0x0a, 0x80, 0x39, 0x05, 0x02, 0x15, 0x86, 0x0d, 0x88, 0x75, 0x11, 0x06, 0x60,
    0xd8, 0x80, 0x50, 0x97, 0x60, 0x00, 0x66, 0x09, 0x54, 0x61, 0xc4, 0xc0, 0x30, 0x42, 0x10, 0x0c,
    0xc4, 0x20, 0x7e, 0xd6, 0x47, 0x7d, 0xae, 0x52, 0x1f, 0x1c, 0x6e, 0xb0, 0xd8, 0x87, 0x0c, 0x66,
    0x19, 0x48, 0xa1, 0x14, 0x82, 0x1c, 0x1b, 0x2e, 0x3a, 0x20, 0xe0, 0x4d, 0x30, 0x62, 0x70, 0x1c,
    0x21, 0x08, 0x16, 0xfe, 0x91, 0x06, 0xf1, 0xb3, 0xd9, 0xcc, 0x88, 0x81, 0x71, 0x84, 0x20, 0x58,
    0xf8, 0x07, 0x19, 0xc4, 0x4f, 0x80, 0x81, 0x07, 0xfe, 0xc3, 0x06, 0x04, 0x11, 0x0c, 0xc0, 0x2c,
    0x01, 0x2b, 0xa4, 0xcd, 0x74, 0x3b, 0x62, 0x60, 0x20, 0x20, 0x08, 0x06, 0x9e, 0xfd, 0x84, 0x4d,
    0x30, 0x62, 0x80, 0x24, 0x20, 0x08, 0x06, 0x67, 0x70, 0x3f, 0x01, 0xd9, 0x84, 0xcd, 0xcf, 0x10,
    0xde, 0x58, 0x63, 0xb8, 0x21, 0x60, 0x1f, 0x33, 0x98, 0x65, 0x68, 0x05, 0x57, 0x08, 0x86, 0x1b,
    0xd4, 0x86, 0x7d, 0xc8, 0xa0, 0x13, 0x03, 0x0b, 0xd1, 0x4e, 0xbe, 0xe0, 0xfb, 0xc0, 0x4c, 0x08,
    0x74, 0x64, 0x30, 0x21, 0xdb, 0xd9, 0x97, 0x11, 0x83, 0xe3, 0x08, 0x41, 0xb0, 0xf0, 0x8f, 0x34,
    0xd8, 0x9f, 0x32, 0x00, 0x9b, 0xec, 0x99, 0x6e, 0x87, 0x1b, 0xde, 0x66, 0x7e, 0xcc, 0xa0, 0x23,
    0x03, 0x0c, 0xe9, 0xce, 0xbf, 0xcc, 0x12, 0xc0, 0x02, 0x85, 0x8e, 0x35, 0x86, 0x1b, 0x82, 0xb9,
    0x31, 0x83, 0x59, 0x86, 0x57, 0x68, 0x8b, 0xe0, 0x84, 0xba, 0x91, 0x59, 0x02, 0xb7, 0x18, 0xa8,
    0xb0, 0xe0, 0xaf, 0x15, 0xc6, 0xae, 0x2c, 0x32, 0xe0, 0xa2, 0x5b, 0x82, 0xeb, 0x04, 0x14, 0x58,
    0x23, 0x03, 0x4e, 0xba, 0x25, 0xc8, 0x4e, 0x40, 0x81, 0x35, 0xc8, 0x6f, 0xac, 0x31, 0xdc, 0x10,
    0xf4, 0x8d, 0x19, 0xcc, 0x32, 0xc4, 0x82, 0x2c, 0x04, 0x28, 0x18, 0x22, 0x30, 0x4b, 0x30, 0x0b,
    0xb3, 0x0c, 0xb6, 0x70, 0x0b, 0xd5, 0x40, 0x85, 0xe5, 0x6f, 0xb1, 0x70, 0xd5, 0xc2, 0x70, 0x43,
    0xb0, 0x37, 0x68, 0x30, 0xcb, 0x40, 0x0b, 0xb5, 0x10, 0xa0, 0x30, 0x80, 0x40, 0x06, 0x9c, 0xf4,
    0x41, 0x60, 0x9d, 0x80, 0x82, 0x41, 0xa4, 0xc1, 0x49, 0x37, 0x06, 0x30, 0x7a, 0x9f, 0x60, 0xd8,
    0x80, 0x08, 0x06, 0x01, 0xe8, 0x83, 0xe0, 0x3a, 0x05, 0x05, 0x83, 0xe8, 0xc6, 0x90, 0x46, 0xf2,
    0x43, 0x0c, 0x1b, 0x10, 0x81, 0x20, 0x00, 0xb3, 0x04, 0xb5, 0x80, 0x4b, 0xea, 0x80, 0xc0, 0x70,
    0x43, 0xf0, 0xa0, 0xc1, 0x2c, 0xc3, 0x2c, 0xc8, 0x42, 0x80, 0x94, 0x0b, 0x89, 0xc0, 0x05, 0xad,
    0x03, 0x19, 0x70, 0xd1, 0x07, 0x81, 0x76, 0x02, 0x0a, 0x06, 0x31, 0x6c, 0x40, 0x98, 0x41, 0x20,
    0x00, 0xb3, 0x04, 0xb7, 0x30, 0x62, 0x60, 0x18, 0x21, 0x08, 0x06, 0x62, 0x20, 0x46, 0x3c, 0xb4,
    0x43, 0xc3, 0x0d, 0xdc, 0x0d, 0x91, 0xc1, 0x2c, 0x83, 0x2e, 0xe0, 0x42, 0x40, 0xe1, 0x63, 0x8d,
    0xe1, 0x86, 0x60, 0x76, 0xcc, 0x60, 0x96, 0x21, 0x17, 0x7a, 0x21, 0xa0, 0xf3, 0xb1, 0x06, 0x06,
    0x9d, 0x08, 0x5c, 0xf0, 0x37, 0x70, 0x41, 0x21, 0x24, 0x3e, 0xd6, 0x18, 0x6e, 0x08, 0x78, 0x08,
    0x0c, 0x10, 0x29, 0x03, 0x11, 0x98, 0x25, 0xf0, 0x85, 0xde, 0x0c, 0x71, 0x44, 0x42, 0x65, 0x40,
    0x01, 0x30, 0xe8, 0x7d, 0xac, 0x31, 0xdc, 0x10, 0xf8, 0x8e, 0x18, 0xcc, 0x32, 0xec, 0x02, 0x2f,
    0x04, 0x28, 0xa8, 0x81, 0x08, 0x5c, 0x00, 0x3e, 0x90, 0x01, 0x17, 0xfd, 0x19, 0xf2, 0x68, 0x85,
    0x02, 0x0a, 0x80, 0x31, 0x6c, 0x40, 0xdc, 0x41, 0x30, 0x00, 0xb3, 0x04, 0xbc, 0x30, 0x62, 0x60,
    0x18, 0x21, 0x08, 0x06, 0x62, 0x50, 0x47, 0x6f, 0xe4, 0x46, 0xb3, 0x04, 0xef, 0x30, 0x62, 0x60,
    0x18, 0x21, 0x08, 0x06, 0x62, 0x50, 0x47, 0x6f, 0xe4, 0x46, 0x34, 0x3f, 0xd6, 0x18, 0x6e, 0x08,
    0xca, 0xc7, 0x0c, 0x66, 0x19, 0xc6, 0x41, 0x1c, 0x82, 0x81, 0x0a, 0x8b, 0xf5, 0x72, 0x21, 0x0f,
    0xc2, 0xe1, 0x02, 0x08, 0x32, 0xe0, 0xa4, 0x4b, 0xc2, 0x08, 0x05, 0x14, 0x48, 0x22, 0x03, 0x00,
    0x67, 0x19, 0xc0, 0xe1, 0x17, 0x26, 0x34, 0x24, 0x10, 0xc8, 0x80, 0x93, 0x0e, 0x08, 0xfa, 0x13,
    0x50, 0x00, 0x8c, 0x0e, 0x08, 0xfb, 0x33, 0x50, 0x00, 0x8c, 0xe1, 0x06, 0xc6, 0x76, 0xd0, 0x60,
    0xba, 0xe1, 0x76, 0x4e, 0x21, 0xb8, 0x26, 0x80, 0x0c, 0x38, 0xe9, 0x92, 0x00, 0x43, 0x01, 0x05,
    0x92, 0xc8, 0x00, 0x40, 0x0b, 0xc0, 0x7f, 0x3a, 0x22, 0x10, 0x10, 0xff, 0x40, 0x06, 0x12, 0x7f,
    0x14, 0x16, 0xf1, 0xc7, 0x40, 0x00, 0xff, 0xc4, 0x38, 0xe9, 0xcd, 0x70, 0x4b, 0x68, 0x14, 0x0c,
    0x1b, 0x10, 0xc1, 0x30, 0x00, 0xb3, 0x04, 0xe1, 0x90, 0x1a, 0x27, 0xbd, 0x19, 0x72, 0x49, 0x8d,
    0x82, 0x61, 0x03, 0x22, 0xb8, 0x06, 0x60, 0x96, 0x20, 0x1c, 0x8e, 0x0b, 0x21, 0x18, 0x6e, 0x08,
    0xe2, 0x00, 0x0d, 0x66, 0x19, 0x7c, 0xa1, 0x17, 0x82, 0x81, 0x0a, 0x40, 0xfe, 0x7a, 0x61, 0x1a,
    0x87, 0x61, 0x03, 0x02, 0x76, 0x82, 0x01, 0x18, 0x31, 0x30, 0x8c, 0x10, 0x04, 0x03, 0x31, 0xb0,
    0x25, 0x58, 0x7a, 0xa5, 0x59, 0x06, 0x72, 0x28, 0x87, 0xd6, 0x19, 0xa8, 0x00, 0xa2, 0x71, 0xa0,
    0xbf, 0x5e, 0x18, 0xa8, 0xb0, 0xa2, 0x71, 0x60, 0xc1, 0xa0, 0x17, 0x32, 0xe0, 0xa4, 0x37, 0xc3,
    0x38, 0xc5, 0x51, 0x40, 0x01, 0x30, 0x7a, 0x33, 0x88, 0xd3, 0x1c, 0x0d, 0x14, 0x00, 0x03, 0x83,
    0x41, 0xfc, 0x31, 0x40, 0xc0, 0xff, 0x90, 0x16, 0x82, 0xe1, 0x86, 0x60, 0x0d, 0xd0, 0x60, 0x96,
    0x61, 0x1c, 0xc4, 0x21, 0xa0, 0x10, 0x02, 0x06, 0x8d, 0x91, 0x35, 0x86, 0x1b, 0x02, 0x19, 0x12,
    0x83, 0x59, 0x06, 0x74, 0x70, 0x87, 0x60, 0xa0, 0xc2, 0x8a, 0xce, 0x01, 0xef, 0xc4, 0x61, 0xb8,
    0x21, 0xa0, 0x21, 0x31, 0x98, 0x65, 0x30, 0x87, 0x73, 0x08, 0x4e, 0xa8, 0x21, 0xc8, 0x80, 0x8b,
    0xde, 0x0c, 0xf3, 0x04, 0x4a, 0x01, 0x05, 0xc0, 0x20, 0xf2, 0x01, 0x06, 0x06, 0x02, 0xf8, 0x0f,
    0x1b, 0x10, 0xe6, 0x13, 0x0c, 0xc0, 0x2c, 0xc1, 0x39, 0x8c, 0x18, 0x18, 0x46, 0x08, 0x82, 0x81,
    0x18, 0xb0, 0x93, 0x39, 0x95, 0xd3, 0x21, 0xe5, 0x84, 0xc3, 0x0d, 0xc9, 0x39, 0x91, 0xc1, 0x2c,
    0x03, 0x39, 0x94, 0x43, 0x80, 0x4c, 0x39, 0x88, 0x00, 0xc5, 0x91, 0x35, 0xc8, 0x8d, 0xac, 0x71,
    0x03, 0x18, 0xc1, 0x0d, 0x81, 0x5c, 0xb0, 0x42, 0x70, 0x01, 0x21, 0xc3, 0x0d, 0xc5, 0x39, 0x99,
    0xc1, 0x2c, 0x43, 0x3a, 0xa8, 0x43, 0x40, 0x6f, 0x64, 0x8d, 0xe1, 0x86, 0x20, 0x9d, 0xc0, 0x00,
    0x11, 0x79, 0x10, 0x81, 0x59, 0x82, 0x75, 0x18, 0xa8, 0x00, 0xf4, 0x30, 0x40, 0x87, 0x3f, 0x68,
    0x87, 0x61, 0x03, 0x82, 0x1f, 0x82, 0x01, 0x98, 0x25, 0x70, 0x87, 0x81, 0x0a, 0x80, 0x0f, 0x83,
    0x74, 0xe8, 0x83, 0x76, 0x18, 0xa8, 0xb0, 0x74, 0x33, 0x48, 0x87, 0x3e, 0x68, 0x87, 0x0b, 0x10,
    0xc8, 0x80, 0x93, 0x2e, 0x09, 0xa9, 0x14, 0x50, 0x20, 0x89, 0x0c, 0x00, 0x9c, 0x65, 0x68, 0x07,
    0x76, 0x50, 0xd0, 0x48, 0x40, 0x20, 0x03, 0x4e, 0x3a, 0x20, 0xf8, 0x51, 0x40, 0x01, 0x30, 0x3a,
    0x20, 0xfc, 0xd1, 0x40, 0x01, 0x30, 0x86, 0x1b, 0x18, 0x1d, 0x42, 0x83, 0xe9, 0x86, 0x1d, 0x5a,
    0x89, 0xe0, 0x9a, 0x00, 0x32, 0xe0, 0xa4, 0x4b, 0x82, 0x2d, 0x05, 0x14, 0x48, 0x22, 0x03, 0x00,
    0x2d, 0x00, 0xff, 0xe9, 0x88, 0x40, 0x40, 0xfc, 0x03, 0x19, 0x48, 0xfc, 0x51, 0x58, 0xc4, 0x1f,
    0x03, 0x01, 0xfc, 0x67, 0x09, 0xda, 0x61, 0xa0, 0x02, 0x10, 0xd8, 0xc1, 0x0c, 0xd6, 0x21, 0x33,
    0x2e, 0x7a, 0x33, 0xfc, 0x54, 0x3b, 0x05, 0x14, 0x00, 0x03, 0x03, 0x42, 0xfc, 0x31, 0xf0, 0xc0,
    0x1f, 0x3d, 0x99, 0x82, 0x81, 0xe1, 0x86, 0x40, 0x0d, 0xc0, 0x60, 0x96, 0x41, 0x1d, 0xd6, 0x21,
    0x18, 0x31, 0x30, 0x8c, 0x10, 0x04, 0x03, 0x31, 0xd8, 0xa9, 0x9a, 0xa2, 0xa9, 0x59, 0x82, 0x77,
    0x18, 0xa8, 0x00, 0x78, 0x83, 0x17, 0xe8, 0xc1, 0x1d, 0x28, 0x97, 0x80, 0x81, 0x81, 0x20, 0xfe,
    0x18, 0x94, 0x46, 0xf8, 0x8f, 0x18, 0x18, 0x47, 0x08, 0x82, 0x85, 0x7f, 0x90, 0x81, 0x4f, 0x05,
    0x18, 0x84, 0x05, 0xf9, 0x8f, 0x18, 0x18, 0x08, 0x08, 0x82, 0x81, 0xe7, 0x53, 0xa8, 0x14, 0x16,
    0x23, 0x06, 0x88, 0x02, 0x82, 0x60, 0x70, 0x06, 0x3f, 0x15, 0x16, 0xac, 0x84, 0x4a, 0xa7, 0xd4,
    0x25, 0xa1, 0x9d, 0x6e, 0x82, 0x02, 0x49, 0x64, 0x00, 0x60, 0x97, 0x04, 0x70, 0xd2, 0x09, 0x0a,
    0x24, 0x91, 0x01, 0x80, 0xc3, 0x0d, 0x3b, 0x61, 0x4b, 0x66, 0x30, 0xcb, 0x00, 0x0f, 0xf1, 0x10,
    0x10, 0x3a, 0x59, 0x03, 0x03, 0xb0, 0x10, 0x01, 0x5a, 0x27, 0x6b, 0x0c, 0x37, 0x04, 0x3d, 0x65,
    0x06, 0x38, 0x16, 0x3d, 0x25, 0x02, 0xf4, 0x4e, 0xd6, 0x20, 0x76, 0xb2, 0xc6, 0x70, 0x43, 0x10,
    0x56, 0x66, 0x40, 0xe9, 0x64, 0x8d, 0xe1, 0x86, 0x60, 0xac, 0xc0, 0x00, 0x09, 0xb6, 0x10, 0x01,
    0x22, 0x27, 0x6b, 0x0c, 0x37, 0x04, 0x66, 0x65, 0x06, 0x28, 0xb0, 0x85, 0x08, 0x20, 0x34, 0x89,
    0xff, 0x2c, 0x81, 0x3c, 0x0c, 0x54, 0x00, 0x76, 0x19, 0xbc, 0x43, 0x8d, 0xac, 0xc4, 0xb0, 0x01,
    0x21, 0x47, 0xc1, 0x00, 0x8c, 0x18, 0x18, 0x46, 0x08, 0x82, 0x81, 0x18, 0xe0, 0x95, 0x5c, 0xc5,
    0xd5, 0x2c, 0x03, 0x4b, 0xb4, 0xc4, 0x1b, 0x0d, 0x54, 0x58, 0xae, 0x19, 0xc0, 0xc3, 0x9d, 0xac,
    0xc4, 0x40, 0x05, 0xa0, 0x97, 0x01, 0x3c, 0xc4, 0xc8, 0x4a, 0x9c, 0x10, 0xc1, 0x05, 0x91, 0xcc,
    0x32, 0xd0, 0xc3, 0x3c, 0x44, 0x03, 0x15, 0x00, 0x68, 0x06, 0xf2, 0xf0, 0xd1, 0x03, 0x1e, 0x81,
    0xf8, 0x63, 0x30, 0x06, 0xe0, 0x8f, 0xc1, 0x18, 0x88, 0xff, 0x2c, 0x41, 0x3d, 0x0c, 0x54, 0x58,
    0x19, 0x3d, 0x90, 0x6b, 0x20, 0x0f, 0x03, 0x15, 0x40, 0x45, 0x0f, 0xaa, 0x19, 0xc8, 0x43, 0x0a,
    0x5c, 0x74, 0x64, 0x58, 0xad, 0x9d, 0x0a, 0x28, 0x00, 0x06, 0x16, 0x0a, 0x08, 0x64, 0xc0, 0x49,
    0xa7, 0x04, 0x9a, 0x0a, 0x28, 0xa0, 0xc2, 0x88, 0x81, 0x71, 0x84, 0x20, 0x58, 0xf8, 0x07, 0x18,
    0xa8, 0x56, 0x80, 0x81, 0x21, 0xfe, 0x18, 0x28, 0xe0, 0x8f, 0x4c, 0x69, 0xc1, 0xc0, 0x70, 0x43,
    0x30, 0x06, 0x60, 0x30, 0xcb, 0x30, 0x0f, 0xf4, 0x10, 0x0c, 0x54, 0x58, 0x20, 0x1b, 0xcc, 0xc3,
    0x39, 0xf0, 0xc3, 0x40, 0x05, 0x00, 0x06, 0xf3, 0x30, 0x0e, 0xfc, 0x90, 0x02, 0x17, 0x9d, 0x18,
    0xc2, 0x2b, 0xad, 0x02, 0x0a, 0x06, 0x91, 0x81, 0x25, 0xc3, 0x0d, 0x5c, 0x00, 0x06, 0xb3, 0x0c,
    0xf6, 0xc0, 0x0f, 0xc1, 0x1d, 0x69, 0x00, 0x17, 0xa4, 0x81, 0x5c, 0xf0, 0x4e, 0x70, 0x81, 0x1a,
    0xc8, 0x2c, 0x03, 0x3e, 0xdc, 0x83, 0x1a, 0x0c, 0x54, 0x00, 0xfa, 0x19, 0xd8, 0x43, 0x2a, 0xec,
    0x03, 0x06, 0x7e, 0x20, 0xfe, 0xb3, 0x04, 0xfc, 0x30, 0x50, 0x61, 0x9d, 0xc2, 0x3e, 0xe8, 0x6c,
    0x60, 0x0f, 0x03, 0x15, 0xc0, 0x28, 0xec, 0x03, 0x88, 0x06, 0xf6, 0x70, 0x42, 0x01, 0x19, 0x70,
    0xd2, 0x25, 0x41, 0xa6, 0x02, 0x0a, 0x24, 0x91, 0x01, 0x80, 0xb3, 0x0c, 0xfa, 0x90, 0x0f, 0x71,
    0x80, 0x07, 0x1c, 0x80, 0x40, 0x06, 0x9c, 0x74, 0x40, 0xf8, 0xa9, 0x80, 0x02, 0x60, 0x74, 0x40,
    0x00, 0xab, 0x81, 0x02, 0x60, 0x0c, 0x37, 0x34, 0xfb, 0x84, 0x06, 0xd3, 0x0d, 0xfc, 0xc4, 0x1e,
    0xc1, 0x35, 0x01, 0x64, 0xc0, 0x49, 0x97, 0x84, 0x9f, 0x0a, 0x28, 0x90, 0x44, 0x06, 0x00, 0x5a,
    0x00, 0xfe, 0xd3, 0x11, 0x81, 0x80, 0xf8, 0x07, 0x32, 0x90, 0xf8, 0xa3, 0xb0, 0x88, 0x3f, 0x06,
    0x02, 0xf8, 0x67, 0xc6, 0x45, 0x6f, 0x86, 0xff, 0x6a, 0xad, 0x80, 0x02, 0x60, 0x20, 0x11, 0x88,
    0xff, 0x2c, 0xc1, 0x3e, 0x64, 0xc7, 0x45, 0x6f, 0x86, 0x11, 0x8b, 0xad, 0x80, 0x02, 0x60, 0x60,
    0xa0, 0x89, 0xff, 0x2c, 0xc1, 0x3e, 0x0c, 0x54, 0x00, 0x4a, 0x3e, 0x08, 0xfa, 0x80, 0x41, 0x18,
    0x80, 0x3f, 0x8e, 0xc1, 0x7d, 0xc1, 0xc0, 0x70, 0x43, 0x10, 0x0b, 0x60, 0x30, 0xcb, 0x70, 0x0f,
    0xf8, 0x10, 0x0c, 0x54, 0x00, 0xac, 0x70, 0x0f, 0xe2, 0x50, 0x0f, 0x38, 0x07, 0xfa, 0x05, 0x03,
    0xe7, 0x06, 0x67, 0xc5, 0xc3, 0x0d, 0x75, 0xd0, 0x5f, 0x64, 0x30, 0xdd, 0x10, 0xa8, 0x95, 0x30,
    0xcb, 0x50, 0x0f, 0xfd, 0x10, 0xcc, 0x32, 0xf8, 0x83, 0x49, 0xc4, 0xc2, 0x40, 0x85, 0x95, 0x0e,
    0x25, 0xe1, 0xbe, 0x41, 0x3f, 0x0c, 0x54, 0x00, 0xe5, 0x50, 0x12, 0x4c, 0x3f, 0xa4, 0xc0, 0x45,
    0x37, 0x86, 0x18, 0x03, 0xaf, 0x80, 0x82, 0x41, 0x64, 0x60, 0xc9, 0x70, 0xc3, 0x2c, 0x04, 0x60,
    0x30, 0xcb, 0xf0, 0x0f, 0x25, 0x11, 0xdc, 0x71, 0x0b, 0x70, 0x01, 0x38, 0xc8, 0x05, 0x66, 0x05,
    0x17, 0x84, 0x83, 0xcc, 0x32, 0x84, 0x04, 0x48, 0x84, 0xc3, 0x40, 0x05, 0x80, 0xae, 0xc1, 0x3f,
    0xac, 0x02, 0x49, 0x60, 0x50, 0x0f, 0xe2, 0x8f, 0x01, 0x03, 0xfe, 0xb3, 0x04, 0x25, 0x31, 0x50,
    0x61, 0x9d, 0x02, 0x49, 0xa8, 0x70, 0xf0, 0x0f, 0x03, 0x15, 0xc0, 0x28, 0x90, 0x04, 0xbc, 0x06,
    0xff, 0x70, 0x82, 0x01, 0x19, 0x70, 0xd2, 0x25, 0xc1, 0xb5, 0x02, 0x0a, 0x24, 0x91, 0x01, 0x80,
    0xb3, 0x0c, 0x23, 0x21, 0x12, 0xe9, 0x80, 0x07, 0x3a, 0x80, 0x40, 0x06, 0x9c, 0x74, 0x40, 0xb8,
    0xad, 0x80, 0x02, 0x60, 0x74, 0x40, 0xc0, 0xad, 0x81, 0x02, 0x60, 0x0c, 0x37, 0x34, 0x73, 0x85,
    0x06, 0xd3, 0x0d, 0x74, 0x45, 0x26, 0xc1, 0x35, 0x01, 0x64, 0xc0, 0x49, 0x97, 0x84, 0xdd, 0x0a,
    0x28, 0x90, 0x44, 0x06, 0x00, 0x5a, 0x00, 0xfe, 0xd3, 0x11, 0x81, 0x80, 0xf8, 0x07, 0x32, 0x90,
    0xf8, 0xa3, 0xb0, 0x88, 0x3f, 0x06, 0x02, 0xf8, 0x67, 0xc6, 0x45, 0x6f, 0x86, 0x3b, 0x2b, 0xb1,
    0x80, 0x02, 0x60, 0x20, 0x11, 0x88, 0xff, 0x2c, 0x01, 0x49, 0x64, 0xc7, 0x45, 0x6f, 0x86, 0x3d,
    0x4b, 0xb1, 0x80, 0x02, 0x60, 0x60, 0xa0, 0x89, 0xff, 0x2c, 0x01, 0x49, 0x0c, 0x54, 0x00, 0x8a,
    0x48, 0x08, 0x23, 0x81, 0x41, 0x18, 0x80, 0x3f, 0x8e, 0xc1, 0x9b, 0xc1, 0xc0, 0x70, 0x43, 0x90,
    0x12, 0x60, 0x30, 0xcb, 0x00, 0x12, 0x21, 0x11, 0x0c, 0x54, 0x00, 0xac, 0x00, 0x12, 0xe4, 0xe0,
    0x0f, 0x48, 0x07, 0x72, 0x06, 0x03, 0xf7, 0x06, 0xbf, 0xc5, 0xc3, 0x0d, 0x02, 0x4a, 0xa0, 0xc1,
    0x74, 0x43, 0x20, 0x5e, 0xc2, 0x2c, 0x83, 0x3f, 0x98, 0x44, 0x30, 0x50, 0x01, 0xe8, 0x43, 0x3f,
    0x28, 0x25, 0x81, 0x41, 0xb9, 0x84, 0xff, 0x88, 0x81, 0x71, 0x84, 0x20, 0x58, 0xf8, 0x07, 0x19,
    0xf8, 0x59, 0x80, 0x41, 0xa8, 0x90, 0x3f, 0x06, 0x28, 0x01, 0xfe, 0xb3, 0x0c, 0x27, 0x81, 0x12,
    0x37, 0x81, 0xc2, 0x4f, 0x88, 0xff, 0x2c, 0x41, 0x4a, 0x0c, 0x37, 0xac, 0x04, 0x7b, 0xa1, 0xc1,
    0x2c, 0x83, 0x4a, 0xac, 0x44, 0x30, 0x50, 0x61, 0x5d, 0x29, 0xc1, 0xce, 0xc1, 0x49, 0x60, 0xa0,
    0x12, 0x20, 0x90, 0x01, 0x27, 0x9d, 0x12, 0x68, 0x2c, 0xa0, 0x80, 0x0a, 0x23, 0x06, 0xc6, 0x11,
    0x82, 0x60, 0xe1, 0x1f, 0x60, 0xa0, 0x6a, 0x01, 0x22, 0x81, 0xf8, 0xe7, 0xc1, 0x45, 0x47, 0x86,
    0xf4, 0x22, 0xb3, 0x80, 0x02, 0x60, 0x20, 0x11, 0x80, 0xff, 0xb0, 0x01, 0x31, 0x04, 0x03, 0x80,
    0x0b, 0xaa, 0xc1, 0xc0, 0x70, 0x43, 0x60, 0x16, 0x60, 0x30, 0xcb, 0x80, 0x12, 0x29, 0x11, 0x64,
    0x4e, 0x70, 0xd2, 0x83, 0x61, 0xdc, 0xd4, 0x2c, 0x18, 0x36, 0x20, 0x82, 0x69, 0x00, 0x66, 0x09,
    0x56, 0x02, 0x77, 0x22, 0xc4, 0x40, 0x60, 0xb8, 0x21, 0x40, 0x15, 0x34, 0x98, 0x65, 0x90, 0x87,
    0x78, 0x08, 0x66, 0x19, 0x60, 0x22, 0x26, 0xf4, 0x65, 0xa0, 0xc2, 0x8a, 0x5e, 0x42, 0x67, 0x83,
    0x78, 0x18, 0x6e, 0x08, 0x4a, 0x4c, 0x0c, 0x66, 0x19, 0x5c, 0xe2, 0x25, 0x82, 0x13, 0x4c, 0x0c,
    0x32, 0xe0, 0xa2, 0x37, 0x03, 0xb9, 0xc5, 0x59, 0x40, 0x01, 0x30, 0xa8, 0xb6, 0x80, 0x81, 0x81,
    0x00, 0xfe, 0xc3, 0x06, 0xc4, 0x6d, 0x05, 0x03, 0x30, 0x4b, 0xf0, 0x12, 0x23, 0x06, 0x86, 0x11,
    0x82, 0x60, 0x20, 0x06, 0xbd, 0x76, 0x6b, 0xb6, 0x76, 0x88, 0xad, 0xe1, 0x70, 0x43, 0x82, 0x6b,
    0x64, 0x30, 0xcb, 0xc0, 0x12, 0x2d, 0x11, 0xd0, 0x7f, 0x01, 0x63, 0xd8, 0x80, 0x68, 0xb7, 0x60,
    0x00, 0x66, 0x09, 0x62, 0x62, 0xc4, 0xc0, 0x30, 0x42, 0x10, 0x0c, 0xc4, 0x00, 0xdc, 0x74, 0x2d,
    0xd7, 0x28, 0xcc, 0xac, 0x31, 0xdc, 0x10, 0xcc, 0x9a, 0x19, 0xcc, 0x32, 0xc8, 0xc4, 0x4c, 0x04,
    0x27, 0xc4, 0x98, 0xcc, 0x12, 0xd4, 0xc4, 0x88, 0x81, 0x61, 0x84, 0x20, 0x18, 0x88, 0xc1, 0xb8,
    0xf5, 0x1a, 0xaf, 0x11, 0x99, 0x59, 0x63, 0xb8, 0x21, 0x98, 0x31, 0x31, 0x98, 0x65, 0xa0, 0x09,
    0x9c, 0x08, 0x66, 0x19, 0x6e, 0xc2, 0x26, 0xc8, 0x65, 0xa0, 0xc2, 0x72, 0xeb, 0x40, 0x26, 0x9e,
    0x9a, 0xc8, 0x80, 0x8b, 0x8e, 0x0c, 0x24, 0xf6, 0x67, 0x01, 0x05, 0xc0, 0x38, 0xe2, 0x80, 0x0c,
    0xb8, 0xe8, 0xcb, 0x70, 0x6f, 0xa3, 0x16, 0x0c, 0x1b, 0x10, 0x01, 0x31, 0x00, 0x78, 0x94, 0x1b,
    0x0c, 0x0c, 0x37, 0x04, 0x0d, 0x18, 0xcc, 0x32, 0xcc, 0x44, 0x4d, 0x04, 0x03, 0x15, 0x00, 0x19,
    0x07, 0x34, 0x11, 0xdd, 0xc4, 0xb0, 0x01, 0xd1, 0x2e, 0xc1, 0x00, 0xcc, 0x12, 0xe0, 0xc4, 0x40,
    0x85, 0x15, 0xdd, 0x84, 0x68, 0x07, 0x34, 0x31, 0x50, 0x01, 0x34, 0x37, 0x81, 0xc6, 0x01, 0x4d,
    0xa0, 0xe0, 0x88, 0xc0, 0x05, 0x61, 0x06, 0x19, 0x70, 0xd1, 0x97, 0x01, 0xe4, 0x58, 0x2d, 0xa0,
    0x00, 0x18, 0x18, 0x18, 0xe0, 0x8f, 0x08, 0xbc, 0xc1, 0xc0, 0x70, 0x43, 0x60, 0x66, 0x60, 0x30,
    0xcb, 0x60, 0x13, 0x37, 0x11, 0x8c, 0x18, 0x18, 0x46, 0x08, 0x82, 0x81, 0x18, 0xe4, 0xdb, 0xbc,
    0xc9, 0x1b, 0x99, 0x1c, 0x30, 0x30, 0xd0, 0x0d, 0xf0, 0xa7, 0x3c, 0xb3, 0xc6, 0x70, 0x43, 0xb0,
    0x66, 0x66, 0x30, 0xcb, 0x90, 0x13, 0x3a, 0x11, 0xd0, 0x9f, 0x59, 0x03, 0x83, 0x7a, 0x11, 0x81,
    0x0b, 0x6e, 0x0c, 0x2e, 0x28, 0x84, 0x44, 0xcd, 0x1a, 0x17, 0xe4, 0x8b, 0x0c, 0x37, 0x08, 0xf5,
    0x66, 0x06, 0xb3, 0x04, 0x3c, 0x31, 0x62, 0x60, 0x18, 0x21, 0x08, 0x06, 0x62, 0x40, 0x72, 0xfe,
    0xd6, 0x6f, 0x54, 0x67, 0xd6, 0x18, 0x6e, 0x08, 0xee, 0xcd, 0x0c, 0x66, 0x19, 0x76, 0xe2, 0x27,
    0x02, 0x14, 0xfa, 0x45, 0x04, 0x28, 0xd5, 0xac, 0x41, 0xa6, 0x66, 0x8d, 0xe1, 0x86, 0x00, 0xcf,
    0xcc, 0x60, 0x96, 0x00, 0x2c, 0x06, 0x2a, 0x2c, 0x79, 0x0e, 0x72, 0xa2, 0xeb, 0x09, 0x0c, 0x16,
    0x10, 0xc8, 0x80, 0x93, 0x2e, 0x09, 0xb5, 0x16, 0x50, 0x20, 0x89, 0x0c, 0x00, 0x44, 0x2b, 0x10,
    0xff, 0x3c, 0x38, 0xe9, 0xcd, 0x00, 0x67, 0xea, 0x16, 0x50, 0x00, 0x0c, 0x24, 0x02, 0xf0, 0x9f,
    0x65, 0xf0, 0x89, 0x9e, 0x90, 0x06, 0x2a, 0x00, 0x79, 0x0e, 0x78, 0x22, 0x0d, 0x7c, 0x02, 0x03,
    0xf8, 0x10, 0x7f, 0x0c, 0x06, 0xf0, 0x1f, 0x36, 0x20, 0x8c, 0x60, 0x00, 0xce, 0x31, 0x35, 0x18,
    0x6e, 0x08, 0x3c, 0x34, 0x98, 0x65, 0xe0, 0x09, 0x9d, 0x08, 0x06, 0x2a, 0xac, 0x30, 0xf0, 0x09,
    0x1c, 0x0f, 0x78, 0x62, 0xa0, 0x02, 0xe8, 0x7c, 0xc2, 0x9f, 0x03, 0x9e, 0x48, 0x81, 0x8b, 0x8e,
    0x0c, 0x6b, 0x57, 0x6f, 0x01, 0x05, 0xc0, 0xb8, 0xa2, 0x83, 0x0b, 0xc6, 0x40, 0x2e, 0xc8, 0x33,
    0xb8, 0xe0, 0x0c, 0xe4, 0x82, 0x0c, 0x32, 0xe0, 0xa4, 0x4b, 0xc2, 0xbb, 0x05, 0x14, 0x48, 0x22,
    0x03, 0x00, 0x51, 0x09, 0xc4, 0x1f, 0x03, 0x07, 0xfc, 0x11, 0x1a, 0x3b, 0x18, 0x18, 0x6e, 0x08,
    0xd4, 0x00, 0x0c, 0x66, 0x19, 0x7a, 0xc2, 0x27, 0x82, 0x11, 0x03, 0xc3, 0x08, 0x41, 0x30, 0x10,
    0x03, 0xb6, 0x33, 0xbb, 0xb2, 0xc3, 0xb1, 0xe9, 0x39, 0x11, 0xa0, 0x77, 0xb3, 0x06, 0xb1, 0x9b,
    0x35, 0xe8, 0xdd, 0xac, 0x81, 0xc1, 0xd9, 0x88, 0x00, 0xc9, 0x9b, 0x35, 0x86, 0x1b, 0x88, 0x70,
    0x33, 0x83, 0x13, 0xd4, 0x46, 0x86, 0x1b, 0x06, 0xb3, 0x33, 0x03, 0x44, 0xd8, 0x46, 0x04, 0x2e,
    0x70, 0x35, 0xb8, 0x20, 0x91, 0x59, 0x02, 0xb3, 0x18, 0xa8, 0xb0, 0x68, 0x3d, 0xd8, 0x89, 0x3d,
    0x20, 0x8b, 0x0c, 0xb8, 0xe8, 0xc6, 0x90, 0x7a, 0x32, 0x17, 0x50, 0x30, 0x88, 0xe1, 0x86, 0x20,
    0xdd, 0xcc, 0x60, 0x96, 0x21, 0x2c, 0xc8, 0x22, 0x48, 0xc1, 0x8a, 0xe1, 0x06, 0xb9, 0x09, 0xcc,
    0x60, 0xb8, 0x81, 0x58, 0x37, 0x32, 0xb8, 0x40, 0xd0, 0x59, 0x06, 0xb1, 0x20, 0x8b, 0x20, 0x0d,
    0x2e, 0x7a, 0x30, 0xcc, 0x9e, 0xce, 0x05, 0x14, 0x00, 0xe3, 0x18, 0x3f, 0x80, 0x0b, 0xfc, 0x40,
    0x2e, 0xf0, 0x35, 0xb8, 0xe0, 0x0f, 0x64, 0x96, 0x61, 0x2c, 0xc8, 0xe2, 0x0f, 0x06, 0x2a, 0xac,
    0x6b, 0x2c, 0xdc, 0x3b, 0x10, 0x0b, 0x0c, 0x04, 0x10, 0xc8, 0x80, 0x93, 0x2e, 0x09, 0x20, 0x17,
    0x50, 0x20, 0x89, 0x0c, 0x00, 0xc4, 0x25, 0x10, 0xff, 0x3c, 0x38, 0xe9, 0xcd, 0xe0, 0x6e, 0x68,
    0x17, 0x50, 0x00, 0x0c, 0x24, 0x02, 0xf0, 0x1f, 0x36, 0x20, 0x86, 0x60, 0x00, 0x6e, 0x09, 0x39,
    0x18, 0x6e, 0x08, 0x58, 0x01, 0x0d, 0x66, 0x19, 0xc6, 0x82, 0x2c, 0x02, 0xec, 0x5c, 0x0f, 0x06,
    0x86, 0x1b, 0x02, 0x59, 0x00, 0x83, 0x59, 0x86, 0x9f, 0x00, 0x8b, 0x60, 0xc4, 0xc0, 0x30, 0x42,
    0x10, 0x0c, 0xc4, 0xe0, 0xf6, 0x62, 0x0f, 0xf6, 0x46, 0x0c, 0x0c, 0x04, 0x04, 0xc1, 0xc0, 0xcb,
    0x3d, 0x7f, 0xbb, 0x1d, 0x8c, 0x1d, 0xd8, 0x83, 0x01, 0xba, 0x39, 0x6b, 0x0c, 0x37, 0x08, 0x01,
    0x1a, 0xcc, 0x32, 0xc0, 0x82, 0x2b, 0x04, 0x03, 0x15, 0x16, 0xce, 0x07, 0x3f, 0xd1, 0x0f, 0x6c,
    0x91, 0x01, 0x17, 0x9d, 0x18, 0xd8, 0x8f, 0xee, 0x02, 0x0a, 0x06, 0x91, 0x81, 0x25, 0xc3, 0x0d,
    0x02, 0xcb, 0x99, 0xc1, 0x2c, 0xc3, 0x59, 0xb0, 0x45, 0x30, 0xdc, 0x40, 0x3b, 0x82, 0x19, 0x0c,
    0x37, 0x10, 0x2d, 0x47, 0x06, 0x17, 0x08, 0x3a, 0xcb, 0x80, 0x16, 0x6c, 0x11, 0xa4, 0xc1, 0x45,
    0x0f, 0x86, 0xfa, 0xe3, 0xbb, 0x80, 0x02, 0x60, 0x1c, 0xa3, 0x07, 0x70, 0x81, 0x1e, 0xc8, 0x05,
    0x20, 0x07, 0x17, 0xec, 0x81, 0x9c, 0x1e, 0x30, 0x70, 0x81, 0x1e, 0xc8, 0x2c, 0x43, 0x5a, 0xb0,
    0x85, 0x1e, 0x0c, 0x54, 0x58, 0x6b, 0xa0, 0x16, 0x76, 0x1e, 0xa0, 0xc5, 0x2c, 0xc3, 0x5a, 0xa8,
    0x45, 0x1e, 0x0c, 0x54, 0x00, 0x62, 0x1e, 0xa4, 0x45, 0x2c, 0xac, 0x05, 0x0a, 0x77, 0x00, 0x02,
    0x19, 0x70, 0xd2, 0x25, 0x01, 0xef, 0x02, 0x0a, 0x24, 0x91, 0x01, 0x80, 0x78, 0x28, 0x20, 0x90,
    0x01, 0x27, 0x5d, 0x12, 0xce, 0x2e, 0xa0, 0x40, 0x12, 0x19, 0x00, 0x68, 0x0b, 0xf8, 0x63, 0x30,
    0x2b, 0xe2, 0x8f, 0x01, 0x12, 0xfe, 0x18, 0x10, 0xe0, 0x8f, 0xc1, 0x25, 0xfe, 0x19, 0x71, 0xd2,
    0x9b, 0x81, 0xe7, 0x6c, 0x2f, 0xa0, 0x00, 0x18, 0x48, 0x04, 0xe0, 0x3f, 0x6c, 0x40, 0x0c, 0xc1,
    0x00, 0x5c, 0xf5, 0x76, 0x30, 0xdc, 0x10, 0xd0, 0x02, 0x1a, 0xcc, 0x32, 0xa4, 0x05, 0x5b, 0x04,
    0x03, 0x15, 0xd6, 0x19, 0xac, 0x85, 0xfa, 0x07, 0x69, 0x31, 0x50, 0x01, 0x8c, 0xc1, 0x5a, 0xc0,
    0x7a, 0x90, 0x16, 0x28, 0x68, 0x20, 0x90, 0x01, 0x27, 0x9d, 0x12, 0x68, 0x2f, 0xa0, 0x80, 0x0a,
    0x23, 0x06, 0xc6, 0x11, 0x82, 0x60, 0xe1, 0x1f, 0x60, 0xa0, 0x82, 0x41, 0x80, 0xc1, 0xb9, 0x88,
    0xff, 0x21, 0xb8, 0x00, 0x17, 0xfc, 0x82, 0x5c, 0x50, 0x76, 0x70, 0x01, 0x38, 0xc8, 0x05, 0x63,
    0x00, 0x19, 0x70, 0xd2, 0x25, 0x61, 0xf7, 0x02, 0x0a, 0x24, 0x91, 0x01, 0x80, 0xa8, 0x04, 0xe2,
    0x8f, 0x41, 0x04, 0xfe, 0x38, 0xbd, 0x60, 0x00, 0x03, 0xc3, 0x0d, 0x81, 0x39, 0x80, 0xc1, 0x2c,
    0x83, 0x5a, 0xac, 0x45, 0x80, 0x7e, 0x10, 0x83, 0x01, 0x0c, 0x0c, 0x37, 0x04, 0x2a, 0x18, 0x80,
    0xc1, 0x2c, 0x43, 0x59, 0x98, 0x45, 0x30, 0x62, 0x60, 0x20, 0x20, 0x08, 0x06, 0x1e, 0x0f, 0x06,
    0xa2, 0x27, 0x46, 0xb3, 0x04, 0x6f, 0x31, 0x50, 0x61, 0xc9, 0x7c, 0xf0, 0x0a, 0x91, 0x5b, 0x64,
    0xc0, 0x49, 0x6f, 0x06, 0xbd, 0xa3, 0xbf, 0x80, 0x02, 0x60, 0x64, 0x20, 0xdd, 0x15, 0x3a, 0x04,
    0x19, 0x70, 0xd1, 0x25, 0xc1, 0xfc, 0x82, 0x61, 0x03, 0x22, 0x20, 0x04, 0xe0, 0x10, 0xd8, 0x83,
    0xe1, 0x86, 0x00, 0x8c, 0xd0, 0x60, 0x96, 0xc1, 0x2d, 0xda, 0x22, 0xd0, 0x80, 0x18, 0x00, 0xb3,
    0x01, 0x00, 0x00, 0x5b, 0x0e, 0x21, 0x20, 0x91, 0xa3, 0x44, 0x10, 0x13, 0xd9, 0x72, 0x14, 0x01,
    0x89, 0x1c, 0x27, 0x82, 0xa0, 0xc8, 0x96, 0x03, 0x09, 0x48, 0xe4, 0x48, 0x11, 0x44, 0x45, 0xb6,
    0x1c, 0x4e, 0x40, 0x22, 0x47, 0x8a, 0x20, 0x2a, 0xb2, 0xe5, 0x80, 0x02, 0x12, 0x39, 0x56, 0x04,
    0x61, 0x91, 0x2d, 0x87, 0x18, 0x04, 0x2e, 0x72, 0xbc, 0x08, 0x02, 0x23, 0x5b, 0x06, 0x33, 0x08,
    0x64, 0x64, 0xcb, 0x90, 0x06, 0xd2, 0x6e, 0x6c, 0x19, 0xdc, 0x20, 0x90, 0x91, 0x2d, 0x03, 0x1c,
    0x04, 0x32, 0xb2, 0xe5, 0xd0, 0x83, 0x80, 0x44, 0x0e, 0x1a, 0x41, 0x6a, 0x64, 0xcb, 0xd1, 0x07,
    0x01, 0x89, 0x1c, 0x36, 0x82, 0xdc, 0xc8, 0x96, 0xc3, 0x0f, 0x02, 0x12, 0x39, 0x70, 0x04, 0xc9,
    0x91, 0x2d, 0x87, 0x2a, 0x04, 0x3b, 0x72, 0xf0, 0x08, 0xd2, 0x23, 0x5b, 0x86, 0x56, 0x08, 0x76,
    0x64, 0xcb, 0xf1, 0x0a, 0xc1, 0x8e, 0x1c, 0x3e, 0x82, 0xfc, 0xc8, 0x96, 0x21, 0x16, 0x82, 0x1d,
    0xd9, 0x32, 0xd4, 0x82, 0xc4, 0x1b, 0x5b, 0x0e, 0x5d, 0x08, 0x76, 0xe4, 0x00, 0x13, 0x24, 0x4c,
    0xb6, 0x0c, 0xbb, 0x10, 0xec, 0xc8, 0x96, 0xc3, 0x17, 0x02, 0x12, 0x39, 0x52, 0x04, 0x51, 0x91,
    0x2d, 0x47, 0x38, 0x04, 0x24, 0x72, 0x9c, 0x08, 0x82, 0x22, 0x5b, 0x8e, 0x72, 0x08, 0x48, 0xe4,
    0x10, 0x13, 0x64, 0x4c, 0xb6, 0x1c, 0xea, 0x10, 0x90, 0xc8, 0x91, 0x22, 0x88, 0x8a, 0x6c, 0x39,
    0xe2, 0x21, 0x70, 0x91, 0x83, 0x4c, 0x90, 0x32, 0xd9, 0x72, 0xdc, 0x43, 0x20, 0x23, 0x87, 0x99,
    0x20, 0x67, 0xb2, 0xe5, 0xc8, 0x87, 0x40, 0x46, 0x0e, 0x34, 0x41, 0xd2, 0x64, 0xcb, 0xf1, 0x0f,
    0x81, 0x8b, 0x1c, 0x64, 0x82, 0x94, 0xc9, 0x96, 0x01, 0x25, 0x02, 0x19, 0xd9, 0x32, 0xb0, 0x44,
    0x20, 0x23, 0x5b, 0x06, 0x98, 0x90, 0x7a, 0x63, 0xcb, 0x20, 0x13, 0x81, 0x8c, 0x6c, 0x19, 0x72,
    0x22, 0x90, 0x91, 0x2d, 0xc3, 0x4e, 0x04, 0x32, 0xb2, 0x65, 0x00, 0x0b, 0xc9, 0x37, 0xb6, 0x0c,
    0x61, 0x11, 0xc8, 0xc8, 0x96, 0x81, 0x2d, 0x02, 0x19, 0xd9, 0x32, 0xb4, 0x45, 0x20, 0x23, 0x5b,
    0x86, 0xb7, 0x08, 0x64, 0x64, 0xcb, 0x30, 0x17, 0xd2, 0x6f, 0x6c, 0x19, 0xea, 0x22, 0x90, 0x91,
    0x2d, 0xc7, 0x5d, 0x04, 0x24, 0x72, 0xa8, 0x09, 0xb2, 0x26, 0x5b, 0x8e, 0xbd, 0x08, 0x48, 0xe4,
    0x38, 0x11, 0x04, 0x45, 0xb6, 0x1c, 0x7c, 0x11, 0x90, 0xc8, 0x91, 0x22, 0x88, 0x8a, 0x6c, 0x39,
    0x46, 0x23, 0x20, 0x91, 0x43, 0x4c, 0x90, 0x31, 0xd9, 0x32, 0xa0, 0x46, 0x20, 0x23, 0x5b, 0x8e,
    0xd7, 0x08, 0x5c, 0xe4, 0x60, 0x13, 0xa4, 0x4d, 0xb6, 0x1c, 0xb5, 0x11, 0xc8, 0xc8, 0x61, 0x26,
    0xc8, 0x99, 0x6c, 0x39, 0x6e, 0x23, 0x90, 0x91, 0x03, 0x4d, 0x90, 0x34, 0xd9, 0x72, 0xf4, 0x46,
    0xe0, 0x22, 0x07, 0x9b, 0x20, 0x6d, 0xb2, 0x65, 0x40, 0x8f, 0x40, 0x46, 0xb6, 0x0c, 0xed, 0x21,
    0x81, 0xc7, 0x96, 0x41, 0x3e, 0x02, 0x19, 0xd9, 0x72, 0xd8, 0x47, 0x20, 0x23, 0x87, 0x9b, 0x20,
    0x6f, 0xb2, 0xe5, 0x40, 0x91, 0xc0, 0x45, 0x0e, 0x38, 0x41, 0xe2, 0x64, 0xcb, 0xb1, 0x22, 0x81,
    0x8b, 0x1c, 0x72, 0x82, 0xcc, 0xc9, 0x96, 0xa3, 0x45, 0x02, 0x12, 0x39, 0xe8, 0x04, 0xa9, 0x93,
    0x2d, 0xc7, 0x8b, 0x04, 0x24, 0x72, 0xa8, 0x09, 0xb2, 0x26, 0x5b, 0x8e, 0x18, 0x09, 0x64, 0xe4,
    0x70, 0x13, 0xe4, 0x4d, 0xb6, 0x1c, 0x39, 0x12, 0x90, 0xc8, 0x81, 0x23, 0x48, 0x8e, 0x6c, 0x39,
    0xc4, 0x24, 0x20, 0x91, 0x63, 0x45, 0x10, 0x16, 0xd9, 0x32, 0x90, 0x89, 0x14, 0x1e, 0x5b, 0x06,
    0x3a, 0x09, 0x64, 0x64, 0xcb, 0x81, 0x27, 0x81, 0x9d, 0x1c, 0x77, 0x82, 0xe0, 0xc9, 0x96, 0xc1,
    0x4f, 0x24, 0xf1, 0xd8, 0x32, 0x8c, 0x4a, 0xb0, 0x23, 0x5b, 0x0e, 0x5a, 0x09, 0x5c, 0xe4, 0xc8,
    0x13, 0x44, 0x4f, 0xb6, 0x1c, 0xba, 0x12, 0xc8, 0xc8, 0x61, 0x26, 0xc8, 0x99, 0x6c, 0x39, 0x78,
    0x25, 0x90, 0x91, 0x03, 0x4d, 0x90, 0x34, 0xd9, 0x72, 0x88, 0x4b, 0xe0, 0x22, 0x47, 0x9e, 0x20,
    0x7a, 0xb2, 0x65, 0x58, 0x97, 0x40, 0x46, 0xb6, 0x0c, 0xf0, 0x12, 0xc8, 0xc8, 0x96, 0xe1, 0x5e,
    0xa4, 0xf1, 0xd8, 0x32, 0xf4, 0x8b, 0x44, 0x1e, 0x5b, 0x86, 0x91, 0x09, 0x76, 0x64, 0xcb, 0x51,
    0x33, 0x81, 0x8b, 0x1c, 0x7b, 0x82, 0xf0, 0xc9, 0x96, 0x63, 0x67, 0x02, 0x19, 0x39, 0xcc, 0x04,
    0x39, 0x93, 0x2d, 0x47, 0xcf, 0x04, 0x32, 0x72, 0xa0, 0x09, 0x92, 0x26, 0x5b, 0x8e, 0xb1, 0x09,
    0x5c, 0xe4, 0xd8, 0x13, 0x84, 0x4f, 0xb6, 0x0c, 0x6c, 0x13, 0xc8, 0xc8, 0x96, 0x21, 0x6e, 0x02,
    0x19, 0xd9, 0x32, 0xe0, 0x8d, 0x54, 0x1e, 0x5b, 0x06, 0xbf, 0x91, 0xcc, 0x63, 0xcb, 0xf0, 0x3a,
    0xd2, 0x79, 0x6c, 0x19, 0x60, 0x27, 0x90, 0x91, 0x2d, 0x43, 0xec, 0x04, 0x32, 0xb2, 0x65, 0xb8,
    0x9d, 0x40, 0x46, 0xb6, 0x0c, 0xb8, 0x13, 0xc8, 0xc8, 0x96, 0x81, 0x77, 0x02, 0x19, 0xd9, 0x32,
    0xf8, 0x4e, 0x20, 0x23, 0x5b, 0x86, 0xf6, 0x09, 0x64, 0x64, 0xcb, 0xe0, 0x3e, 0x81, 0x8c, 0x6c,
    0x19, 0xe6, 0x47, 0x42, 0x8f, 0x2d, 0x47, 0xfe, 0x04, 0x32, 0x72, 0xf4, 0x09, 0xe2, 0x27, 0x5b,
    0x0e, 0xff, 0x09, 0x48, 0xe4, 0x58, 0x11, 0x84, 0x45, 0xb6, 0x1c, 0x2a, 0x14, 0x90, 0xc8, 0x91,
    0x22, 0x88, 0x8a, 0x6c, 0x39, 0x64, 0x28, 0x20, 0x91, 0x83, 0x46, 0x90, 0x1a, 0xd9, 0x72, 0xd4,
    0x50, 0x40, 0x22, 0x87, 0x8d, 0x20, 0x37, 0xb2, 0xe5, 0xb0, 0xa1, 0x80, 0x44, 0x0e, 0x1c, 0x41,
    0x72, 0x64, 0xcb, 0x21, 0x46, 0xc1, 0x8e, 0x1c, 0x3c, 0x82, 0xf4, 0xc8, 0x96, 0xa1, 0x8c, 0x82,
    0x1d, 0xd9, 0x72, 0x9c, 0x51, 0xb0, 0x23, 0x87, 0x8f, 0x20, 0x3f, 0xb2, 0x65, 0x48, 0xa3, 0x60,
    0x47, 0xb6, 0x0c, 0x6d, 0x24, 0xa5, 0xc7, 0x96, 0x43, 0x8e, 0x82, 0x1d, 0x39, 0xc0, 0x04, 0x09,
    0x93, 0x2d, 0xc3, 0x1c, 0x05, 0x3b, 0xb2, 0xe5, 0xc0, 0xa3, 0x80, 0x44, 0x8e, 0x14, 0x41, 0x54,
    0x64, 0xcb, 0xb1, 0x47, 0x01, 0x89, 0x1c, 0x27, 0x82, 0xa0, 0xc8, 0x96, 0xe3, 0x8f, 0x02, 0x12,
    0x39, 0xc4, 0x04, 0x19, 0x93, 0x2d, 0x03, 0x29, 0x05, 0x32, 0xb2, 0xe5, 0x28, 0xa5, 0x80, 0x44,
    0x0e, 0x35, 0x41, 0xd6, 0x64, 0xcb, 0xc0, 0x4a, 0x81, 0x8c, 0x6c, 0x19, 0x5a, 0x29, 0x90, 0x91,
    0x2d, 0x87, 0x2c, 0x05, 0x24, 0x72, 0xa4, 0x08, 0xa2, 0x22, 0x5b, 0x8e, 0x5c, 0x0a, 0x5c, 0xe4,
    0x20, 0x13, 0xa4, 0x4c, 0xb6, 0x1c, 0xbf, 0x14, 0xc8, 0xc8, 0x61, 0x26, 0xc8, 0x99, 0x6c, 0x39,
    0xc2, 0x29, 0x90, 0x91, 0x03, 0x4d, 0x90, 0x34, 0xd9, 0x72, 0x9c, 0x53, 0xe0, 0x22, 0x07, 0x99,
    0x20, 0x65, 0xb2, 0x65, 0x80, 0xa7, 0x40, 0x46, 0xb6, 0x0c, 0xf4, 0x14, 0xc8, 0xc8, 0x96, 0x01,
    0x9f, 0x24, 0xf5, 0xd8, 0x32, 0xe8, 0x53, 0x20, 0x23, 0x5b, 0x86, 0x90, 0x0a, 0x64, 0x64, 0xcb,
    0x30, 0x52, 0x81, 0x8c, 0x6c, 0x19, 0x50, 0x4a, 0x5a, 0x8f, 0x2d, 0x43, 0x4a, 0x05, 0x32, 0xb2,
    0xe5, 0x50, 0xa9, 0x80, 0x44, 0x0e, 0x35, 0x41, 0xd6, 0x64, 0xcb, 0x30, 0x53, 0x81, 0x8c, 0x6c,
    0x19, 0x68, 0x2a, 0x90, 0x91, 0x2d, 0x83, 0x4d, 0x05, 0x32, 0xb2, 0x65, 0xd8, 0x29, 0x89, 0x3d,
    0xb6, 0x1c, 0x3d, 0x15, 0x90, 0xc8, 0x71, 0x22, 0x08, 0x8a, 0x6c, 0x39, 0x7c, 0x2a, 0x20, 0x91,
    0x23, 0x45, 0x10, 0x15, 0xd9, 0x72, 0x94, 0x55, 0x40, 0x22, 0x87, 0x98, 0x20, 0x63, 0xb2, 0x65,
    0x50, 0xab, 0x40, 0x46, 0xb6, 0x1c, 0x71, 0x15, 0xb8, 0xc8, 0xc1, 0x26, 0x48, 0x9b, 0x6c, 0x39,
    0xee, 0x2a, 0x90, 0x91, 0xc3, 0x4c, 0x90, 0x33, 0xd9, 0x72, 0xe4, 0x55, 0x20, 0x23, 0x07, 0x9a,
    0x20, 0x69, 0xb2, 0xe5, 0xf8, 0xab, 0xc0, 0x45, 0x0e, 0x36, 0x41, 0xda, 0x64, 0xcb, 0xa0, 0x5a,
    0x81, 0x8c, 0x6c, 0x19, 0x5e, 0x4b, 0x6a, 0x8f, 0x2d, 0xc7, 0x6c, 0x05, 0x32, 0x72, 0xb8, 0x09,
    0xf2, 0x26, 0x5b, 0x8e, 0xdd, 0x0a, 0x5c, 0xe4, 0x90, 0x13, 0x64, 0x4e, 0xb6, 0x1c, 0xbe, 0x15,
    0xb8, 0xc8, 0x01, 0x27, 0x48, 0x9c, 0x6c, 0x39, 0xc4, 0x2b, 0x20, 0x91, 0x83, 0x4e, 0x90, 0x3a,
    0xd9, 0x72, 0x90, 0x57, 0x40, 0x22, 0x87, 0x9a, 0x20, 0x6b, 0xb2, 0xe5, 0x68, 0xaf, 0x80, 0x44,
    0x0e, 0x1c, 0x41, 0x72, 0x64, 0xcb, 0x30, 0x5f, 0x81, 0x8c, 0x6c, 0x19, 0x48, 0x2c, 0x90, 0x91,
    0x2d, 0x07, 0x8a, 0x05, 0x76, 0x72, 0xdc, 0x09, 0x82, 0x27, 0x5b, 0x06, 0x17, 0x93, 0xdc, 0x63,
    0xcb, 0x30, 0x63, 0xc1, 0x8e, 0x6c, 0x39, 0xc8, 0x2c, 0x70, 0x91, 0x23, 0x4f, 0x10, 0x3d, 0xd9,
    0x72, 0xa8, 0x59, 0x20, 0x23, 0x87, 0x99, 0x20, 0x67, 0xb2, 0xe5, 0x60, 0xb3, 0x40, 0x46, 0x0e,
    0x34, 0x41, 0xd2, 0x64, 0xcb, 0x21, 0x67, 0x81, 0x8b, 0x1c, 0x79, 0x82, 0xe8, 0xc9, 0x96, 0x61,
    0xcf, 0x02, 0x19, 0xd9, 0x32, 0x80, 0x5a, 0x20, 0x23, 0x5b, 0x86, 0x53, 0x93, 0xde, 0x63, 0xcb,
    0xd0, 0x6a, 0x12, 0x7c, 0x6c, 0x19, 0x66, 0x2d, 0xd8, 0x91, 0x2d, 0x47, 0xb9, 0x05, 0x2e, 0x72,
    0xec, 0x09, 0xc2, 0x27, 0x5b, 0x8e, 0x75, 0x0b, 0x64, 0xe4, 0x30, 0x13, 0xe4, 0x4c, 0xb6, 0x1c,
    0xed, 0x16, 0xc8, 0xc8, 0x81, 0x26, 0x48, 0x9a, 0x6c, 0x39, 0xe6, 0x2d, 0x70, 0x91, 0x63, 0x4f,
    0x10, 0x3e, 0xd9, 0x32, 0xf0, 0x5b, 0x20, 0x23, 0x5b, 0x86, 0x90, 0x0b, 0x64, 0x64, 0xcb, 0x80,
    0x72, 0x52, 0x7c, 0x6c, 0x19, 0x5c, 0x4e, 0x92, 0x8f, 0x2d, 0x47, 0xcf, 0x05, 0x76, 0x72, 0xdc,
    0x09, 0x82, 0x27, 0x5b, 0x06, 0xb1, 0x0b, 0x64, 0x64, 0xcb, 0x40, 0x76, 0x81, 0x8c, 0x6c, 0x19,
    0xce, 0x4e, 0x9a, 0x8f, 0x2d, 0x83, 0xda, 0x05, 0x32, 0xb2, 0x65, 0x70, 0x3b, 0x89, 0x3e, 0xb6,
    0x0c, 0x76, 0x17, 0xc8, 0xc8, 0x96, 0xe1, 0xee, 0x02, 0x19, 0xd9, 0x32, 0xe4, 0x5d, 0x20, 0x23,
    0x5b, 0x06, 0xbf, 0x93, 0xea, 0x63, 0xcb, 0xf0, 0x77, 0x81, 0x8c, 0x6c, 0x19, 0x40, 0x2f, 0x90,
    0x91, 0x2d, 0xc7, 0xe8, 0x05, 0x24, 0x72, 0xa8, 0x09, 0xb2, 0x26, 0x5b, 0x8e, 0xd4, 0x0b, 0x48,
    0xe4, 0x50, 0x13, 0x64, 0x4d, 0xb6, 0x0c, 0xb0, 0x17, 0xc8, 0xc8, 0x96, 0x81, 0xf6, 0x02, 0x19,
    0xd9, 0x32, 0xdc, 0x9e, 0x64, 0x1f, 0x5b, 0x86, 0xdc, 0x0b, 0x64, 0x64, 0xcb, 0x10, 0x7e, 0x81,
    0x8c, 0x6c, 0x19, 0xca, 0x4f, 0xba, 0x8f, 0x2d, 0xc3, 0xf9, 0x05, 0x32, 0xb2, 0xe5, 0x48, 0xbf,
    0x80, 0x44, 0x8e, 0x14, 0x41, 0x54, 0x64, 0xcb, 0xc1, 0x7e, 0x01, 0x89, 0x1c, 0x27, 0x82, 0xa0,
    0xc8, 0x96, 0x03, 0xfe, 0x02, 0x12, 0x39, 0xd4, 0x04, 0x59, 0x93, 0x2d, 0x47, 0xfd, 0x05, 0x24,
    0x72, 0xe0, 0x08, 0x92, 0x23, 0x5b, 0x8e, 0x10, 0x0c, 0x02, 0x17, 0x39, 0xfe, 0x04, 0x01, 0x95,
    0x2d, 0x83, 0x09, 0x06, 0x81, 0x8c, 0x6c, 0x19, 0x58, 0x30, 0x08, 0x64, 0x64, 0xcb, 0xf0, 0x82,
    0x81, 0x84, 0x1f, 0x5b, 0x06, 0x1a, 0x0c, 0x02, 0x19, 0xd9, 0x72, 0xf0, 0x60, 0x10, 0xb8, 0xc8,
    0x11, 0x2a, 0x88, 0xa8, 0x6c, 0x19, 0xc4, 0x30, 0x90, 0xf2, 0x63, 0xcb, 0x40, 0x87, 0x41, 0xb0,
    0x23, 0x5b, 0x06, 0x3f, 0x0c, 0x02, 0x19, 0xd9, 0x72, 0xa0, 0x62, 0x10, 0xb8, 0xc8, 0x31, 0x2a,
    0x08, 0xa9, 0x6c, 0x19, 0x5a, 0x31, 0x08, 0x64, 0x64, 0xcb, 0xf0, 0x8a, 0x41, 0x20, 0x23, 0x5b,
    0x06, 0x59, 0x0c, 0x24, 0xfd, 0xd8, 0x32, 0xd4, 0x62, 0x20, 0xed, 0xc7, 0x96, 0x23, 0x17, 0x83,
    0x80, 0x44, 0x8e, 0x15, 0x41, 0x58, 0x64, 0xcb, 0xb0, 0x8b, 0x81, 0xc4, 0x1f, 0x5b, 0x86, 0x5f,
    0x0c, 0x82, 0x1d, 0xd9, 0x32, 0xa4, 0x63, 0x10, 0xc8, 0xc8, 0x96, 0xe3, 0x1e, 0x83, 0xc0, 0x45,
    0x8e, 0x3f, 0x41, 0x40, 0x65, 0xcb, 0xc1, 0x8f, 0x41, 0xe0, 0x22, 0x47, 0xa9, 0x20, 0xa6, 0xb2,
    0x65, 0x28, 0xc9, 0x20, 0x90, 0x91, 0x2d, 0xc3, 0x49, 0x06, 0x81, 0x8c, 0x6c, 0x19, 0x54, 0x32,
    0x90, 0xfa, 0x63, 0xcb, 0x01, 0x93, 0x41, 0x60, 0x27, 0xc7, 0x9d, 0x20, 0x78, 0xb2, 0xe5, 0xd0,
    0xc9, 0x20, 0x70, 0x91, 0x23, 0x54, 0x10, 0x51, 0xd9, 0x32, 0x80, 0x65, 0x20, 0xf9, 0xc7, 0x96,
    0x61, 0x2c, 0x03, 0xe9, 0x3f, 0xb6, 0x0c, 0x69, 0x19, 0x04, 0x32, 0xb2, 0xe5, 0x70, 0xcb, 0x20,
    0x70, 0x91, 0xe3, 0x54, 0x10, 0x54, 0xd9, 0x32, 0xc4, 0x65, 0x20, 0x81, 0x08, 0x00, 0x00, 0x00,
    0x00, 0x00, 0x00, 0x71, 0x20, 0x00, 0x00, 0x03, 0x00, 0x00, 0x00, 0x32, 0x0e, 0x10, 0x22, 0x84,
    0x0e, 0xfc, 0x0b, 0x00, 0x00, 0x00, 0x00, 0x00, 0x00, 0x00, 0x00, 0x65, 0x0c, 0x00, 0x00, 0xa3,
    0x00, 0x00, 0x00, 0x12, 0x03, 0x94, 0x20, 0x05, 0x00, 0x00, 0x00, 0x03, 0x00, 0x00, 0x00, 0xc5,
    0x0c, 0x00, 0x00, 0x09, 0x00, 0x00, 0x00, 0x4c, 0x00, 0x00, 0x00, 0x01, 0x00, 0x00, 0x00, 0x58,
    0x00, 0x00, 0x00, 0x00, 0x00, 0x00, 0x00, 0x58, 0x00, 0x00, 0x00, 0x17, 0x00, 0x00, 0x00, 0x80,
    0x02, 0x00, 0x00, 0x00, 0x00, 0x00, 0x00, 0xce, 0x0c, 0x00, 0x00, 0x18, 0x00, 0x00, 0x00, 0x11,
    0x0c, 0x00, 0x00, 0x1d, 0x00, 0x00, 0x00, 0xdf, 0x00, 0x00, 0x00, 0x00, 0x00, 0x00, 0x00, 0x80,
    0x02, 0x00, 0x00, 0x00, 0x00, 0x00, 0x00, 0x00, 0x00, 0x00, 0x00, 0x17, 0x00, 0x00, 0x00, 0x00,
    0x00, 0x00, 0x00, 0x11, 0x0c, 0x00, 0x00, 0x1d, 0x00, 0x00, 0x00, 0x11, 0x0c, 0x00, 0x00, 0x1d,
    0x00, 0x00, 0x00, 0xff, 0xff, 0xff, 0xff, 0x00, 0x24, 0x00, 0x00, 0x2e, 0x0c, 0x00, 0x00, 0x16,
    0x00, 0x00, 0x00, 0x2e, 0x0c, 0x00, 0x00, 0x16, 0x00, 0x00, 0x00, 0xff, 0xff, 0xff, 0xff, 0x08,
    0x2c, 0x00, 0x00, 0x44, 0x0c, 0x00, 0x00, 0x16, 0x00, 0x00, 0x00, 0x44, 0x0c, 0x00, 0x00, 0x16,
    0x00, 0x00, 0x00, 0xff, 0xff, 0xff, 0xff, 0x08, 0x24, 0x00, 0x00, 0x5a, 0x0c, 0x00, 0x00, 0x0e,
    0x00, 0x00, 0x00, 0x5a, 0x0c, 0x00, 0x00, 0x0e, 0x00, 0x00, 0x00, 0xff, 0xff, 0xff, 0xff, 0x08,
    0x24, 0x00, 0x00, 0x68, 0x0c, 0x00, 0x00, 0x10, 0x00, 0x00, 0x00, 0x68, 0x0c, 0x00, 0x00, 0x10,
    0x00, 0x00, 0x00, 0xff, 0xff, 0xff, 0xff, 0x08, 0x24, 0x00, 0x00, 0x78, 0x0c, 0x00, 0x00, 0x14,
    0x00, 0x00, 0x00, 0x78, 0x0c, 0x00, 0x00, 0x14, 0x00, 0x00, 0x00, 0xff, 0xff, 0xff, 0xff, 0x08,
    0x2c, 0x00, 0x00, 0x8c, 0x0c, 0x00, 0x00, 0x18, 0x00, 0x00, 0x00, 0x8c, 0x0c, 0x00, 0x00, 0x18,
    0x00, 0x00, 0x00, 0xff, 0xff, 0xff, 0xff, 0x08, 0x2c, 0x00, 0x00, 0xa4, 0x0c, 0x00, 0x00, 0x11,
    0x00, 0x00, 0x00, 0xa4, 0x0c, 0x00, 0x00, 0x11, 0x00, 0x00, 0x00, 0xff, 0xff, 0xff, 0xff, 0x08,
    0x24, 0x00, 0x00, 0xb5, 0x0c, 0x00, 0x00, 0x10, 0x00, 0x00, 0x00, 0xb5, 0x0c, 0x00, 0x00, 0x10,
    0x00, 0x00, 0x00, 0xff, 0xff, 0xff, 0xff, 0x08, 0x24, 0x00, 0x00, 0x00, 0x00, 0x00, 0x00, 0xdf,
    0x00, 0x00, 0x00, 0x00, 0x00, 0x00, 0x00, 0xdf, 0x00, 0x00, 0x00, 0xff, 0xff, 0xff, 0xff, 0x00,
    0x10, 0x00, 0x00, 0xdf, 0x00, 0x00, 0x00, 0xe0, 0x00, 0x00, 0x00, 0xdf, 0x00, 0x00, 0x00, 0xe0,
    0x00, 0x00, 0x00, 0xff, 0xff, 0xff, 0xff, 0x00, 0x10, 0x00, 0x00, 0xbf, 0x01, 0x00, 0x00, 0xe1,
    0x00, 0x00, 0x00, 0xbf, 0x01, 0x00, 0x00, 0xe1, 0x00, 0x00, 0x00, 0xff, 0xff, 0xff, 0xff, 0x00,
    0x10, 0x00, 0x00, 0xa0, 0x02, 0x00, 0x00, 0xdb, 0x00, 0x00, 0x00, 0xa0, 0x02, 0x00, 0x00, 0xdb,
    0x00, 0x00, 0x00, 0xff, 0xff, 0xff, 0xff, 0x00, 0x10, 0x00, 0x00, 0x7b, 0x03, 0x00, 0x00, 0xd9,
    0x00, 0x00, 0x00, 0x7b, 0x03, 0x00, 0x00, 0xd9, 0x00, 0x00, 0x00, 0xff, 0xff, 0xff, 0xff, 0x00,
    0x10, 0x00, 0x00, 0x54, 0x04, 0x00, 0x00, 0xde, 0x00, 0x00, 0x00, 0x54, 0x04, 0x00, 0x00, 0xde,
    0x00, 0x00, 0x00, 0xff, 0xff, 0xff, 0xff, 0x00, 0x10, 0x00, 0x00, 0x32, 0x05, 0x00, 0x00, 0xd5,
    0x00, 0x00, 0x00, 0x32, 0x05, 0x00, 0x00, 0xd5, 0x00, 0x00, 0x00, 0xff, 0xff, 0xff, 0xff, 0x00,
    0x10, 0x00, 0x00, 0x07, 0x06, 0x00, 0x00, 0xd8, 0x00, 0x00, 0x00, 0x07, 0x06, 0x00, 0x00, 0xd8,
    0x00, 0x00, 0x00, 0xff, 0xff, 0xff, 0xff, 0x00, 0x10, 0x00, 0x00, 0xdf, 0x06, 0x00, 0x00, 0xe1,
    0x00, 0x00, 0x00, 0xdf, 0x06, 0x00, 0x00, 0xe1, 0x00, 0x00, 0x00, 0xff, 0xff, 0xff, 0xff, 0x00,
    0x10, 0x00, 0x00, 0xc0, 0x07, 0x00, 0x00, 0xde, 0x00, 0x00, 0x00, 0xc0, 0x07, 0x00, 0x00, 0xde,
    0x00, 0x00, 0x00, 0xff, 0xff, 0xff, 0xff, 0x00, 0x10, 0x00, 0x00, 0x9e, 0x08, 0x00, 0x00, 0xde,
    0x00, 0x00, 0x00, 0x9e, 0x08, 0x00, 0x00, 0xde, 0x00, 0x00, 0x00, 0xff, 0xff, 0xff, 0xff, 0x00,
    0x10, 0x00, 0x00, 0x7c, 0x09, 0x00, 0x00, 0xde, 0x00, 0x00, 0x00, 0x7c, 0x09, 0x00, 0x00, 0xde,
    0x00, 0x00, 0x00, 0xff, 0xff, 0xff, 0xff, 0x00, 0x10, 0x00, 0x00, 0x5a, 0x0a, 0x00, 0x00, 0xe2,
    0x00, 0x00, 0x00, 0x5a, 0x0a, 0x00, 0x00, 0xe2, 0x00, 0x00, 0x00, 0xff, 0xff, 0xff, 0xff, 0x00,
    0x10, 0x00, 0x00, 0x3c, 0x0b, 0x00, 0x00, 0xd5, 0x00, 0x00, 0x00, 0x3c, 0x0b, 0x00, 0x00, 0xd5,
    0x00, 0x00, 0x00, 0xff, 0xff, 0xff, 0xff, 0x00, 0x10, 0x00, 0x00, 0x00, 0x00, 0x00, 0x00, 0x5d,
    0x0c, 0x00, 0x00, 0x3d, 0x03, 0x00, 0x00, 0x12, 0x03, 0x94, 0xe6, 0x39, 0x00, 0x00, 0x00, 0x5f,
    0x5a, 0x5a, 0x32, 0x39, 0x64, 0x65, 0x63, 0x6f, 0x64, 0x65, 0x5f, 0x61, 0x74, 0x74, 0x65, 0x6e,
    0x74, 0x69, 0x6f, 0x6e, 0x5f, 0x6d, 0x65, 0x74, 0x61, 0x6c, 0x5f, 0x6b, 0x65, 0x72, 0x6e, 0x65,
    0x6c, 0x50, 0x55, 0x39, 0x4d, 0x54, 0x4c, 0x64, 0x65, 0x76, 0x69, 0x63, 0x65, 0x4b, 0x44, 0x68,
    0x50, 0x55, 0x39, 0x4d, 0x54, 0x4c, 0x64, 0x65, 0x76, 0x69, 0x63, 0x65, 0x4b, 0x61, 0x53, 0x30,
    0x5f, 0x53, 0x30, 0x5f, 0x53, 0x30, 0x5f, 0x53, 0x30, 0x5f, 0x53, 0x30, 0x5f, 0x50, 0x55, 0x39,
    0x4d, 0x54, 0x4c, 0x64, 0x65, 0x76, 0x69, 0x63, 0x65, 0x4b, 0x69, 0x53, 0x34, 0x5f, 0x50, 0x55,
    0x39, 0x4d, 0x54, 0x4c, 0x64, 0x65, 0x76, 0x69, 0x63, 0x65, 0x44, 0x68, 0x50, 0x55, 0x39, 0x4d,
    0x54, 0x4c, 0x64, 0x65, 0x76, 0x69, 0x63, 0x65, 0x66, 0x52, 0x53, 0x33, 0x5f, 0x53, 0x39, 0x5f,
    0x53, 0x39, 0x5f, 0x53, 0x39, 0x5f, 0x53, 0x39, 0x5f, 0x53, 0x39, 0x5f, 0x52, 0x55, 0x39, 0x4d,
    0x54, 0x4c, 0x64, 0x65, 0x76, 0x69, 0x63, 0x65, 0x4b, 0x66, 0x53, 0x30, 0x5f, 0x50, 0x53, 0x41,
    0x5f, 0x53, 0x43, 0x5f, 0x53, 0x39, 0x5f, 0x50, 0x55, 0x39, 0x4d, 0x54, 0x4c, 0x64, 0x65, 0x76,
    0x69, 0x63, 0x65, 0x4b, 0x73, 0x53, 0x30, 0x5f, 0x53, 0x45, 0x5f, 0x53, 0x30, 0x5f, 0x53, 0x45,
    0x5f, 0x53, 0x30, 0x5f, 0x53, 0x30, 0x5f, 0x53, 0x39, 0x5f, 0x6a, 0x6a, 0x6a, 0x45, 0x31, 0x34,
    0x77, 0x65, 0x69, 0x67, 0x68, 0x74, 0x73, 0x5f, 0x73, 0x68, 0x61, 0x72, 0x65, 0x64, 0x5f, 0x5a,
    0x5a, 0x32, 0x39, 0x64, 0x65, 0x63, 0x6f, 0x64, 0x65, 0x5f, 0x61, 0x74, 0x74, 0x65, 0x6e, 0x74,
    0x69, 0x6f, 0x6e, 0x5f, 0x6d, 0x65, 0x74, 0x61, 0x6c, 0x5f, 0x6b, 0x65, 0x72, 0x6e, 0x65, 0x6c,
    0x50, 0x55, 0x39, 0x4d, 0x54, 0x4c, 0x64, 0x65, 0x76, 0x69, 0x63, 0x65, 0x4b, 0x44, 0x68, 0x50,
    0x55, 0x39, 0x4d, 0x54, 0x4c, 0x64, 0x65, 0x76, 0x69, 0x63, 0x65, 0x4b, 0x61, 0x53, 0x30, 0x5f,
    0x53, 0x30, 0x5f, 0x53, 0x30, 0x5f, 0x53, 0x30, 0x5f, 0x53, 0x30, 0x5f, 0x50, 0x55, 0x39, 0x4d,
    0x54, 0x4c, 0x64, 0x65, 0x76, 0x69, 0x63, 0x65, 0x4b, 0x69, 0x53, 0x34, 0x5f, 0x50, 0x55, 0x39,
    0x4d, 0x54, 0x4c, 0x64, 0x65, 0x76, 0x69, 0x63, 0x65, 0x44, 0x68, 0x50, 0x55, 0x39, 0x4d, 0x54,
    0x4c, 0x64, 0x65, 0x76, 0x69, 0x63, 0x65, 0x66, 0x52, 0x53, 0x33, 0x5f, 0x53, 0x39, 0x5f, 0x53,
    0x39, 0x5f, 0x53, 0x39, 0x5f, 0x53, 0x39, 0x5f, 0x53, 0x39, 0x5f, 0x52, 0x55, 0x39, 0x4d, 0x54,
    0x4c, 0x64, 0x65, 0x76, 0x69, 0x63, 0x65, 0x4b, 0x66, 0x53, 0x30, 0x5f, 0x50, 0x53, 0x41, 0x5f,
    0x53, 0x43, 0x5f, 0x53, 0x39, 0x5f, 0x50, 0x55, 0x39, 0x4d, 0x54, 0x4c, 0x64, 0x65, 0x76, 0x69,
    0x63, 0x65, 0x4b, 0x73, 0x53, 0x30, 0x5f, 0x53, 0x45, 0x5f, 0x53, 0x30, 0x5f, 0x53, 0x45, 0x5f,
    0x53, 0x30, 0x5f, 0x53, 0x30, 0x5f, 0x53, 0x39, 0x5f, 0x6a, 0x6a, 0x6a, 0x45, 0x31, 0x35, 0x66,
    0x61, 0x63, 0x74, 0x5f, 0x70, 0x6f, 0x73, 0x5f, 0x73, 0x68, 0x61, 0x72, 0x65, 0x64, 0x5f, 0x5a,
    0x5a, 0x32, 0x39, 0x64, 0x65, 0x63, 0x6f, 0x64, 0x65, 0x5f, 0x61, 0x74, 0x74, 0x65, 0x6e, 0x74,
    0x69, 0x6f, 0x6e, 0x5f, 0x6d, 0x65, 0x74, 0x61, 0x6c, 0x5f, 0x6b, 0x65, 0x72, 0x6e, 0x65, 0x6c,
    0x50, 0x55, 0x39, 0x4d, 0x54, 0x4c, 0x64, 0x65, 0x76, 0x69, 0x63, 0x65, 0x4b, 0x44, 0x68, 0x50,
    0x55, 0x39, 0x4d, 0x54, 0x4c, 0x64, 0x65, 0x76, 0x69, 0x63, 0x65, 0x4b, 0x61, 0x53, 0x30, 0x5f,
    0x53, 0x30, 0x5f, 0x53, 0x30, 0x5f, 0x53, 0x30, 0x5f, 0x53, 0x30, 0x5f, 0x50, 0x55, 0x39, 0x4d,
    0x54, 0x4c, 0x64, 0x65, 0x76, 0x69, 0x63, 0x65, 0x4b, 0x69, 0x53, 0x34, 0x5f, 0x50, 0x55, 0x39,
    0x4d, 0x54, 0x4c, 0x64, 0x65, 0x76, 0x69, 0x63, 0x65, 0x44, 0x68, 0x50, 0x55, 0x39, 0x4d, 0x54,
    0x4c, 0x64, 0x65, 0x76, 0x69, 0x63, 0x65, 0x66, 0x52, 0x53, 0x33, 0x5f, 0x53, 0x39, 0x5f, 0x53,
    0x39, 0x5f, 0x53, 0x39, 0x5f, 0x53, 0x39, 0x5f, 0x53, 0x39, 0x5f, 0x52, 0x55, 0x39, 0x4d, 0x54,
    0x4c, 0x64, 0x65, 0x76, 0x69, 0x63, 0x65, 0x4b, 0x66, 0x53, 0x30, 0x5f, 0x50, 0x53, 0x41, 0x5f,
    0x53, 0x43, 0x5f, 0x53, 0x39, 0x5f, 0x50, 0x55, 0x39, 0x4d, 0x54, 0x4c, 0x64, 0x65, 0x76, 0x69,
    0x63, 0x65, 0x4b, 0x73, 0x53, 0x30, 0x5f, 0x53, 0x45, 0x5f, 0x53, 0x30, 0x5f, 0x53, 0x45, 0x5f,
    0x53, 0x30, 0x5f, 0x53, 0x30, 0x5f, 0x53, 0x39, 0x5f, 0x6a, 0x6a, 0x6a, 0x45, 0x31, 0x36, 0x72,
    0x65, 0x73, 0x5f, 0x70, 0x6f, 0x73, 0x5f, 0x56, 0x5f, 0x73, 0x68, 0x61, 0x72, 0x65, 0x64, 0x5f,
    0x5a, 0x5a, 0x32, 0x39, 0x64, 0x65, 0x63, 0x6f, 0x64, 0x65, 0x5f, 0x61, 0x74, 0x74, 0x65, 0x6e,
    0x74, 0x69, 0x6f, 0x6e, 0x5f, 0x6d, 0x65, 0x74, 0x61, 0x6c, 0x5f, 0x6b, 0x65, 0x72, 0x6e, 0x65,
    0x6c, 0x50, 0x55, 0x39, 0x4d, 0x54, 0x4c, 0x64, 0x65, 0x76, 0x69, 0x63, 0x65, 0x4b, 0x44, 0x68,
    0x50, 0x55, 0x39, 0x4d, 0x54, 0x4c, 0x64, 0x65, 0x76, 0x69, 0x63, 0x65, 0x4b, 0x61, 0x53, 0x30,
    0x5f, 0x53, 0x30, 0x5f, 0x53, 0x30, 0x5f, 0x53, 0x30, 0x5f, 0x53, 0x30, 0x5f, 0x50, 0x55, 0x39,
    0x4d, 0x54, 0x4c, 0x64, 0x65, 0x76, 0x69, 0x63, 0x65, 0x4b, 0x69, 0x53, 0x34, 0x5f, 0x50, 0x55,
    0x39, 0x4d, 0x54, 0x4c, 0x64, 0x65, 0x76, 0x69, 0x63, 0x65, 0x44, 0x68, 0x50, 0x55, 0x39, 0x4d,
    0x54, 0x4c, 0x64, 0x65, 0x76, 0x69, 0x63, 0x65, 0x66, 0x52, 0x53, 0x33, 0x5f, 0x53, 0x39, 0x5f,
    0x53, 0x39, 0x5f, 0x53, 0x39, 0x5f, 0x53, 0x39, 0x5f, 0x53, 0x39, 0x5f, 0x52, 0x55, 0x39, 0x4d,
    0x54, 0x4c, 0x64, 0x65, 0x76, 0x69, 0x63, 0x65, 0x4b, 0x66, 0x53, 0x30, 0x5f, 0x50, 0x53, 0x41,
    0x5f, 0x53, 0x43, 0x5f, 0x53, 0x39, 0x5f, 0x50, 0x55, 0x39, 0x4d, 0x54, 0x4c, 0x64, 0x65, 0x76,
    0x69, 0x63, 0x65, 0x4b, 0x73, 0x53, 0x30, 0x5f, 0x53, 0x45, 0x5f, 0x53, 0x30, 0x5f, 0x53, 0x45,
    0x5f, 0x53, 0x30, 0x5f, 0x53, 0x30, 0x5f, 0x53, 0x39, 0x5f, 0x6a, 0x6a, 0x6a, 0x45, 0x31, 0x30,
    0x72, 0x65, 0x64, 0x5f, 0x77, 0x5f, 0x70, 0x72, 0x6f, 0x6a, 0x5f, 0x5a, 0x5a, 0x32, 0x39, 0x64,
    0x65, 0x63, 0x6f, 0x64, 0x65, 0x5f, 0x61, 0x74, 0x74, 0x65, 0x6e, 0x74, 0x69, 0x6f, 0x6e, 0x5f,
    0x6d, 0x65, 0x74, 0x61, 0x6c, 0x5f, 0x6b, 0x65, 0x72, 0x6e, 0x65, 0x6c, 0x50, 0x55, 0x39, 0x4d,
    0x54, 0x4c, 0x64, 0x65, 0x76, 0x69, 0x63, 0x65, 0x4b, 0x44, 0x68, 0x50, 0x55, 0x39, 0x4d, 0x54,
    0x4c, 0x64, 0x65, 0x76, 0x69, 0x63, 0x65, 0x4b, 0x61, 0x53, 0x30, 0x5f, 0x53, 0x30, 0x5f, 0x53,
    0x30, 0x5f, 0x53, 0x30, 0x5f, 0x53, 0x30, 0x5f, 0x50, 0x55, 0x39, 0x4d, 0x54, 0x4c, 0x64, 0x65,
    0x76, 0x69, 0x63, 0x65, 0x4b, 0x69, 0x53, 0x34, 0x5f, 0x50, 0x55, 0x39, 0x4d, 0x54, 0x4c, 0x64,
    0x65, 0x76, 0x69, 0x63, 0x65, 0x44, 0x68, 0x50, 0x55, 0x39, 0x4d, 0x54, 0x4c, 0x64, 0x65, 0x76,
    0x69, 0x63, 0x65, 0x66, 0x52, 0x53, 0x33, 0x5f, 0x53, 0x39, 0x5f, 0x53, 0x39, 0x5f, 0x53, 0x39,
    0x5f, 0x53, 0x39, 0x5f, 0x53, 0x39, 0x5f, 0x52, 0x55, 0x39, 0x4d, 0x54, 0x4c, 0x64, 0x65, 0x76,
    0x69, 0x63, 0x65, 0x4b, 0x66, 0x53, 0x30, 0x5f, 0x50, 0x53, 0x41, 0x5f, 0x53, 0x43, 0x5f, 0x53,
    0x39, 0x5f, 0x50, 0x55, 0x39, 0x4d, 0x54, 0x4c, 0x64, 0x65, 0x76, 0x69, 0x63, 0x65, 0x4b, 0x73,
    0x53, 0x30, 0x5f, 0x53, 0x45, 0x5f, 0x53, 0x30, 0x5f, 0x53, 0x45, 0x5f, 0x53, 0x30, 0x5f, 0x53,
    0x30, 0x5f, 0x53, 0x39, 0x5f, 0x6a, 0x6a, 0x6a, 0x45, 0x39, 0x72, 0x65, 0x64, 0x5f, 0x73, 0x75,
    0x6d, 0x5f, 0x77, 0x5f, 0x5a, 0x5a, 0x32, 0x39, 0x64, 0x65, 0x63, 0x6f, 0x64, 0x65, 0x5f, 0x61,
    0x74, 0x74, 0x65, 0x6e, 0x74, 0x69, 0x6f, 0x6e, 0x5f, 0x6d, 0x65, 0x74, 0x61, 0x6c, 0x5f, 0x6b,
    0x65, 0x72, 0x6e, 0x65, 0x6c, 0x50, 0x55, 0x39, 0x4d, 0x54, 0x4c, 0x64, 0x65, 0x76, 0x69, 0x63,
    0x65, 0x4b, 0x44, 0x68, 0x50, 0x55, 0x39, 0x4d, 0x54, 0x4c, 0x64, 0x65, 0x76, 0x69, 0x63, 0x65,
    0x4b, 0x61, 0x53, 0x30, 0x5f, 0x53, 0x30, 0x5f, 0x53, 0x30, 0x5f, 0x53, 0x30, 0x5f, 0x53, 0x30,
    0x5f, 0x50, 0x55, 0x39, 0x4d, 0x54, 0x4c, 0x64, 0x65, 0x76, 0x69, 0x63, 0x65, 0x4b, 0x69, 0x53,
    0x34, 0x5f, 0x50, 0x55, 0x39, 0x4d, 0x54, 0x4c, 0x64, 0x65, 0x76, 0x69, 0x63, 0x65, 0x44, 0x68,
    0x50, 0x55, 0x39, 0x4d, 0x54, 0x4c, 0x64, 0x65, 0x76, 0x69, 0x63, 0x65, 0x66, 0x52, 0x53, 0x33,
    0x5f, 0x53, 0x39, 0x5f, 0x53, 0x39, 0x5f, 0x53, 0x39, 0x5f, 0x53, 0x39, 0x5f, 0x53, 0x39, 0x5f,
    0x52, 0x55, 0x39, 0x4d, 0x54, 0x4c, 0x64, 0x65, 0x76, 0x69, 0x63, 0x65, 0x4b, 0x66, 0x53, 0x30,
    0x5f, 0x50, 0x53, 0x41, 0x5f, 0x53, 0x43, 0x5f, 0x53, 0x39, 0x5f, 0x50, 0x55, 0x39, 0x4d, 0x54,
    0x4c, 0x64, 0x65, 0x76, 0x69, 0x63, 0x65, 0x4b, 0x73, 0x53, 0x30, 0x5f, 0x53, 0x45, 0x5f, 0x53,
    0x30, 0x5f, 0x53, 0x45, 0x5f, 0x53, 0x30, 0x5f, 0x53, 0x30, 0x5f, 0x53, 0x39, 0x5f, 0x6a, 0x6a,
    0x6a, 0x45, 0x31, 0x33, 0x72, 0x65, 0x64, 0x5f, 0x70, 0x72, 0x6f, 0x6a, 0x5f, 0x74, 0x65, 0x6d,
    0x70, 0x5f, 0x5a, 0x5a, 0x32, 0x39, 0x64, 0x65, 0x63, 0x6f, 0x64, 0x65, 0x5f, 0x61, 0x74, 0x74,
    0x65, 0x6e, 0x74, 0x69, 0x6f, 0x6e, 0x5f, 0x6d, 0x65, 0x74, 0x61, 0x6c, 0x5f, 0x6b, 0x65, 0x72,
    0x6e, 0x65, 0x6c, 0x50, 0x55, 0x39, 0x4d, 0x54, 0x4c, 0x64, 0x65, 0x76, 0x69, 0x63, 0x65, 0x4b,
    0x44, 0x68, 0x50, 0x55, 0x39, 0x4d, 0x54, 0x4c, 0x64, 0x65, 0x76, 0x69, 0x63, 0x65, 0x4b, 0x61,
    0x53, 0x30, 0x5f, 0x53, 0x30, 0x5f, 0x53, 0x30, 0x5f, 0x53, 0x30, 0x5f, 0x53, 0x30, 0x5f, 0x50,
    0x55, 0x39, 0x4d, 0x54, 0x4c, 0x64, 0x65, 0x76, 0x69, 0x63, 0x65, 0x4b, 0x69, 0x53, 0x34, 0x5f,
    0x50, 0x55, 0x39, 0x4d, 0x54, 0x4c, 0x64, 0x65, 0x76, 0x69, 0x63, 0x65, 0x44, 0x68, 0x50, 0x55,
    0x39, 0x4d, 0x54, 0x4c, 0x64, 0x65, 0x76, 0x69, 0x63, 0x65, 0x66, 0x52, 0x53, 0x33, 0x5f, 0x53,
    0x39, 0x5f, 0x53, 0x39, 0x5f, 0x53, 0x39, 0x5f, 0x53, 0x39, 0x5f, 0x53, 0x39, 0x5f, 0x52, 0x55,
    0x39, 0x4d, 0x54, 0x4c, 0x64, 0x65, 0x76, 0x69, 0x63, 0x65, 0x4b, 0x66, 0x53, 0x30, 0x5f, 0x50,
    0x53, 0x41, 0x5f, 0x53, 0x43, 0x5f, 0x53, 0x39, 0x5f, 0x50, 0x55, 0x39, 0x4d, 0x54, 0x4c, 0x64,
    0x65, 0x76, 0x69, 0x63, 0x65, 0x4b, 0x73, 0x53, 0x30, 0x5f, 0x53, 0x45, 0x5f, 0x53, 0x30, 0x5f,
    0x53, 0x45, 0x5f, 0x53, 0x30, 0x5f, 0x53, 0x30, 0x5f, 0x53, 0x39, 0x5f, 0x6a, 0x6a, 0x6a, 0x45,
    0x35, 0x72, 0x65, 0x64, 0x5f, 0x6d, 0x5f, 0x5a, 0x5a, 0x32, 0x39, 0x64, 0x65, 0x63, 0x6f, 0x64,
    0x65, 0x5f, 0x61, 0x74, 0x74, 0x65, 0x6e, 0x74, 0x69, 0x6f, 0x6e, 0x5f, 0x6d, 0x65, 0x74, 0x61,
    0x6c, 0x5f, 0x6b, 0x65, 0x72, 0x6e, 0x65, 0x6c, 0x50, 0x55, 0x39, 0x4d, 0x54, 0x4c, 0x64, 0x65,
    0x76, 0x69, 0x63, 0x65, 0x4b, 0x44, 0x68, 0x50, 0x55, 0x39, 0x4d, 0x54, 0x4c, 0x64, 0x65, 0x76,
    0x69, 0x63, 0x65, 0x4b, 0x61, 0x53, 0x30, 0x5f, 0x53, 0x30, 0x5f, 0x53, 0x30, 0x5f, 0x53, 0x30,
    0x5f, 0x53, 0x30, 0x5f, 0x50, 0x55, 0x39, 0x4d, 0x54, 0x4c, 0x64, 0x65, 0x76, 0x69, 0x63, 0x65,
    0x4b, 0x69, 0x53, 0x34, 0x5f, 0x50, 0x55, 0x39, 0x4d, 0x54, 0x4c, 0x64, 0x65, 0x76, 0x69, 0x63,
    0x65, 0x44, 0x68, 0x50, 0x55, 0x39, 0x4d, 0x54, 0x4c, 0x64, 0x65, 0x76, 0x69, 0x63, 0x65, 0x66,
    0x52, 0x53, 0x33, 0x5f, 0x53, 0x39, 0x5f, 0x53, 0x39, 0x5f, 0x53, 0x39, 0x5f, 0x53, 0x39, 0x5f,
    0x53, 0x39, 0x5f, 0x52, 0x55, 0x39, 0x4d, 0x54, 0x4c, 0x64, 0x65, 0x76, 0x69, 0x63, 0x65, 0x4b,
    0x66, 0x53, 0x30, 0x5f, 0x50, 0x53, 0x41, 0x5f, 0x53, 0x43, 0x5f, 0x53, 0x39, 0x5f, 0x50, 0x55,
    0x39, 0x4d, 0x54, 0x4c, 0x64, 0x65, 0x76, 0x69, 0x63, 0x65, 0x4b, 0x73, 0x53, 0x30, 0x5f, 0x53,
    0x45, 0x5f, 0x53, 0x30, 0x5f, 0x53, 0x45, 0x5f, 0x53, 0x30, 0x5f, 0x53, 0x30, 0x5f, 0x53, 0x39,
    0x5f, 0x6a, 0x6a, 0x6a, 0x45, 0x38, 0x71, 0x5f, 0x73, 0x68, 0x61, 0x72, 0x65, 0x64, 0x5f, 0x5a,
    0x5a, 0x32, 0x39, 0x64, 0x65, 0x63, 0x6f, 0x64, 0x65, 0x5f, 0x61, 0x74, 0x74, 0x65, 0x6e, 0x74,
    0x69, 0x6f, 0x6e, 0x5f, 0x6d, 0x65, 0x74, 0x61, 0x6c, 0x5f, 0x6b, 0x65, 0x72, 0x6e, 0x65, 0x6c,
    0x50, 0x55, 0x39, 0x4d, 0x54, 0x4c, 0x64, 0x65, 0x76, 0x69, 0x63, 0x65, 0x4b, 0x44, 0x68, 0x50,
    0x55, 0x39, 0x4d, 0x54, 0x4c, 0x64, 0x65, 0x76, 0x69, 0x63, 0x65, 0x4b, 0x61, 0x53, 0x30, 0x5f,
    0x53, 0x30, 0x5f, 0x53, 0x30, 0x5f, 0x53, 0x30, 0x5f, 0x53, 0x30, 0x5f, 0x50, 0x55, 0x39, 0x4d,
    0x54, 0x4c, 0x64, 0x65, 0x76, 0x69, 0x63, 0x65, 0x4b, 0x69, 0x53, 0x34, 0x5f, 0x50, 0x55, 0x39,
    0x4d, 0x54, 0x4c, 0x64, 0x65, 0x76, 0x69, 0x63, 0x65, 0x44, 0x68, 0x50, 0x55, 0x39, 0x4d, 0x54,
    0x4c, 0x64, 0x65, 0x76, 0x69, 0x63, 0x65, 0x66, 0x52, 0x53, 0x33, 0x5f, 0x53, 0x39, 0x5f, 0x53,
    0x39, 0x5f, 0x53, 0x39, 0x5f, 0x53, 0x39, 0x5f, 0x53, 0x39, 0x5f, 0x52, 0x55, 0x39, 0x4d, 0x54,
    0x4c, 0x64, 0x65, 0x76, 0x69, 0x63, 0x65, 0x4b, 0x66, 0x53, 0x30, 0x5f, 0x50, 0x53, 0x41, 0x5f,
    0x53, 0x43, 0x5f, 0x53, 0x39, 0x5f, 0x50, 0x55, 0x39, 0x4d, 0x54, 0x4c, 0x64, 0x65, 0x76, 0x69,
    0x63, 0x65, 0x4b, 0x73, 0x53, 0x30, 0x5f, 0x53, 0x45, 0x5f, 0x53, 0x30, 0x5f, 0x53, 0x45, 0x5f,
    0x53, 0x30, 0x5f, 0x53, 0x30, 0x5f, 0x53, 0x39, 0x5f, 0x6a, 0x6a, 0x6a, 0x45, 0x31, 0x36, 0x72,
    0x65, 0x73, 0x5f, 0x70, 0x6f, 0x73, 0x5f, 0x4b, 0x5f, 0x73, 0x68, 0x61, 0x72, 0x65, 0x64, 0x5f,
    0x5a, 0x5a, 0x32, 0x39, 0x64, 0x65, 0x63, 0x6f, 0x64, 0x65, 0x5f, 0x61, 0x74, 0x74, 0x65, 0x6e,
    0x74, 0x69, 0x6f, 0x6e, 0x5f, 0x6d, 0x65, 0x74, 0x61, 0x6c, 0x5f, 0x6b, 0x65, 0x72, 0x6e, 0x65,
    0x6c, 0x50, 0x55, 0x39, 0x4d, 0x54, 0x4c, 0x64, 0x65, 0x76, 0x69, 0x63, 0x65, 0x4b, 0x44, 0x68,
    0x50, 0x55, 0x39, 0x4d, 0x54, 0x4c, 0x64, 0x65, 0x76, 0x69, 0x63, 0x65, 0x4b, 0x61, 0x53, 0x30,
    0x5f, 0x53, 0x30, 0x5f, 0x53, 0x30, 0x5f, 0x53, 0x30, 0x5f, 0x53, 0x30, 0x5f, 0x50, 0x55, 0x39,
    0x4d, 0x54, 0x4c, 0x64, 0x65, 0x76, 0x69, 0x63, 0x65, 0x4b, 0x69, 0x53, 0x34, 0x5f, 0x50, 0x55,
    0x39, 0x4d, 0x54, 0x4c, 0x64, 0x65, 0x76, 0x69, 0x63, 0x65, 0x44, 0x68, 0x50, 0x55, 0x39, 0x4d,
    0x54, 0x4c, 0x64, 0x65, 0x76, 0x69, 0x63, 0x65, 0x66, 0x52, 0x53, 0x33, 0x5f, 0x53, 0x39, 0x5f,
    0x53, 0x39, 0x5f, 0x53, 0x39, 0x5f, 0x53, 0x39, 0x5f, 0x53, 0x39, 0x5f, 0x52, 0x55, 0x39, 0x4d,
    0x54, 0x4c, 0x64, 0x65, 0x76, 0x69, 0x63, 0x65, 0x4b, 0x66, 0x53, 0x30, 0x5f, 0x50, 0x53, 0x41,
    0x5f, 0x53, 0x43, 0x5f, 0x53, 0x39, 0x5f, 0x50, 0x55, 0x39, 0x4d, 0x54, 0x4c, 0x64, 0x65, 0x76,
    0x69, 0x63, 0x65, 0x4b, 0x73, 0x53, 0x30, 0x5f, 0x53, 0x45, 0x5f, 0x53, 0x30, 0x5f, 0x53, 0x45,
    0x5f, 0x53, 0x30, 0x5f, 0x53, 0x30, 0x5f, 0x53, 0x39, 0x5f, 0x6a, 0x6a, 0x6a, 0x45, 0x31, 0x33,
    0x71, 0x5f, 0x70, 0x72, 0x6f, 0x6a, 0x5f, 0x73, 0x68, 0x61, 0x72, 0x65, 0x64, 0x5f, 0x5a, 0x5a,
    0x32, 0x39, 0x64, 0x65, 0x63, 0x6f, 0x64, 0x65, 0x5f, 0x61, 0x74, 0x74, 0x65, 0x6e, 0x74, 0x69,
    0x6f, 0x6e, 0x5f, 0x6d, 0x65, 0x74, 0x61, 0x6c, 0x5f, 0x6b, 0x65, 0x72, 0x6e, 0x65, 0x6c, 0x50,
    0x55, 0x39, 0x4d, 0x54, 0x4c, 0x64, 0x65, 0x76, 0x69, 0x63, 0x65, 0x4b, 0x44, 0x68, 0x50, 0x55,
    0x39, 0x4d, 0x54, 0x4c, 0x64, 0x65, 0x76, 0x69, 0x63, 0x65, 0x4b, 0x61, 0x53, 0x30, 0x5f, 0x53,
    0x30, 0x5f, 0x53, 0x30, 0x5f, 0x53, 0x30, 0x5f, 0x53, 0x30, 0x5f, 0x50, 0x55, 0x39, 0x4d, 0x54,
    0x4c, 0x64, 0x65, 0x76, 0x69, 0x63, 0x65, 0x4b, 0x69, 0x53, 0x34, 0x5f, 0x50, 0x55, 0x39, 0x4d,
    0x54, 0x4c, 0x64, 0x65, 0x76, 0x69, 0x63, 0x65, 0x44, 0x68, 0x50, 0x55, 0x39, 0x4d, 0x54, 0x4c,
    0x64, 0x65, 0x76, 0x69, 0x63, 0x65, 0x66, 0x52, 0x53, 0x33, 0x5f, 0x53, 0x39, 0x5f, 0x53, 0x39,
    0x5f, 0x53, 0x39, 0x5f, 0x53, 0x39, 0x5f, 0x53, 0x39, 0x5f, 0x52, 0x55, 0x39, 0x4d, 0x54, 0x4c,
    0x64, 0x65, 0x76, 0x69, 0x63, 0x65, 0x4b, 0x66, 0x53, 0x30, 0x5f, 0x50, 0x53, 0x41, 0x5f, 0x53,
    0x43, 0x5f, 0x53, 0x39, 0x5f, 0x50, 0x55, 0x39, 0x4d, 0x54, 0x4c, 0x64, 0x65, 0x76, 0x69, 0x63,
    0x65, 0x4b, 0x73, 0x53, 0x30, 0x5f, 0x53, 0x45, 0x5f, 0x53, 0x30, 0x5f, 0x53, 0x45, 0x5f, 0x53,
    0x30, 0x5f, 0x53, 0x30, 0x5f, 0x53, 0x39, 0x5f, 0x6a, 0x6a, 0x6a, 0x45, 0x31, 0x33, 0x61, 0x6b,
    0x5f, 0x72, 0x6f, 0x74, 0x5f, 0x73, 0x68, 0x61, 0x72, 0x65, 0x64, 0x5f, 0x5a, 0x5a, 0x32, 0x39,
    0x64, 0x65, 0x63, 0x6f, 0x64, 0x65, 0x5f, 0x61, 0x74, 0x74, 0x65, 0x6e, 0x74, 0x69, 0x6f, 0x6e,
    0x5f, 0x6d, 0x65, 0x74, 0x61, 0x6c, 0x5f, 0x6b, 0x65, 0x72, 0x6e, 0x65, 0x6c, 0x50, 0x55, 0x39,
    0x4d, 0x54, 0x4c, 0x64, 0x65, 0x76, 0x69, 0x63, 0x65, 0x4b, 0x44, 0x68, 0x50, 0x55, 0x39, 0x4d,
    0x54, 0x4c, 0x64, 0x65, 0x76, 0x69, 0x63, 0x65, 0x4b, 0x61, 0x53, 0x30, 0x5f, 0x53, 0x30, 0x5f,
    0x53, 0x30, 0x5f, 0x53, 0x30, 0x5f, 0x53, 0x30, 0x5f, 0x50, 0x55, 0x39, 0x4d, 0x54, 0x4c, 0x64,
    0x65, 0x76, 0x69, 0x63, 0x65, 0x4b, 0x69, 0x53, 0x34, 0x5f, 0x50, 0x55, 0x39, 0x4d, 0x54, 0x4c,
    0x64, 0x65, 0x76, 0x69, 0x63, 0x65, 0x44, 0x68, 0x50, 0x55, 0x39, 0x4d, 0x54, 0x4c, 0x64, 0x65,
    0x76, 0x69, 0x63, 0x65, 0x66, 0x52, 0x53, 0x33, 0x5f, 0x53, 0x39, 0x5f, 0x53, 0x39, 0x5f, 0x53,
    0x39, 0x5f, 0x53, 0x39, 0x5f, 0x53, 0x39, 0x5f, 0x52, 0x55, 0x39, 0x4d, 0x54, 0x4c, 0x64, 0x65,
    0x76, 0x69, 0x63, 0x65, 0x4b, 0x66, 0x53, 0x30, 0x5f, 0x50, 0x53, 0x41, 0x5f, 0x53, 0x43, 0x5f,
    0x53, 0x39, 0x5f, 0x50, 0x55, 0x39, 0x4d, 0x54, 0x4c, 0x64, 0x65, 0x76, 0x69, 0x63, 0x65, 0x4b,
    0x73, 0x53, 0x30, 0x5f, 0x53, 0x45, 0x5f, 0x53, 0x30, 0x5f, 0x53, 0x45, 0x5f, 0x53, 0x30, 0x5f,
    0x53, 0x30, 0x5f, 0x53, 0x39, 0x5f, 0x6a, 0x6a, 0x6a, 0x45, 0x31, 0x33, 0x71, 0x5f, 0x70, 0x72,
    0x6f, 0x6a, 0x5f, 0x63, 0x61, 0x63, 0x68, 0x65, 0x64, 0x5f, 0x5a, 0x5a, 0x32, 0x39, 0x64, 0x65,
    0x63, 0x6f, 0x64, 0x65, 0x5f, 0x61, 0x74, 0x74, 0x65, 0x6e, 0x74, 0x69, 0x6f, 0x6e, 0x5f, 0x6d,
    0x65, 0x74, 0x61, 0x6c, 0x5f, 0x6b, 0x65, 0x72, 0x6e, 0x65, 0x6c, 0x50, 0x55, 0x39, 0x4d, 0x54,
    0x4c, 0x64, 0x65, 0x76, 0x69, 0x63, 0x65, 0x4b, 0x44, 0x68, 0x50, 0x55, 0x39, 0x4d, 0x54, 0x4c,
    0x64, 0x65, 0x76, 0x69, 0x63, 0x65, 0x4b, 0x61, 0x53, 0x30, 0x5f, 0x53, 0x30, 0x5f, 0x53, 0x30,
    0x5f, 0x53, 0x30, 0x5f, 0x53, 0x30, 0x5f, 0x50, 0x55, 0x39, 0x4d, 0x54, 0x4c, 0x64, 0x65, 0x76,
    0x69, 0x63, 0x65, 0x4b, 0x69, 0x53, 0x34, 0x5f, 0x50, 0x55, 0x39, 0x4d, 0x54, 0x4c, 0x64, 0x65,
    0x76, 0x69, 0x63, 0x65, 0x44, 0x68, 0x50, 0x55, 0x39, 0x4d, 0x54, 0x4c, 0x64, 0x65, 0x76, 0x69,
    0x63, 0x65, 0x66, 0x52, 0x53, 0x33, 0x5f, 0x53, 0x39, 0x5f, 0x53, 0x39, 0x5f, 0x53, 0x39, 0x5f,
    0x53, 0x39, 0x5f, 0x53, 0x39, 0x5f, 0x52, 0x55, 0x39, 0x4d, 0x54, 0x4c, 0x64, 0x65, 0x76, 0x69,
    0x63, 0x65, 0x4b, 0x66, 0x53, 0x30, 0x5f, 0x50, 0x53, 0x41, 0x5f, 0x53, 0x43, 0x5f, 0x53, 0x39,
    0x5f, 0x50, 0x55, 0x39, 0x4d, 0x54, 0x4c, 0x64, 0x65, 0x76, 0x69, 0x63, 0x65, 0x4b, 0x73, 0x53,
    0x30, 0x5f, 0x53, 0x45, 0x5f, 0x53, 0x30, 0x5f, 0x53, 0x45, 0x5f, 0x53, 0x30, 0x5f, 0x53, 0x30,
    0x5f, 0x53, 0x39, 0x5f, 0x6a, 0x6a, 0x6a, 0x45, 0x31, 0x37, 0x73, 0x63, 0x6f, 0x72, 0x65, 0x73,
    0x5f, 0x61, 0x6e, 0x63, 0x5f, 0x63, 0x61, 0x63, 0x68, 0x65, 0x64, 0x5f, 0x5a, 0x5a, 0x32, 0x39,
    0x64, 0x65, 0x63, 0x6f, 0x64, 0x65, 0x5f, 0x61, 0x74, 0x74, 0x65, 0x6e, 0x74, 0x69, 0x6f, 0x6e,
    0x5f, 0x6d, 0x65, 0x74, 0x61, 0x6c, 0x5f, 0x6b, 0x65, 0x72, 0x6e, 0x65, 0x6c, 0x50, 0x55, 0x39,
    0x4d, 0x54, 0x4c, 0x64, 0x65, 0x76, 0x69, 0x63, 0x65, 0x4b, 0x44, 0x68, 0x50, 0x55, 0x39, 0x4d,
    0x54, 0x4c, 0x64, 0x65, 0x76, 0x69, 0x63, 0x65, 0x4b, 0x61, 0x53, 0x30, 0x5f, 0x53, 0x30, 0x5f,
    0x53, 0x30, 0x5f, 0x53, 0x30, 0x5f, 0x53, 0x30, 0x5f, 0x50, 0x55, 0x39, 0x4d, 0x54, 0x4c, 0x64,
    0x65, 0x76, 0x69, 0x63, 0x65, 0x4b, 0x69, 0x53, 0x34, 0x5f, 0x50, 0x55, 0x39, 0x4d, 0x54, 0x4c,
    0x64, 0x65, 0x76, 0x69, 0x63, 0x65, 0x44, 0x68, 0x50, 0x55, 0x39, 0x4d, 0x54, 0x4c, 0x64, 0x65,
    0x76, 0x69, 0x63, 0x65, 0x66, 0x52, 0x53, 0x33, 0x5f, 0x53, 0x39, 0x5f, 0x53, 0x39, 0x5f, 0x53,
    0x39, 0x5f, 0x53, 0x39, 0x5f, 0x53, 0x39, 0x5f, 0x52, 0x55, 0x39, 0x4d, 0x54, 0x4c, 0x64, 0x65,
    0x76, 0x69, 0x63, 0x65, 0x4b, 0x66, 0x53, 0x30, 0x5f, 0x50, 0x53, 0x41, 0x5f, 0x53, 0x43, 0x5f,
    0x53, 0x39, 0x5f, 0x50, 0x55, 0x39, 0x4d, 0x54, 0x4c, 0x64, 0x65, 0x76, 0x69, 0x63, 0x65, 0x4b,
    0x73, 0x53, 0x30, 0x5f, 0x53, 0x45, 0x5f, 0x53, 0x30, 0x5f, 0x53, 0x45, 0x5f, 0x53, 0x30, 0x5f,
    0x53, 0x30, 0x5f, 0x53, 0x39, 0x5f, 0x6a, 0x6a, 0x6a, 0x45, 0x35, 0x72, 0x65, 0x64, 0x5f, 0x64,
    0x64, 0x65, 0x63, 0x6f, 0x64, 0x65, 0x5f, 0x61, 0x74, 0x74, 0x65, 0x6e, 0x74, 0x69, 0x6f, 0x6e,
    0x5f, 0x6d, 0x65, 0x74, 0x61, 0x6c, 0x5f, 0x6b, 0x65, 0x72, 0x6e, 0x65, 0x6c, 0x6c, 0x6c, 0x76,
    0x6d, 0x2e, 0x6c, 0x69, 0x66, 0x65, 0x74, 0x69, 0x6d, 0x65, 0x2e, 0x65, 0x6e, 0x64, 0x2e, 0x70,
    0x30, 0x69, 0x38, 0x61, 0x69, 0x72, 0x2e, 0x63, 0x6f, 0x6e, 0x76, 0x65, 0x72, 0x74, 0x2e, 0x66,
    0x2e, 0x66, 0x33, 0x32, 0x2e, 0x73, 0x2e, 0x69, 0x38, 0x61, 0x69, 0x72, 0x2e, 0x77, 0x67, 0x2e,
    0x62, 0x61, 0x72, 0x72, 0x69, 0x65, 0x72, 0x61, 0x69, 0x72, 0x2e, 0x66, 0x61, 0x73, 0x74, 0x5f,
    0x65, 0x78, 0x70, 0x2e, 0x66, 0x33, 0x32, 0x6c, 0x6c, 0x76, 0x6d, 0x2e, 0x6d, 0x65, 0x6d, 0x73,
    0x65, 0x74, 0x2e, 0x70, 0x30, 0x69, 0x38, 0x2e, 0x69, 0x36, 0x34, 0x6c, 0x6c, 0x76, 0x6d, 0x2e,
    0x6c, 0x69, 0x66, 0x65, 0x74, 0x69, 0x6d, 0x65, 0x2e, 0x73, 0x74, 0x61, 0x72, 0x74, 0x2e, 0x70,
    0x30, 0x69, 0x38, 0x61, 0x69, 0x72, 0x2e, 0x66, 0x61, 0x73, 0x74, 0x5f, 0x66, 0x6d, 0x61, 0x78,
    0x2e, 0x66, 0x33, 0x32, 0x61, 0x69, 0x72, 0x2e, 0x66, 0x61, 0x73, 0x74, 0x5f, 0x6c, 0x6f, 0x67,
    0x2e, 0x66, 0x33, 0x32, 0x33, 0x32, 0x30, 0x32, 0x33, 0x2e, 0x34, 0x30, 0x34, 0x61, 0x69, 0x72,
    0x36, 0x34, 0x2d, 0x61, 0x70, 0x70, 0x6c, 0x65, 0x2d, 0x6d, 0x61, 0x63, 0x6f, 0x73, 0x78, 0x31,
    0x35, 0x2e, 0x32, 0x2e, 0x30, 0x00, 0x00, 0x00, 0x00, 0x00, 0x00, 0x00, 0x00, 0x00, 0x00, 0x00,
    0x00, 0x00, 0x00,
};
