#pragma once
unsigned int dkv_metallib_len = 30179;
unsigned char dkv_metallib[] = {
    0x4d, 0x54, 0x4c, 0x42, 0x01, 0x80, 0x02, 0x00, 0x07, 0x00, 0x00, 0x81, 0x0f, 0x00, 0x02, 0x00,
    0xe3, 0x75, 0x00, 0x00, 0x00, 0x00, 0x00, 0x00, 0x58, 0x00, 0x00, 0x00, 0x00, 0x00, 0x00, 0x00,
    0x93, 0x00, 0x00, 0x00, 0x00, 0x00, 0x00, 0x00, 0xf3, 0x00, 0x00, 0x00, 0x00, 0x00, 0x00, 0x00,
    0x08, 0x00, 0x00, 0x00, 0x00, 0x00, 0x00, 0x00, 0xfb, 0x00, 0x00, 0x00, 0x00, 0x00, 0x00, 0x00,
    0x08, 0x00, 0x00, 0x00, 0x00, 0x00, 0x00, 0x00, 0x03, 0x01, 0x00, 0x00, 0x00, 0x00, 0x00, 0x00,
    0xe0, 0x74, 0x00, 0x00, 0x00, 0x00, 0x00, 0x00, 0x01, 0x00, 0x00, 0x00, 0x93, 0x00, 0x00, 0x00,
    0x4e, 0x41, 0x4d, 0x45, 0x1e, 0x00, 0x64, 0x65, 0x63, 0x6f, 0x64, 0x65, 0x5f, 0x61, 0x74, 0x74,
    0x65, 0x6e, 0x74, 0x69, 0x6f, 0x6e, 0x5f, 0x6d, 0x65, 0x74, 0x61, 0x6c, 0x5f, 0x6b, 0x65, 0x72,
    0x6e, 0x65, 0x6c, 0x00, 0x54, 0x59, 0x50, 0x45, 0x01, 0x00, 0x02, 0x48, 0x41, 0x53, 0x48, 0x20,
    0x00, 0x60, 0x3a, 0x57, 0x98, 0x94, 0xab, 0xe8, 0xba, 0x5e, 0x73, 0x1d, 0x6a, 0xd1, 0x73, 0x98,
    0x25, 0x53, 0x84, 0x8f, 0x1b, 0x7c, 0x48, 0x82, 0x67, 0x3d, 0x45, 0x38, 0xbe, 0x05, 0xdc, 0xb3,
    0x59, 0x4d, 0x44, 0x53, 0x5a, 0x08, 0x00, 0xe0, 0x74, 0x00, 0x00, 0x00, 0x00, 0x00, 0x00, 0x4f,
    0x46, 0x46, 0x54, 0x18, 0x00, 0x00, 0x00, 0x00, 0x00, 0x00, 0x00, 0x00, 0x00, 0x00, 0x00, 0x00,
    0x00, 0x00, 0x00, 0x00, 0x00, 0x00, 0x00, 0x00, 0x00, 0x00, 0x00, 0x00, 0x00, 0x56, 0x45, 0x52,
    0x53, 0x08, 0x00, 0x02, 0x00, 0x07, 0x00, 0x03, 0x00, 0x02, 0x00, 0x45, 0x4e, 0x44, 0x54, 0x45,
    0x4e, 0x44, 0x54, 0x04, 0x00, 0x00, 0x00, 0x45, 0x4e, 0x44, 0x54, 0x04, 0x00, 0x00, 0x00, 0x45,
    0x4e, 0x44, 0x54, 0xde, 0xc0, 0x17, 0x0b, 0x00, 0x00, 0x00, 0x00, 0x14, 0x00, 0x00, 0x00, 0xc4,
    0x74, 0x00, 0x00, 0xff, 0xff, 0xff, 0xff, 0x42, 0x43, 0xc0, 0xde, 0x35, 0x14, 0x00, 0x00, 0x03,
    0x00, 0x00, 0x00, 0x62, 0x0c, 0x30, 0x24, 0x80, 0x10, 0x05, 0xc8, 0x14, 0x00, 0x00, 0x00, 0x21,
    0x0c, 0x00, 0x00, 0x6c, 0x18, 0x00, 0x00, 0x0b, 0x02, 0x21, 0x00, 0x02, 0x00, 0x00, 0x00, 0x16,
    0x00, 0x00, 0x00, 0x07, 0x81, 0x23, 0x91, 0x41, 0xc8, 0x04, 0x49, 0x06, 0x10, 0x32, 0x39, 0x92,
    0x01, 0x84, 0x0c, 0x25, 0x05, 0x08, 0x19, 0x1e, 0x04, 0x8b, 0x62, 0x80, 0x18, 0x45, 0x02, 0x42,
    0x92, 0x0b, 0x42, 0xc4, 0x10, 0x32, 0x14, 0x38, 0x08, 0x18, 0x4b, 0x0a, 0x32, 0x62, 0x88, 0x48,
    0x70, 0xc4, 0x21, 0x23, 0x44, 0x12, 0x87, 0x8c, 0x10, 0x41, 0x92, 0x02, 0x64, 0xc8, 0x08, 0xb1,
    0x14, 0x20, 0x43, 0x46, 0x88, 0x20, 0xc9, 0x01, 0x32, 0x62, 0x84, 0x18, 0x2a, 0x28, 0x2a, 0x90,
    0x31, 0x7c, 0xb0, 0x5c, 0x91, 0x20, 0xc6, 0xc8, 0x00, 0x00, 0x00, 0x89, 0x20, 0x00, 0x00, 0x42,
    0x00, 0x00, 0x00, 0x32, 0x22, 0x88, 0x09, 0x20, 0x62, 0x46, 0x00, 0x21, 0x2b, 0x24, 0x98, 0x18,
    0x21, 0x25, 0x24, 0x98, 0x18, 0x19, 0x27, 0x0c, 0x85, 0xa4, 0x90, 0x60, 0x62, 0x64, 0x5c, 0x20,
    0x24, 0x66, 0x82, 0xe0, 0x0f, 0x66, 0x00, 0x14, 0xd0, 0x00, 0x18, 0x44, 0x08, 0x06, 0x05, 0x14,
    0x00, 0x06, 0x11, 0x86, 0x61, 0x8e, 0x00, 0xd2, 0x81, 0x62, 0x10, 0xc1, 0x18, 0x14, 0x30, 0xa0,
    0x18, 0x44, 0x40, 0x06, 0x85, 0x01, 0x06, 0x11, 0x94, 0x61, 0x10, 0x01, 0x18, 0x14, 0x10, 0x03,
    0x18, 0x44, 0x68, 0x06, 0x05, 0x0c, 0x00, 0x06, 0x11, 0x9e, 0x41, 0x01, 0x19, 0x80, 0x41, 0x84,
    0x68, 0x50, 0x10, 0x60, 0x10, 0x61, 0x1a, 0x46, 0x00, 0x46, 0x01, 0x06, 0x11, 0xac, 0x60, 0x8e,
    0x00, 0x19, 0x44, 0xc0, 0x82, 0x39, 0x02, 0x30, 0x18, 0x44, 0xd0, 0x82, 0x41, 0x04, 0x20, 0x40,
    0x4b, 0x9a, 0x22, 0x4a, 0x98, 0x7c, 0x6d, 0x9a, 0x88, 0x66, 0x42, 0x9c, 0x26, 0x05, 0x22, 0x80,
    0x91, 0x12, 0xa5, 0x69, 0x9a, 0xa6, 0x69, 0x80, 0xa6, 0x69, 0x9a, 0xa6, 0x69, 0x9a, 0xa6, 0x69,
    0x9a, 0x36, 0x88, 0xd0, 0x05, 0x83, 0x08, 0x45, 0x60, 0xc4, 0xa0, 0xba, 0xb2, 0xeb, 0xba, 0xae,
    0x6b, 0xdb, 0x2e, 0xce, 0xbb, 0x38, 0xee, 0xbb, 0xbe, 0xeb, 0xbb, 0xae, 0xeb, 0xe2, 0x38, 0x8e,
    0xdb, 0x38, 0x4d, 0xd3, 0x08, 0x9c, 0x23, 0x00, 0x05, 0xc2, 0xcc, 0x50, 0x89, 0x23, 0x91, 0x66,
    0xd0, 0x34, 0x8d, 0x4c, 0x33, 0x54, 0x9a, 0x46, 0xa8, 0x11, 0x00, 0x8d, 0x54, 0x33, 0x00, 0x00,
    0x40, 0xac, 0x11, 0x00, 0x80, 0x5c, 0x23, 0x00, 0x18, 0xc1, 0x86, 0xd0, 0x34, 0x4d, 0x23, 0x79,
    0x8e, 0x20, 0x30, 0x45, 0x35, 0x62, 0x22, 0x4d, 0xf5, 0x40, 0x80, 0x0a, 0x68, 0x8a, 0x00, 0x50,
    0x4e, 0xca, 0x14, 0xc0, 0x20, 0x42, 0x31, 0x10, 0x00, 0x00, 0x00, 0x51, 0x18, 0x00, 0x00, 0xb1,
    0x01, 0x00, 0x00, 0x1b, 0xe2, 0x23, 0xf8, 0xff, 0xff, 0xff, 0xff, 0x01, 0x58, 0x03, 0xc0, 0x14,
    0x00, 0x89, 0x08, 0x07, 0x78, 0x80, 0x07, 0x79, 0x78, 0x07, 0x7c, 0x68, 0x03, 0x73, 0xa8, 0x07,
    0x77, 0x18, 0x87, 0x36, 0x30, 0x07, 0x78, 0x68, 0x83, 0x76, 0x08, 0x07, 0x7a, 0x40, 0x07, 0x80,
    0x1e, 0xe4, 0xa1, 0x1e, 0xca, 0x01, 0x20, 0xcc, 0x41, 0x1e, 0xc2, 0xa1, 0x1d, 0xca, 0xa1, 0x0d,
    0xe0, 0xe1, 0x1d, 0xd2, 0xc1, 0x1d, 0xe8, 0xa1, 0x1c, 0xe4, 0x01, 0x08, 0x07, 0x76, 0x60, 0x07,
    0x80, 0x68, 0x87, 0x74, 0x70, 0x87, 0x36, 0x60, 0x87, 0x72, 0x38, 0x87, 0x70, 0x60, 0x87, 0x36,
    0xb0, 0x87, 0x72, 0x18, 0x07, 0x7a, 0x78, 0x07, 0x79, 0x68, 0x83, 0x7b, 0x48, 0x07, 0x72, 0xa0,
    0x07, 0x74, 0x00, 0xe0, 0x00, 0x18, 0xdc, 0xe1, 0x1d, 0xda, 0x40, 0x1c, 0xea, 0x21, 0x1d, 0xd8,
    0x81, 0x1e, 0xd2, 0xc1, 0x1d, 0xe6, 0x01, 0x20, 0xdc, 0xe1, 0x1d, 0xda, 0x20, 0x1d, 0xdc, 0xc1,
    0x1c, 0xe6, 0xa1, 0x0d, 0xcc, 0x01, 0x1e, 0xda, 0xa0, 0x1d, 0xc2, 0x81, 0x1e, 0xd0, 0x01, 0xa0,
    0x07, 0x79, 0xa8, 0x87, 0x72, 0x00, 0x08, 0x77, 0x78, 0x87, 0x36, 0x70, 0x87, 0x70, 0x70, 0x87,
    0x79, 0x68, 0x03, 0x73, 0x80, 0x87, 0x36, 0x68, 0x87, 0x70, 0xa0, 0x07, 0x74, 0x00, 0xe8, 0x41,
    0x1e, 0xea, 0xa1, 0x1c, 0x00, 0xc2, 0x1d, 0xde, 0xa1, 0x0d, 0xe6, 0x21, 0x1d, 0xce, 0xc1, 0x1d,
    0xca, 0x81, 0x1c, 0xda, 0x40, 0x1f, 0xca, 0x41, 0x1e, 0xde, 0x61, 0x1e, 0xda, 0xc0, 0x1c, 0xe0,
    0xa1, 0x0d, 0xda, 0x21, 0x1c, 0xe8, 0x01, 0x1d, 0x00, 0x7a, 0x90, 0x87, 0x7a, 0x28, 0x07, 0x80,
    0x70, 0x87, 0x77, 0x68, 0x03, 0x7a, 0x90, 0x87, 0x70, 0x80, 0x07, 0x78, 0x48, 0x07, 0x77, 0x38,
    0x87, 0x36, 0x68, 0x87, 0x70, 0xa0, 0x07, 0x74, 0x00, 0xe8, 0x41, 0x1e, 0xea, 0xa1, 0x1c, 0x00,
    0x62, 0x1e, 0xe8, 0x21, 0x1c, 0xc6, 0x61, 0x1d, 0xda, 0x00, 0x1e, 0xe4, 0xe1, 0x1d, 0xe8, 0xa1,
    0x1c, 0xc6, 0x81, 0x1e, 0xde, 0x41, 0x1e, 0xda, 0x40, 0x1c, 0xea, 0xc1, 0x1c, 0xcc, 0xa1, 0x1c,
    0xe4, 0xa1, 0x0d, 0xe6, 0x21, 0x1d, 0xf4, 0xa1, 0x1c, 0x00, 0x3c, 0x00, 0x88, 0x7a, 0x70, 0x87,
    0x79, 0x08, 0x07, 0x73, 0x28, 0x87, 0x36, 0x30, 0x07, 0x78, 0x68, 0x83, 0x76, 0x08, 0x07, 0x7a,
    0x40, 0x07, 0x80, 0x1e, 0xe4, 0xa1, 0x1e, 0xca, 0x01, 0xd8, 0xd0, 0x09, 0x01, 0xb0, 0x00, 0xa4,
    0x00, 0x54, 0x43, 0x38, 0xa4, 0x83, 0x3c, 0xb4, 0x81, 0x38, 0xd4, 0x83, 0x39, 0x98, 0x43, 0x39,
    0xc8, 0x43, 0x1b, 0xb8, 0xc3, 0x3b, 0xb4, 0x41, 0x38, 0xb0, 0x43, 0x3a, 0x84, 0xc3, 0x3c, 0x00,
    0x1b, 0xba, 0x41, 0x00, 0x16, 0x80, 0x14, 0x80, 0x6a, 0x08, 0x87, 0x74, 0x90, 0x87, 0x36, 0x10,
    0x87, 0x7a, 0x30, 0x07, 0x73, 0x28, 0x07, 0x79, 0x68, 0x03, 0x77, 0x78, 0x87, 0x36, 0x08, 0x07,
    0x76, 0x48, 0x87, 0x70, 0x98, 0x07, 0x60, 0x43, 0x47, 0x0c, 0xc0, 0x02, 0x90, 0x02, 0x50, 0x0d,
    0xe1, 0x90, 0x0e, 0xf2, 0xd0, 0x06, 0xe2, 0x50, 0x0f, 0xe6, 0x60, 0x0e, 0xe5, 0x20, 0x0f, 0x6d,
    0xe0, 0x0e, 0xef, 0xd0, 0x06, 0xe1, 0xc0, 0x0e, 0xe9, 0x10, 0x0e, 0xf3, 0x00, 0x6c, 0xe8, 0x0a,
    0x02, 0x58, 0x00, 0x52, 0x00, 0xaa, 0x21, 0x1c, 0xd2, 0x41, 0x1e, 0xda, 0x40, 0x1c, 0xea, 0xc1,
    0x1c, 0xcc, 0xa1, 0x1c, 0xe4, 0xa1, 0x0d, 0xdc, 0xe1, 0x1d, 0xda, 0x20, 0x1c, 0xd8, 0x21, 0x1d,
    0xc2, 0x61, 0x1e, 0x80, 0x0d, 0x9d, 0x51, 0x00, 0x0b, 0x40, 0x0a, 0x40, 0x35, 0x84, 0x43, 0x3a,
    0xc8, 0x43, 0x1b, 0x88, 0x43, 0x3d, 0x98, 0x83, 0x39, 0x94, 0x83, 0x3c, 0xb4, 0x81, 0x3b, 0xbc,
    0x43, 0x1b, 0x84, 0x03, 0x3b, 0xa4, 0x43, 0x38, 0xcc, 0x03, 0xb0, 0xa1, 0x3b, 0x0c, 0x60, 0x01,
    0x48, 0x01, 0xa8, 0x86, 0x70, 0x48, 0x07, 0x79, 0x68, 0x03, 0x71, 0xa8, 0x07, 0x73, 0x30, 0x87,
    0x72, 0x90, 0x87, 0x36, 0x70, 0x87, 0x77, 0x68, 0x83, 0x70, 0x60, 0x87, 0x74, 0x08, 0x87, 0x79,
    0x00, 0x36, 0x74, 0xc8, 0x01, 0x2c, 0x00, 0x29, 0x00, 0xd5, 0x10, 0x0e, 0xe9, 0x20, 0x0f, 0x6d,
    0x20, 0x0e, 0xf5, 0x60, 0x0e, 0xe6, 0x50, 0x0e, 0xf2, 0xd0, 0x06, 0xee, 0xf0, 0x0e, 0x6d, 0x10,
    0x0e, 0xec, 0x90, 0x0e, 0xe1, 0x30, 0x0f, 0xc0, 0x86, 0x2e, 0x41, 0x80, 0x05, 0x20, 0x05, 0xa0,
    0x1a, 0xc2, 0x21, 0x1d, 0xe4, 0xa1, 0x0d, 0xc4, 0xa1, 0x1e, 0xcc, 0xc1, 0x1c, 0xca, 0x41, 0x1e,
    0xda, 0xc0, 0x1d, 0xde, 0xa1, 0x0d, 0xc2, 0x81, 0x1d, 0xd2, 0x21, 0x1c, 0xe6, 0x01, 0xd8, 0xd0,
    0x29, 0x09, 0xb0, 0x00, 0xa4, 0x00, 0x54, 0x43, 0x38, 0xa4, 0x83, 0x3c, 0xb4, 0x81, 0x38, 0xd4,
    0x83, 0x39, 0x98, 0x43, 0x39, 0xc8, 0x43, 0x1b, 0xb8, 0xc3, 0x3b, 0xb4, 0x41, 0x38, 0xb0, 0x43,
    0x3a, 0x84, 0xc3, 0x3c, 0x00, 0x1b, 0xb6, 0x45, 0x01, 0x16, 0x80, 0x14, 0x86, 0x70, 0x48, 0x07,
    0x79, 0x68, 0x03, 0x71, 0xa8, 0x07, 0x73, 0x30, 0x87, 0x72, 0x90, 0x87, 0x36, 0x70, 0x87, 0x77,
    0x68, 0x83, 0x70, 0x60, 0x87, 0x74, 0x08, 0x87, 0x79, 0x00, 0x36, 0x74, 0xcc, 0x02, 0x2c, 0x00,
    0x29, 0x00, 0x74, 0x30, 0x84, 0x43, 0x3a, 0xc8, 0x43, 0x1b, 0x88, 0x43, 0x3d, 0x98, 0x83, 0x39,
    0x94, 0x83, 0x3c, 0xb4, 0x81, 0x3b, 0xbc, 0x43, 0x1b, 0x84, 0x03, 0x3b, 0xa4, 0x43, 0x38, 0xcc,
    0x03, 0xb0, 0x61, 0x0c, 0x1a, 0x06, 0x58, 0x00, 0x52, 0x00, 0xaa, 0x20, 0x20, 0x82, 0x34, 0x80,
    0x85, 0x21, 0x1c, 0xd2, 0x41, 0x1e, 0xda, 0x40, 0x1c, 0xea, 0xc1, 0x1c, 0xcc, 0xa1, 0x1c, 0xe4,
    0xa1, 0x0d, 0xdc, 0xe1, 0x1d, 0xda, 0x20, 0x1c, 0xd8, 0x21, 0x1d, 0xc2, 0x61, 0x1e, 0x80, 0x0d,
    0x9d, 0xd3, 0x00, 0x0b, 0x40, 0x0a, 0x40, 0x35, 0x84, 0x43, 0x3a, 0xc8, 0x43, 0x1b, 0x88, 0x43,
    0x3d, 0x98, 0x83, 0x39, 0x94, 0x83, 0x3c, 0xb4, 0x81, 0x3b, 0xbc, 0x43, 0x1b, 0x84, 0x03, 0x3b,
    0xa4, 0x43, 0x38, 0xcc, 0x03, 0xb0, 0xa1, 0x7b, 0x1c, 0x60, 0x01, 0x48, 0x01, 0xa8, 0x86, 0x70,
    0x48, 0x07, 0x79, 0x68, 0x03, 0x71, 0xa8, 0x07, 0x73, 0x30, 0x87, 0x72, 0x90, 0x87, 0x36, 0x70,
    0x87, 0x77, 0x68, 0x83, 0x70, 0x60, 0x87, 0x74, 0x08, 0x87, 0x79, 0x00, 0x36, 0x74, 0xd0, 0x03,
    0x2c, 0x00, 0x29, 0x00, 0xd5, 0x10, 0x0e, 0xe9, 0x20, 0x0f, 0x6d, 0x20, 0x0e, 0xf5, 0x60, 0x0e,
    0xe6, 0x50, 0x0e, 0xf2, 0xd0, 0x06, 0xee, 0xf0, 0x0e, 0x6d, 0x10, 0x0e, 0xec, 0x90, 0x0e, 0xe1,
    0x30, 0x0f, 0xc0, 0x86, 0x2e, 0x82, 0x80, 0x05, 0x20, 0x05, 0xa0, 0x1a, 0xc2, 0x21, 0x1d, 0xe4,
    0xa1, 0x0d, 0xc4, 0xa1, 0x1e, 0xcc, 0xc1, 0x1c, 0xca, 0x41, 0x1e, 0xda, 0xc0, 0x1d, 0xde, 0xa1,
    0x0d, 0xc2, 0x81, 0x1d, 0xd2, 0x21, 0x1c, 0xe6, 0x01, 0xd8, 0xd0, 0x49, 0x11, 0xb0, 0x00, 0xa4,
    0x00, 0x54, 0x43, 0x38, 0xa4, 0x83, 0x3c, 0xb4, 0x81, 0x38, 0xd4, 0x83, 0x39, 0x98, 0x43, 0x39,
    0xc8, 0x43, 0x1b, 0xb8, 0xc3, 0x3b, 0xb4, 0x41, 0x38, 0xb0, 0x43, 0x3a, 0x84, 0xc3, 0x3c, 0x00,
    0x1b, 0xba, 0x49, 0x02, 0x16, 0x80, 0x14, 0x80, 0x6a, 0x08, 0x87, 0x74, 0x90, 0x87, 0x36, 0x10,
    0x87, 0x7a, 0x30, 0x07, 0x73, 0x28, 0x07, 0x79, 0x68, 0x03, 0x77, 0x78, 0x87, 0x36, 0x08, 0x07,
    0x76, 0x48, 0x87, 0x70, 0x98, 0x07, 0x60, 0x43, 0x47, 0x4d, 0xc0, 0x02, 0x90, 0x02, 0x50, 0x0d,
    0xe1, 0x90, 0x0e, 0xf2, 0xd0, 0x06, 0xe2, 0x50, 0x0f, 0xe6, 0x60, 0x0e, 0xe5, 0x20, 0x0f, 0x6d,
    0xe0, 0x0e, 0xef, 0xd0, 0x06, 0xe1, 0xc0, 0x0e, 0xe9, 0x10, 0x0e, 0xf3, 0x00, 0x6c, 0xe8, 0x2a,
    0x0a, 0x58, 0x00, 0x52, 0x00, 0xaa, 0x21, 0x1c, 0xd2, 0x41, 0x1e, 0xda, 0x40, 0x1c, 0xea, 0xc1,
    0x1c, 0xcc, 0xa1, 0x1c, 0xe4, 0xa1, 0x0d, 0xdc, 0xe1, 0x1d, 0xda, 0x20, 0x1c, 0xd8, 0x21, 0x1d,
    0xc2, 0x61, 0x1e, 0x80, 0x0d, 0x9d, 0x55, 0x01, 0x0b, 0x40, 0x0a, 0x40, 0x35, 0x84, 0x43, 0x3a,
    0xc8, 0x43, 0x1b, 0x88, 0x43, 0x3d, 0x98, 0x83, 0x39, 0x94, 0x83, 0x3c, 0xb4, 0x81, 0x3b, 0xbc,
    0x43, 0x1b, 0x84, 0x03, 0x3b, 0xa4, 0x43, 0x38, 0xcc, 0x03, 0xb0, 0xa1, 0xbb, 0x2c, 0x60, 0x01,
    0x48, 0x01, 0xa8, 0x86, 0x70, 0x48, 0x07, 0x79, 0x68, 0x03, 0x71, 0xa8, 0x07, 0x73, 0x30, 0x87,
    0x72, 0x90, 0x87, 0x36, 0x70, 0x87, 0x77, 0x68, 0x83, 0x70, 0x60, 0x87, 0x74, 0x08, 0x87, 0x79,
    0x00, 0x36, 0x74, 0xd8, 0x05, 0x2c, 0x00, 0x29, 0x00, 0xd5, 0x10, 0x0e, 0xe9, 0x20, 0x0f, 0x6d,
    0x20, 0x0e, 0xf5, 0x60, 0x0e, 0xe6, 0x50, 0x0e, 0xf2, 0xd0, 0x06, 0xee, 0xf0, 0x0e, 0x6d, 0x10,
    0x0e, 0xec, 0x90, 0x0e, 0xe1, 0x30, 0x0f, 0xc0, 0x86, 0x2e, 0xc3, 0x80, 0x05, 0x20, 0x05, 0xa0,
    0x1a, 0xc2, 0x21, 0x1d, 0xe4, 0xa1, 0x0d, 0xc4, 0xa1, 0x1e, 0xcc, 0xc1, 0x1c, 0xca, 0x41, 0x1e,
    0xda, 0xc0, 0x1d, 0xde, 0xa1, 0x0d, 0xc2, 0x81, 0x1d, 0xd2, 0x21, 0x1c, 0xe6, 0x01, 0xd8, 0xd0,
    0x69, 0x19, 0xb0, 0x00, 0xa4, 0x00, 0x54, 0x43, 0x38, 0xa4, 0x83, 0x3c, 0xb4, 0x81, 0x38, 0xd4,
    0x83, 0x39, 0x98, 0x43, 0x39, 0xc8, 0x43, 0x1b, 0xb8, 0xc3, 0x3b, 0xb4, 0x41, 0x38, 0xb0, 0x43,
    0x3a, 0x84, 0xc3, 0x3c, 0x00, 0x1b, 0xba, 0x4d, 0x03, 0x16, 0x80, 0x14, 0x80, 0x6a, 0x08, 0x87,
    0x74, 0x90, 0x87, 0x36, 0x10, 0x87, 0x7a, 0x30, 0x07, 0x73, 0x28, 0x07, 0x79, 0x68, 0x03, 0x77,
    0x78, 0x87, 0x36, 0x08, 0x07, 0x76, 0x48, 0x87, 0x70, 0x98, 0x07, 0x60, 0x43, 0xc7, 0x6d, 0xc0,
    0x02, 0x90, 0x02, 0x50, 0x0d, 0xe1, 0x90, 0x0e, 0xf2, 0xd0, 0x06, 0xe2, 0x50, 0x0f, 0xe6, 0x60,
    0x0e, 0xe5, 0x20, 0x0f, 0x6d, 0xe0, 0x0e, 0xef, 0xd0, 0x06, 0xe1, 0xc0, 0x0e, 0xe9, 0x10, 0x0e,
    0xf3, 0x00, 0x6c, 0xe8, 0x3a, 0x0e, 0x58, 0x00, 0x52, 0x00, 0xaa, 0x21, 0x1c, 0xd2, 0x41, 0x1e,
    0xda, 0x40, 0x1c, 0xea, 0xc1, 0x1c, 0xcc, 0xa1, 0x1c, 0xe4, 0xa1, 0x0d, 0xdc, 0xe1, 0x1d, 0xda,
    0x20, 0x1c, 0xd8, 0x21, 0x1d, 0xc2, 0x61, 0x1e, 0x80, 0x0d, 0x9d, 0xd7, 0x01, 0x0b, 0x40, 0x0a,
    0x40, 0x35, 0x84, 0x43, 0x3a, 0xc8, 0x43, 0x1b, 0x88, 0x43, 0x3d, 0x98, 0x83, 0x39, 0x94, 0x83,
    0x3c, 0xb4, 0x81, 0x3b, 0xbc, 0x43, 0x1b, 0x84, 0x03, 0x3b, 0xa4, 0x43, 0x38, 0xcc, 0x03, 0xb0,
    0xa1, 0xfb, 0x3c, 0x60, 0x01, 0x48, 0x01, 0xa0, 0x83, 0x21, 0x1c, 0xd2, 0x41, 0x1e, 0xda, 0x40,
    0x1c, 0xea, 0xc1, 0x1c, 0xcc, 0xa1, 0x1c, 0xe4, 0xa1, 0x0d, 0xdc, 0xe1, 0x1d, 0xda, 0x20, 0x1c,
    0xd8, 0x21, 0x1d, 0xc2, 0x61, 0x1e, 0x80, 0x0d, 0x04, 0x18, 0x7c, 0x00, 0x29, 0x6c, 0x20, 0xc2,
    0x00, 0x0c, 0x00, 0x52, 0xd8, 0x40, 0x88, 0x41, 0x18, 0x00, 0xa4, 0xb0, 0xc1, 0x19, 0x83, 0xff,
    0xff, 0xff, 0xff, 0x1f, 0x80, 0x36, 0x00, 0x4e, 0x01, 0xf0, 0x03, 0xe0, 0x0f, 0x00, 0x09, 0xe8,
    0x83, 0x0d, 0x04, 0x19, 0x04, 0x00, 0x1f, 0x6c, 0x20, 0xca, 0x40, 0x00, 0x96, 0x0d, 0x90, 0x19,
    0xfc, 0xff, 0xff, 0xff, 0xff, 0x00, 0x9c, 0x02, 0xe0, 0x07, 0xc0, 0x1f, 0x00, 0x12, 0x40, 0x01,
    0x75, 0x00, 0xf4, 0xc1, 0x06, 0xe5, 0x0c, 0xfe, 0xff, 0xff, 0xff, 0x7f, 0x00, 0xd6, 0x00, 0x30,
    0x05, 0x40, 0x02, 0xfa, 0x60, 0x83, 0x83, 0x06, 0xff, 0xff, 0xff, 0xff, 0x3f, 0x00, 0xa6, 0x00,
    0xf8, 0x01, 0xf0, 0x07, 0x80, 0x04, 0x50, 0x40, 0x1f, 0x6c, 0x60, 0xd2, 0xe0, 0xff, 0xff, 0xff,
    0xff, 0x07, 0xa0, 0x0d, 0x00, 0x3f, 0x00, 0x24, 0xa0, 0x0f, 0x00, 0x3a, 0xd8, 0x60, 0xa8, 0x41,
    0x00, 0x2c, 0x00, 0x1d, 0x6c, 0x20, 0xd6, 0x80, 0x00, 0xf8, 0x60, 0x03, 0xc2, 0x06, 0xff, 0xff,
    0xff, 0xff, 0x3f, 0x00, 0x6b, 0x00, 0x48, 0x40, 0x1f, 0x6c, 0x40, 0xda, 0xe0, 0xff, 0xff, 0xff,
    0xff, 0x07, 0x40, 0x02, 0x28, 0xa0, 0x0f, 0x36, 0x10, 0x6e, 0xf0, 0xff, 0xff, 0xff, 0xff, 0x03,
    0x20, 0x6d, 0x20, 0xde, 0x40, 0x00, 0xce, 0x60, 0x03, 0x03, 0x07, 0x01, 0x40, 0x0a, 0xc0, 0x19,
    0x04, 0x01, 0x11, 0xa4, 0x01, 0x18, 0x6c, 0x60, 0xe2, 0x20, 0x00, 0x48, 0x01, 0x38, 0x83, 0x20,
    0x20, 0x82, 0x34, 0x00, 0x0d, 0x00, 0x00, 0x49, 0x18, 0x00, 0x00, 0x12, 0x00, 0x00, 0x00, 0x13,
    0xc4, 0x20, 0x10, 0x06, 0xa2, 0x30, 0x0e, 0x24, 0x51, 0x16, 0xa6, 0x71, 0x1e, 0x28, 0x92, 0x26,
    0xaa, 0xb2, 0x2e, 0x2c, 0xd3, 0x36, 0xae, 0xf3, 0x3e, 0x30, 0x08, 0x03, 0x31, 0x98, 0x30, 0x8c,
    0x01, 0x19, 0x94, 0xc1, 0x84, 0xc0, 0x0c, 0x26, 0x04, 0x67, 0x30, 0x21, 0x40, 0x83, 0x09, 0x43,
    0x1a, 0xa8, 0xc1, 0x1a, 0x4c, 0x08, 0xd8, 0x60, 0x42, 0xd0, 0x06, 0x13, 0x04, 0x37, 0x78, 0x83,
    0x09, 0x01, 0x1c, 0x4c, 0x08, 0xe2, 0x00, 0x13, 0xb0, 0x70, 0x48, 0x07, 0x79, 0xb0, 0x03, 0x3a,
    0x68, 0x83, 0x70, 0x80, 0x07, 0x78, 0x60, 0x87, 0x72, 0x68, 0x83, 0x76, 0x08, 0x87, 0x71, 0x78,
    0x87, 0x79, 0xc0, 0x87, 0x38, 0xa8, 0x03, 0x37, 0x90, 0x03, 0x37, 0x80, 0x83, 0x0d, 0xb7, 0x51,
    0x0e, 0x6d, 0x00, 0x0f, 0x7a, 0x60, 0x07, 0x74, 0xa0, 0x07, 0x76, 0x40, 0x07, 0x7a, 0x60, 0x07,
    0x74, 0xd0, 0x06, 0xe9, 0x10, 0x07, 0x7a, 0x80, 0x07, 0x7a, 0x80, 0x07, 0x6d, 0x90, 0x0e, 0x78,
    0xa0, 0x07, 0x78, 0xa0, 0x07, 0x78, 0xd0, 0x06, 0xe9, 0x10, 0x07, 0x76, 0xa0, 0x07, 0x71, 0x60,
    0x07, 0x7a, 0x10, 0x07, 0x76, 0xd0, 0x06, 0xe9, 0x30, 0x07, 0x72, 0xa0, 0x07, 0x73, 0x20, 0x07,
    0x7a, 0x30, 0x07, 0x72, 0xd0, 0x06, 0xe9, 0x60, 0x07, 0x74, 0xa0, 0x07, 0x76, 0x40, 0x07, 0x7a,
    0x60, 0x07, 0x74, 0xd0, 0x06, 0xe6, 0x30, 0x07, 0x72, 0xa0, 0x07, 0x73, 0x20, 0x07, 0x7a, 0x30,
    0x07, 0x72, 0xd0, 0x06, 0xe6, 0x60, 0x07, 0x74, 0xa0, 0x07, 0x76, 0x40, 0x07, 0x7a, 0x60, 0x07,
    0x74, 0xd0, 0x06, 0xf6, 0x10, 0x07, 0x76, 0xa0, 0x07, 0x71, 0x60, 0x07, 0x7a, 0x10, 0x07, 0x76,
    0xd0, 0x06, 0xf6, 0x20, 0x07, 0x74, 0xa0, 0x07, 0x73, 0x20, 0x07, 0x7a, 0x30, 0x07, 0x72, 0xd0,
    0x06, 0xf6, 0x30, 0x07, 0x72, 0xa0, 0x07, 0x73, 0x20, 0x07, 0x7a, 0x30, 0x07, 0x72, 0xd0, 0x06,
    0xf6, 0x40, 0x07, 0x78, 0xa0, 0x07, 0x76, 0x40, 0x07, 0x7a, 0x60, 0x07, 0x74, 0xd0, 0x06, 0xf6,
    0x60, 0x07, 0x74, 0xa0, 0x07, 0x76, 0x40, 0x07, 0x7a, 0x60, 0x07, 0x74, 0xd0, 0x06, 0xf6, 0x90,
    0x07, 0x76, 0xa0, 0x07, 0x71, 0x20, 0x07, 0x78, 0xa0, 0x07, 0x71, 0x20, 0x07, 0x78, 0xd0, 0x06,
    0xf6, 0x10, 0x07, 0x72, 0x80, 0x07, 0x7a, 0x10, 0x07, 0x72, 0x80, 0x07, 0x7a, 0x10, 0x07, 0x72,
    0x80, 0x07, 0x6d, 0x60, 0x0f, 0x71, 0x90, 0x07, 0x72, 0xa0, 0x07, 0x72, 0x50, 0x07, 0x76, 0xa0,
    0x07, 0x72, 0x50, 0x07, 0x76, 0xd0, 0x06, 0xf6, 0x20, 0x07, 0x75, 0x60, 0x07, 0x7a, 0x20, 0x07,
    0x75, 0x60, 0x07, 0x7a, 0x20, 0x07, 0x75, 0x60, 0x07, 0x6d, 0x60, 0x0f, 0x75, 0x10, 0x07, 0x72,
    0xa0, 0x07, 0x75, 0x10, 0x07, 0x72, 0xa0, 0x07, 0x75, 0x10, 0x07, 0x72, 0xd0, 0x06, 0xf6, 0x10,
    0x07, 0x70, 0x20, 0x07, 0x74, 0xa0, 0x07, 0x71, 0x00, 0x07, 0x72, 0x40, 0x07, 0x7a, 0x10, 0x07,
    0x70, 0x20, 0x07, 0x74, 0xd0, 0x06, 0xee, 0x80, 0x07, 0x7a, 0x10, 0x07, 0x76, 0xa0, 0x07, 0x73,
    0x20, 0x07, 0x4a, 0x0f, 0x08, 0x11, 0x92, 0x42, 0x86, 0x8c, 0x14, 0x11, 0x01, 0x34, 0x42, 0x18,
    0xb6, 0x1b, 0x08, 0xc1, 0x19, 0x88, 0x1f, 0x98, 0x26, 0xa2, 0x99, 0x10, 0xa7, 0xf9, 0x19, 0x62,
    0x02, 0x96, 0x5f, 0x21, 0xa2, 0x86, 0x58, 0x76, 0x48, 0x00, 0x7e, 0x04, 0x8e, 0x38, 0x0c, 0x03,
    0x00, 0x00, 0x01, 0x00, 0x00, 0x40, 0x80, 0x1f, 0xc0, 0x0e, 0x09, 0x3f, 0xe2, 0x63, 0x70, 0xc6,
    0x61, 0x18, 0x00, 0x00, 0x08, 0x00, 0x00, 0x00, 0x02, 0xfc, 0x00, 0x76, 0x48, 0xe9, 0x83, 0x1f,
    0x83, 0x33, 0x0e, 0xc3, 0x00, 0x00, 0x40, 0x00, 0x00, 0x00, 0x10, 0xe0, 0x07, 0xb0, 0x43, 0x0a,
    0xaf, 0xfc, 0x30, 0x1c, 0x72, 0x18, 0x04, 0x00, 0x00, 0x02, 0x00, 0x00, 0x80, 0x00, 0x3f, 0x80,
    0x1d, 0x92, 0xee, 0xe9, 0x07, 0xe2, 0x94, 0xc3, 0x20, 0x00, 0x00, 0x10, 0x00, 0x00, 0x00, 0x04,
    0xf8, 0x01, 0xec, 0x90, 0x68, 0x33, 0xa0, 0x0f, 0xc5, 0x31, 0x87, 0x61, 0x00, 0x00, 0x20, 0x00,
    0x00, 0x00, 0x08, 0xf0, 0x03, 0xd8, 0x21, 0xa1, 0x6e, 0x20, 0x1f, 0x80, 0x13, 0x0e, 0xc3, 0x00,
    0x00, 0x40, 0x00, 0x00, 0x00, 0x10, 0xe0, 0x07, 0xb0, 0x43, 0xd2, 0xeb, 0xe0, 0x3e, 0x1a, 0xe7,
    0x1c, 0x86, 0x01, 0x00, 0x80, 0x00, 0x00, 0x00, 0x20, 0xc0, 0x0f, 0x60, 0x87, 0x14, 0xf7, 0x81,
    0x7b, 0x3c, 0x0e, 0x3a, 0x0c, 0x03, 0x00, 0x00, 0x01, 0x00, 0x00, 0x40, 0x80, 0x1f, 0xc0, 0x0e,
    0xe9, 0x27, 0x05, 0xfd, 0x40, 0x9c, 0x72, 0x18, 0x04, 0x00, 0x00, 0x02, 0x00, 0x00, 0x80, 0x00,
    0x3f, 0x80, 0x1d, 0x52, 0xce, 0x0a, 0xf7, 0xa1, 0x38, 0xe6, 0x30, 0x0c, 0x00, 0x00, 0x04, 0x00,
    0x00, 0x00, 0x01, 0x7e, 0x00, 0x3b, 0x24, 0x98, 0x16, 0xee, 0x63, 0x70, 0xc6, 0x61, 0x18, 0x00,
    0x00, 0x08, 0x00, 0x00, 0x00, 0x02, 0xfc, 0x00, 0x76, 0x48, 0x27, 0x2f, 0xdc, 0x47, 0xe4, 0xa4,
    0xc3, 0x30, 0x00, 0x00, 0x10, 0x00, 0x00, 0x00, 0x04, 0xf8, 0x01, 0xec, 0x90, 0xfc, 0x71, 0xd8,
    0x8f, 0xc9, 0x51, 0x87, 0x61, 0x00, 0x00, 0x20, 0x00, 0x00, 0x00, 0x08, 0xf0, 0x03, 0xd8, 0x21,
    0xe5, 0xeb, 0xe0, 0x1e, 0x8f, 0x83, 0x0e, 0xc3, 0x00, 0x00, 0x40, 0x00, 0x00, 0x00, 0x10, 0xe0,
    0x07, 0x30, 0xa4, 0x3a, 0xe7, 0xa1, 0x03, 0x03, 0x00, 0x00, 0x02, 0x00, 0x00, 0x00, 0x01, 0x00,
    0x00, 0x00, 0x00, 0x00, 0xfc, 0x00, 0x86, 0x54, 0x24, 0x3d, 0x58, 0x64, 0x00, 0x04, 0x80, 0x00,
    0x00, 0x00, 0x00, 0x00, 0x00, 0x00, 0x00, 0x00, 0x80, 0x1f, 0xc0, 0x90, 0x4a, 0xa7, 0x87, 0xc6,
    0x0c, 0x80, 0x00, 0x18, 0x00, 0x00, 0x00, 0x00, 0x00, 0x00, 0x00, 0x00, 0x00, 0xf0, 0x03, 0x18,
    0x52, 0x9d, 0xf5, 0xe0, 0xa0, 0x01, 0x10, 0x00, 0x04, 0x00, 0x00, 0x80, 0x00, 0x00, 0x00, 0x00,
    0x00, 0x00, 0x7e, 0x00, 0x43, 0xaa, 0xba, 0x1e, 0x2e, 0x35, 0x00, 0x02, 0xa0, 0x00, 0x00, 0x00,
    0x10, 0x00, 0x00, 0x00, 0x00, 0x00, 0xc0, 0x0f, 0x60, 0x48, 0xc5, 0xda, 0x43, 0xc4, 0x06, 0x40,
    0x00, 0x14, 0x00, 0x00, 0x00, 0x02, 0x00, 0x00, 0x00, 0x00, 0x00, 0xf8, 0x01, 0x0c, 0xa9, 0x7a,
    0x7b, 0x88, 0xd8, 0x00, 0x08, 0x80, 0x02, 0x00, 0x00, 0x40, 0x00, 0x00, 0x00, 0x00, 0x00, 0x00,
    0x3f, 0x80, 0x21, 0x95, 0x7b, 0x0f, 0x97, 0x1a, 0x00, 0x01, 0x50, 0x00, 0x00, 0x00, 0x08, 0x00,
    0x00, 0x00, 0x00, 0x00, 0xe0, 0x07, 0x30, 0xa4, 0x2a, 0xf1, 0x01, 0x72, 0x03, 0x20, 0x00, 0x0a,
    0x00, 0x00, 0x00, 0x01, 0x00, 0x00, 0x00, 0x00, 0x00, 0xfc, 0x00, 0x86, 0x54, 0x35, 0x3e, 0x34,
    0x66, 0x00, 0x04, 0x40, 0x01, 0x00, 0x00, 0x20, 0x00, 0x00, 0x00, 0x00, 0x00, 0x80, 0x1f, 0xc0,
    0x90, 0x4a, 0xcc, 0x07, 0x0b, 0x0e, 0x80, 0x00, 0x28, 0x00, 0x00, 0x00, 0x04, 0x00, 0x00, 0x00,
    0x00, 0x00, 0xf0, 0x03, 0x18, 0x52, 0xe1, 0xf9, 0xf0, 0xc8, 0x01, 0x10, 0x00, 0x05, 0x00, 0x00,
    0x80, 0x00, 0x00, 0x00, 0x00, 0x00, 0x00, 0x7e, 0x00, 0x43, 0xaa, 0x53, 0x1f, 0xa8, 0x3a, 0x00,
    0x02, 0xc0, 0x00, 0x00, 0x00, 0x00, 0x00, 0x00, 0x00, 0x00, 0x00, 0xc0, 0x0f, 0x60, 0x48, 0xb5,
    0xeb, 0x03, 0x46, 0x06, 0x40, 0x00, 0x08, 0x00, 0x00, 0x00, 0x00, 0x00, 0x00, 0x00, 0x00, 0x00,
    0xf8, 0x01, 0x0c, 0xa9, 0xe6, 0x7d, 0x80, 0xdc, 0x00, 0x08, 0x80, 0x02, 0x00, 0x00, 0x40, 0x00,
    0x00, 0x00, 0x00, 0x00, 0x00, 0x3f, 0x00, 0x89, 0x0d, 0x02, 0x85, 0xdd, 0x30, 0x00, 0x00, 0xb2,
    0x40, 0x00, 0x00, 0x2a, 0x00, 0x00, 0x00, 0x32, 0x1e, 0x98, 0x1c, 0x19, 0x11, 0x4c, 0x90, 0x8c,
    0x09, 0x26, 0x47, 0xc6, 0x04, 0x43, 0xd2, 0x8a, 0xa0, 0x04, 0x0a, 0xa1, 0x1c, 0xca, 0xa7, 0x00,
    0x05, 0x0a, 0xa2, 0x40, 0x46, 0x00, 0xca, 0xa0, 0x14, 0x8a, 0xa1, 0x24, 0x8a, 0xa2, 0x2c, 0x0a,
    0x34, 0xa0, 0x30, 0x0a, 0xa5, 0x60, 0x0a, 0xa7, 0x80, 0x0a, 0xa9, 0xa0, 0x0a, 0xab, 0xc0, 0x0a,
    0xad, 0xe0, 0x0a, 0xaf, 0x00, 0x03, 0x0a, 0x31, 0xa0, 0x20, 0x03, 0x0a, 0x33, 0xa0, 0x34, 0x8a,
    0xa3, 0x3c, 0x4a, 0xa4, 0x48, 0xca, 0xa4, 0x54, 0x8a, 0xa5, 0x5c, 0x4a, 0xa6, 0x68, 0xca, 0xa6,
    0x74, 0x8a, 0x87, 0xc4, 0x11, 0x80, 0x42, 0x28, 0x88, 0xc2, 0x28, 0x90, 0x42, 0x29, 0x98, 0xc2,
    0x29, 0xa0, 0x42, 0x2a, 0xa8, 0xc2, 0x2a, 0xb0, 0x42, 0x2b, 0xb8, 0xc2, 0x2b, 0xc0, 0x80, 0x42,
    0x0c, 0x28, 0xc8, 0x80, 0xc2, 0x0c, 0x20, 0x60, 0x06, 0x80, 0x82, 0x19, 0x00, 0x1a, 0x66, 0x00,
    0xc8, 0x98, 0x01, 0x20, 0x64, 0x06, 0x80, 0x94, 0x19, 0x00, 0x6a, 0x66, 0x00, 0xe8, 0x99, 0x01,
    0xa0, 0x68, 0x06, 0x80, 0xa6, 0x19, 0x00, 0xc2, 0xc7, 0x12, 0x1e, 0x01, 0x00, 0x00, 0x00, 0xb1,
    0x18, 0x00, 0x00, 0xa5, 0x00, 0x00, 0x00, 0x33, 0x08, 0x80, 0x1c, 0xc4, 0xe1, 0x1c, 0x66, 0x14,
    0x01, 0x3d, 0x88, 0x43, 0x38, 0x84, 0xc3, 0x8c, 0x42, 0x80, 0x07, 0x79, 0x78, 0x07, 0x73, 0x98,
    0x71, 0x0c, 0xe6, 0x00, 0x0f, 0xed, 0x10, 0x0e, 0xf4, 0x80, 0x0e, 0x33, 0x0c, 0x42, 0x1e, 0xc2,
    0xc1, 0x1d, 0xce, 0xa1, 0x1c, 0x66, 0x30, 0x05, 0x3d, 0x88, 0x43, 0x38, 0x84, 0x83, 0x1b, 0xcc,
    0x03, 0x3d, 0xc8, 0x43, 0x3d, 0x8c, 0x03, 0x3d, 0xcc, 0x78, 0x8c, 0x74, 0x70, 0x07, 0x7b, 0x08,
    0x07, 0x79, 0x48, 0x87, 0x70, 0x70, 0x07, 0x7a, 0x70, 0x03, 0x76, 0x78, 0x87, 0x70, 0x20, 0x87,
    0x19, 0xcc, 0x11, 0x0e, 0xec, 0x90, 0x0e, 0xe1, 0x30, 0x0f, 0x6e, 0x30, 0x0f, 0xe3, 0xf0, 0x0e,
    0xf0, 0x50, 0x0e, 0x33, 0x10, 0xc4, 0x1d, 0xde, 0x21, 0x1c, 0xd8, 0x21, 0x1d, 0xc2, 0x61, 0x1e,
    0x66, 0x30, 0x89, 0x3b, 0xbc, 0x83, 0x3b, 0xd0, 0x43, 0x39, 0xb4, 0x03, 0x3c, 0xbc, 0x83, 0x3c,
    0x84, 0x03, 0x3b, 0xcc, 0xf0, 0x14, 0x76, 0x60, 0x07, 0x7b, 0x68, 0x07, 0x37, 0x68, 0x87, 0x72,
    0x68, 0x07, 0x37, 0x80, 0x87, 0x70, 0x90, 0x87, 0x70, 0x60, 0x07, 0x76, 0x28, 0x07, 0x76, 0xf8,
    0x05, 0x76, 0x78, 0x87, 0x77, 0x80, 0x87, 0x5f, 0x08, 0x87, 0x71, 0x18, 0x87, 0x72, 0x98, 0x87,
    0x79, 0x98, 0x81, 0x2c, 0xee, 0xf0, 0x0e, 0xee, 0xe0, 0x0e, 0xf5, 0xc0, 0x0e, 0xec, 0x30, 0x03,
    0x62, 0xc8, 0xa1, 0x1c, 0xe4, 0xa1, 0x1c, 0xcc, 0xa1, 0x1c, 0xe4, 0xa1, 0x1c, 0xdc, 0x61, 0x1c,
    0xca, 0x21, 0x1c, 0xc4, 0x81, 0x1d, 0xca, 0x61, 0x06, 0xd6, 0x90, 0x43, 0x39, 0xc8, 0x43, 0x39,
    0x98, 0x43, 0x39, 0xc8, 0x43, 0x39, 0xb8, 0xc3, 0x38, 0x94, 0x43, 0x38, 0x88, 0x03, 0x3b, 0x94,
    0xc3, 0x2f, 0xbc, 0x83, 0x3c, 0xfc, 0x82, 0x3b, 0xd4, 0x03, 0x3b, 0xb0, 0xc3, 0x0c, 0xc7, 0x69,
    0x87, 0x70, 0x58, 0x87, 0x72, 0x70, 0x83, 0x74, 0x68, 0x07, 0x78, 0x60, 0x87, 0x74, 0x18, 0x87,
    0x74, 0xa0, 0x87, 0x19, 0xce, 0x53, 0x0f, 0xee, 0x00, 0x0f, 0xf2, 0x50, 0x0e, 0xe4, 0x90, 0x0e,
    0xe3, 0x40, 0x0f, 0xe1, 0x20, 0x0e, 0xec, 0x50, 0x0e, 0x33, 0x20, 0x28, 0x1d, 0xdc, 0xc1, 0x1e,
    0xc2, 0x41, 0x1e, 0xd2, 0x21, 0x1c, 0xdc, 0x81, 0x1e, 0xdc, 0xe0, 0x1c, 0xe4, 0xe1, 0x1d, 0xea,
    0x01, 0x1e, 0x66, 0x18, 0x51, 0x38, 0xb0, 0x43, 0x3a, 0x9c, 0x83, 0x3b, 0xcc, 0x50, 0x24, 0x76,
    0x60, 0x07, 0x7b, 0x68, 0x07, 0x37, 0x60, 0x87, 0x77, 0x78, 0x07, 0x78, 0x98, 0x51, 0x4c, 0xf4,
    0x90, 0x0f, 0xf0, 0x50, 0x0e, 0x33, 0x1e, 0x6a, 0x1e, 0xca, 0x61, 0x1c, 0xe8, 0x21, 0x1d, 0xde,
    0xc1, 0x1d, 0x7e, 0x01, 0x1e, 0xe4, 0xa1, 0x1c, 0xcc, 0x21, 0x1d, 0xf0, 0x61, 0x06, 0x54, 0x85,
    0x83, 0x38, 0xcc, 0xc3, 0x3b, 0xb0, 0x43, 0x3d, 0xd0, 0x43, 0x39, 0xfc, 0xc2, 0x3c, 0xe4, 0x43,
    0x3b, 0x88, 0xc3, 0x3b, 0xb0, 0xc3, 0x8c, 0xc5, 0x0a, 0x87, 0x79, 0x98, 0x87, 0x77, 0x18, 0x87,
    0x74, 0x08, 0x07, 0x7a, 0x28, 0x07, 0x72, 0x98, 0x81, 0x5c, 0xe3, 0x10, 0x0e, 0xec, 0xc0, 0x0e,
    0xe5, 0x50, 0x0e, 0xf3, 0x30, 0x23, 0xc1, 0xd2, 0x41, 0x1e, 0xe4, 0xe1, 0x17, 0xd8, 0xe1, 0x1d,
    0xde, 0x01, 0x1e, 0x66, 0x48, 0x19, 0x3b, 0xb0, 0x83, 0x3d, 0xb4, 0x83, 0x1b, 0x84, 0xc3, 0x38,
    0x8c, 0x43, 0x39, 0xcc, 0xc3, 0x3c, 0xb8, 0xc1, 0x39, 0xc8, 0xc3, 0x3b, 0xd4, 0x03, 0x3c, 0xcc,
    0x48, 0xb4, 0x71, 0x08, 0x07, 0x76, 0x60, 0x07, 0x71, 0x08, 0x87, 0x71, 0x58, 0x87, 0x19, 0xdb,
    0xc6, 0x0e, 0xec, 0x60, 0x0f, 0xed, 0xe0, 0x06, 0xf0, 0x20, 0x0f, 0xe5, 0x30, 0x0f, 0xe5, 0x20,
    0x0f, 0xf6, 0x50, 0x0e, 0x6e, 0x10, 0x0e, 0xe3, 0x30, 0x0e, 0xe5, 0x30, 0x0f, 0xf3, 0xe0, 0x06,
    0xe9, 0xe0, 0x0e, 0xe4, 0x50, 0x0e, 0xf8, 0x30, 0x23, 0xe2, 0xec, 0x61, 0x1c, 0xc2, 0x81, 0x1d,
    0xd8, 0xe1, 0x17, 0xec, 0x21, 0x1d, 0xe6, 0x21, 0x1d, 0xc4, 0x21, 0x1d, 0xd8, 0x21, 0x1d, 0xe8,
    0x21, 0x1f, 0x66, 0x20, 0x9d, 0x3b, 0xbc, 0x43, 0x3d, 0xb8, 0x03, 0x39, 0x94, 0x83, 0x39, 0xcc,
    0x58, 0xbc, 0x70, 0x70, 0x07, 0x77, 0x78, 0x07, 0x7a, 0x08, 0x07, 0x7a, 0x48, 0x87, 0x77, 0x70,
    0x87, 0x19, 0xce, 0x87, 0x0e, 0xe5, 0x10, 0x0e, 0xf0, 0x10, 0x0e, 0xec, 0xc0, 0x0e, 0xef, 0x30,
    0x0e, 0xf3, 0x90, 0x0e, 0xf4, 0x50, 0x0e, 0x33, 0x28, 0x30, 0x08, 0x87, 0x74, 0x90, 0x07, 0x37,
    0x30, 0x87, 0x7a, 0x70, 0x87, 0x71, 0xa0, 0x87, 0x74, 0x78, 0x07, 0x77, 0xf8, 0x85, 0x73, 0x90,
    0x87, 0x77, 0xa8, 0x07, 0x78, 0x98, 0x07, 0x00, 0x00, 0x00, 0x00, 0x79, 0x20, 0x00, 0x00, 0x87,
    0x02, 0x00, 0x00, 0x72, 0x1e, 0x48, 0x20, 0x43, 0x88, 0x0c, 0x19, 0x09, 0x72, 0x32, 0x48, 0x20,
    0x23, 0x81, 0x8c, 0x91, 0x91, 0xd1, 0x44, 0xa0, 0x10, 0x28, 0x64, 0x3c, 0x31, 0x32, 0x42, 0x8e,
    0x90, 0x21, 0xa3, 0x88, 0x0b, 0xa8, 0x60, 0x8f, 0x01, 0x00, 0x00, 0x8b, 0xd2, 0x58, 0xd8, 0x06,
    0x6d, 0x50, 0x1c, 0x14, 0x1b, 0x47, 0x06, 0x8a, 0x84, 0x44, 0xd1, 0x15, 0x11, 0x4c, 0x40, 0x18,
    0xcc, 0x71, 0x24, 0xc9, 0x80, 0x30, 0xce, 0x51, 0x1c, 0x0f, 0x95, 0x28, 0x44, 0x11, 0x04, 0x05,
    0xc2, 0x1c, 0x4a, 0xe2, 0x20, 0x92, 0x33, 0x35, 0x52, 0xf3, 0x18, 0xc6, 0x71, 0x14, 0x49, 0x92,
    0x24, 0x88, 0xa2, 0x1c, 0x47, 0x92, 0x20, 0x88, 0x72, 0x80, 0x01, 0x61, 0x88, 0xc1, 0xb0, 0x21,
    0x00, 0x00, 0x00, 0x53, 0x44, 0x4b, 0x20, 0x56, 0x65, 0x72, 0x73, 0x69, 0x6f, 0x6e, 0x77, 0x63,
    0x68, 0x61, 0x72, 0x5f, 0x73, 0x69, 0x7a, 0x65, 0x66, 0x72, 0x61, 0x6d, 0x65, 0x2d, 0x70, 0x6f,
    0x69, 0x6e, 0x74, 0x65, 0x72, 0x61, 0x69, 0x72, 0x2e, 0x6d, 0x61, 0x78, 0x5f, 0x64, 0x65, 0x76,
    0x69, 0x63, 0x65, 0x5f, 0x62, 0x75, 0x66, 0x66, 0x65, 0x72, 0x73, 0x61, 0x69, 0x72, 0x2e, 0x6d,
    0x61, 0x78, 0x5f, 0x63, 0x6f, 0x6e, 0x73, 0x74, 0x61, 0x6e, 0x74, 0x5f, 0x62, 0x75, 0x66, 0x66,
    0x65, 0x72, 0x73, 0x61, 0x69, 0x72, 0x2e, 0x6d, 0x61, 0x78, 0x5f, 0x74, 0x68, 0x72, 0x65, 0x61,
    0x64, 0x67, 0x72, 0x6f, 0x75, 0x70, 0x5f, 0x62, 0x75, 0x66, 0x66, 0x65, 0x72, 0x73, 0x61, 0x69,
    0x72, 0x2e, 0x6d, 0x61, 0x78, 0x5f, 0x74, 0x65, 0x78, 0x74, 0x75, 0x72, 0x65, 0x73, 0x61, 0x69,
    0x72, 0x2e, 0x6d, 0x61, 0x78, 0x5f, 0x72, 0x65, 0x61, 0x64, 0x5f, 0x77, 0x72, 0x69, 0x74, 0x65,
    0x5f, 0x74, 0x65, 0x78, 0x74, 0x75, 0x72, 0x65, 0x73, 0x61, 0x69, 0x72, 0x2e, 0x6d, 0x61, 0x78,
    0x5f, 0x73, 0x61, 0x6d, 0x70, 0x6c, 0x65, 0x72, 0x73, 0x41, 0x70, 0x70, 0x6c, 0x65, 0x20, 0x6d,
    0x65, 0x74, 0x61, 0x6c, 0x20, 0x76, 0x65, 0x72, 0x73, 0x69, 0x6f, 0x6e, 0x20, 0x33, 0x32, 0x30,
    0x32, 0x33, 0x2e, 0x34, 0x30, 0x34, 0x20, 0x28, 0x6d, 0x65, 0x74, 0x61, 0x6c, 0x66, 0x65, 0x2d,
    0x33, 0x32, 0x30, 0x32, 0x33, 0x2e, 0x34, 0x30, 0x34, 0x29, 0x4d, 0x65, 0x74, 0x61, 0x6c, 0x61,
    0x69, 0x72, 0x2e, 0x63, 0x6f, 0x6d, 0x70, 0x69, 0x6c, 0x65, 0x2e, 0x64, 0x65, 0x6e, 0x6f, 0x72,
    0x6d, 0x73, 0x5f, 0x64, 0x69, 0x73, 0x61, 0x62, 0x6c, 0x65, 0x61, 0x69, 0x72, 0x2e, 0x63, 0x6f,
    0x6d, 0x70, 0x69, 0x6c, 0x65, 0x2e, 0x66, 0x61, 0x73, 0x74, 0x5f, 0x6d, 0x61, 0x74, 0x68, 0x5f,
    0x65, 0x6e, 0x61, 0x62, 0x6c, 0x65, 0x61, 0x69, 0x72, 0x2e, 0x63, 0x6f, 0x6d, 0x70, 0x69, 0x6c,
    0x65, 0x2e, 0x66, 0x72, 0x61, 0x6d, 0x65, 0x62, 0x75, 0x66, 0x66, 0x65, 0x72, 0x5f, 0x66, 0x65,
    0x74, 0x63, 0x68, 0x5f, 0x65, 0x6e, 0x61, 0x62, 0x6c, 0x65, 0x61, 0x69, 0x72, 0x2e, 0x62, 0x75,
    0x66, 0x66, 0x65, 0x72, 0x61, 0x69, 0x72, 0x2e, 0x6c, 0x6f, 0x63, 0x61, 0x74, 0x69, 0x6f, 0x6e,
    0x5f, 0x69, 0x6e, 0x64, 0x65, 0x78, 0x61, 0x69, 0x72, 0x2e, 0x72, 0x65, 0x61, 0x64, 0x61, 0x69,
    0x72, 0x2e, 0x61, 0x64, 0x64, 0x72, 0x65, 0x73, 0x73, 0x5f, 0x73, 0x70, 0x61, 0x63, 0x65, 0x61,
    0x69, 0x72, 0x2e, 0x61, 0x72, 0x67, 0x5f, 0x74, 0x79, 0x70, 0x65, 0x5f, 0x73, 0x69, 0x7a, 0x65,
    0x61, 0x69, 0x72, 0x2e, 0x61, 0x72, 0x67, 0x5f, 0x74, 0x79, 0x70, 0x65, 0x5f, 0x61, 0x6c, 0x69,
    0x67, 0x6e, 0x5f, 0x73, 0x69, 0x7a, 0x65, 0x61, 0x69, 0x72, 0x2e, 0x61, 0x72, 0x67, 0x5f, 0x74,
    0x79, 0x70, 0x65, 0x5f, 0x6e, 0x61, 0x6d, 0x65, 0x68, 0x61, 0x6c, 0x66, 0x61, 0x69, 0x72, 0x2e,
    0x61, 0x72, 0x67, 0x5f, 0x6e, 0x61, 0x6d, 0x65, 0x51, 0x63, 0x68, 0x61, 0x72, 0x55, 0x5f, 0x70,
    0x6f, 0x6f, 0x6c, 0x55, 0x5f, 0x73, 0x63, 0x61, 0x6c, 0x65, 0x5f, 0x70, 0x6f, 0x6f, 0x6c, 0x56,
    0x4b, 0x5f, 0x70, 0x6f, 0x6f, 0x6c, 0x56, 0x56, 0x5f, 0x70, 0x6f, 0x6f, 0x6c, 0x61, 0x6e, 0x63,
    0x68, 0x6f, 0x72, 0x73, 0x5f, 0x4b, 0x61, 0x6e, 0x63, 0x68, 0x6f, 0x72, 0x73, 0x5f, 0x56, 0x69,
    0x6e, 0x74, 0x73, 0x65, 0x71, 0x5f, 0x6c, 0x65, 0x6e, 0x73, 0x73, 0x6c, 0x6f, 0x74, 0x5f, 0x69,
    0x6e, 0x64, 0x69, 0x63, 0x65, 0x73, 0x61, 0x69, 0x72, 0x2e, 0x72, 0x65, 0x61, 0x64, 0x5f, 0x77,
    0x72, 0x69, 0x74, 0x65, 0x6f, 0x75, 0x74, 0x5f, 0x62, 0x75, 0x66, 0x66, 0x6c, 0x6f, 0x61, 0x74,
    0x6c, 0x73, 0x65, 0x5f, 0x62, 0x75, 0x66, 0x61, 0x69, 0x72, 0x2e, 0x62, 0x75, 0x66, 0x66, 0x65,
    0x72, 0x5f, 0x73, 0x69, 0x7a, 0x65, 0x61, 0x69, 0x72, 0x2e, 0x73, 0x74, 0x72, 0x75, 0x63, 0x74,
    0x5f, 0x74, 0x79, 0x70, 0x65, 0x5f, 0x69, 0x6e, 0x66, 0x6f, 0x6e, 0x5f, 0x71, 0x5f, 0x68, 0x65,
    0x61, 0x64, 0x73, 0x6e, 0x5f, 0x6b, 0x76, 0x5f, 0x68, 0x65, 0x61, 0x64, 0x73, 0x72, 0x61, 0x6e,
    0x6b, 0x53, 0x5f, 0x6d, 0x61, 0x78, 0x4b, 0x44, 0x73, 0x63, 0x61, 0x6c, 0x65, 0x68, 0x61, 0x73,
    0x5f, 0x72, 0x6f, 0x70, 0x65, 0x6d, 0x61, 0x78, 0x5f, 0x72, 0x65, 0x73, 0x69, 0x64, 0x75, 0x61,
    0x6c, 0x4c, 0x5f, 0x64, 0x65, 0x6e, 0x73, 0x65, 0x72, 0x6f, 0x74, 0x61, 0x72, 0x79, 0x5f, 0x64,
    0x69, 0x6d, 0x70, 0x6f, 0x6f, 0x6c, 0x5f, 0x72, 0x61, 0x6e, 0x6b, 0x68, 0x61, 0x73, 0x5f, 0x64,
    0x65, 0x6e, 0x73, 0x65, 0x5f, 0x72, 0x6f, 0x70, 0x65, 0x68, 0x61, 0x73, 0x5f, 0x66, 0x61, 0x63,
    0x74, 0x68, 0x61, 0x73, 0x5f, 0x65, 0x78, 0x61, 0x63, 0x74, 0x5f, 0x72, 0x65, 0x73, 0x5f, 0x72,
    0x6f, 0x70, 0x65, 0x72, 0x6f, 0x70, 0x65, 0x5f, 0x66, 0x75, 0x6c, 0x6c, 0x5f, 0x72, 0x6f, 0x77,
    0x73, 0x72, 0x65, 0x73, 0x69, 0x64, 0x75, 0x61, 0x6c, 0x5f, 0x65, 0x78, 0x61, 0x63, 0x74, 0x5f,
    0x6b, 0x65, 0x79, 0x73, 0x4c, 0x5f, 0x64, 0x65, 0x6e, 0x73, 0x65, 0x5f, 0x76, 0x61, 0x6c, 0x69,
    0x64, 0x64, 0x65, 0x6e, 0x73, 0x65, 0x5f, 0x73, 0x74, 0x72, 0x69, 0x63, 0x74, 0x5f, 0x76, 0x61,
    0x6c, 0x69, 0x64, 0x64, 0x65, 0x62, 0x75, 0x67, 0x5f, 0x67, 0x70, 0x75, 0x72, 0x65, 0x61, 0x64,
    0x41, 0x74, 0x74, 0x65, 0x6e, 0x74, 0x69, 0x6f, 0x6e, 0x50, 0x61, 0x72, 0x61, 0x6d, 0x73, 0x70,
    0x61, 0x72, 0x61, 0x6d, 0x73, 0x73, 0x63, 0x61, 0x6c, 0x65, 0x73, 0x63, 0x6f, 0x73, 0x5f, 0x61,
    0x6e, 0x63, 0x73, 0x69, 0x6e, 0x5f, 0x61, 0x6e, 0x63, 0x73, 0x68, 0x6f, 0x72, 0x74, 0x72, 0x65,
    0x73, 0x5f, 0x70, 0x6f, 0x73, 0x5f, 0x4b, 0x72, 0x65, 0x73, 0x5f, 0x76, 0x61, 0x6c, 0x5f, 0x4b,
    0x72, 0x65, 0x73, 0x5f, 0x70, 0x6f, 0x73, 0x5f, 0x56, 0x72, 0x65, 0x73, 0x5f, 0x76, 0x61, 0x6c,
    0x5f, 0x56, 0x66, 0x61, 0x63, 0x74, 0x5f, 0x70, 0x6f, 0x73, 0x66, 0x61, 0x63, 0x74, 0x5f, 0x76,
    0x61, 0x6c, 0x5f, 0x4b, 0x66, 0x61, 0x63, 0x74, 0x5f, 0x76, 0x61, 0x6c, 0x5f, 0x56, 0x64, 0x65,
    0x6e, 0x73, 0x65, 0x5f, 0x4b, 0x64, 0x65, 0x6e, 0x73, 0x65, 0x5f, 0x56, 0x63, 0x6f, 0x73, 0x5f,
    0x64, 0x65, 0x6e, 0x73, 0x65, 0x73, 0x69, 0x6e, 0x5f, 0x64, 0x65, 0x6e, 0x73, 0x65, 0x63, 0x6f,
    0x73, 0x5f, 0x66, 0x75, 0x6c, 0x6c, 0x73, 0x69, 0x6e, 0x5f, 0x66, 0x75, 0x6c, 0x6c, 0x61, 0x6e,
    0x63, 0x68, 0x6f, 0x72, 0x5f, 0x70, 0x6f, 0x73, 0x64, 0x62, 0x67, 0x5f, 0x62, 0x75, 0x66, 0x61,
    0x69, 0x72, 0x2e, 0x74, 0x68, 0x72, 0x65, 0x61, 0x64, 0x67, 0x72, 0x6f, 0x75, 0x70, 0x5f, 0x70,
    0x6f, 0x73, 0x69, 0x74, 0x69, 0x6f, 0x6e, 0x5f, 0x69, 0x6e, 0x5f, 0x67, 0x72, 0x69, 0x64, 0x75,
    0x69, 0x6e, 0x74, 0x74, 0x67, 0x5f, 0x69, 0x64, 0x78, 0x61, 0x69, 0x72, 0x2e, 0x74, 0x68, 0x72,
    0x65, 0x61, 0x64, 0x5f, 0x70, 0x6f, 0x73, 0x69, 0x74, 0x69, 0x6f, 0x6e, 0x5f, 0x69, 0x6e, 0x5f,
    0x74, 0x68, 0x72, 0x65, 0x61, 0x64, 0x67, 0x72, 0x6f, 0x75, 0x70, 0x74, 0x69, 0x64, 0x61, 0x69,
    0x72, 0x2e, 0x74, 0x68, 0x72, 0x65, 0x61, 0x64, 0x73, 0x5f, 0x70, 0x65, 0x72, 0x5f, 0x74, 0x68,
    0x72, 0x65, 0x61, 0x64, 0x67, 0x72, 0x6f, 0x75, 0x70, 0x74, 0x5f, 0x70, 0x65, 0x72, 0x5f, 0x74,
    0x67, 0x00, 0x00, 0xc6, 0x2c, 0x02, 0x00, 0x00, 0x00, 0x00, 0x00, 0x30, 0x82, 0xa0, 0x79, 0x23,
    0x08, 0x78, 0xa0, 0x0e, 0x23, 0x08, 0xda, 0x37, 0x82, 0xa0, 0x81, 0xc1, 0x08, 0x82, 0x16, 0x06,
    0x23, 0x08, 0x9a, 0x18, 0x8c, 0x20, 0x68, 0x63, 0x30, 0x82, 0xa0, 0x91, 0xc1, 0x08, 0x82, 0x56,
    0x06, 0x23, 0x08, 0x9a, 0x19, 0x8c, 0x20, 0x68, 0x67, 0x30, 0x82, 0x10, 0x06, 0xcf, 0x08, 0x82,
    0x86, 0x06, 0x23, 0x08, 0x5a, 0x1a, 0x8c, 0x20, 0x68, 0x6a, 0x30, 0x82, 0xa0, 0xad, 0xc1, 0x08,
    0x82, 0xc6, 0x06, 0x23, 0x08, 0x5a, 0x1b, 0x8c, 0x20, 0x68, 0x6e, 0x30, 0x82, 0xa0, 0xbd, 0xc1,
    0x08, 0x82, 0x06, 0x07, 0x23, 0x08, 0x5a, 0x1c, 0x8c, 0x20, 0x68, 0x72, 0x30, 0x82, 0xa0, 0xcd,
    0xc1, 0x08, 0x82, 0x46, 0x07, 0x23, 0x08, 0x5a, 0x1d, 0x8c, 0x20, 0x68, 0x76, 0x30, 0x82, 0xa0,
    0xdd, 0xc1, 0x08, 0x82, 0x86, 0x07, 0x23, 0x08, 0x5a, 0x1e, 0x8c, 0x20, 0x68, 0x7a, 0x30, 0x82,
    0xa0, 0xed, 0xc1, 0x08, 0x82, 0xc6, 0x07, 0x23, 0x08, 0x5a, 0x1f, 0x8c, 0x20, 0x68, 0x7e, 0x30,
    0x82, 0xa0, 0xfd, 0xc1, 0x08, 0x82, 0x06, 0x0a, 0x23, 0x08, 0x5a, 0x28, 0x8c, 0x20, 0x68, 0xa2,
    0x30, 0x82, 0xa0, 0x8d, 0xc2, 0x08, 0x82, 0x46, 0x0a, 0x23, 0x08, 0x5a, 0x29, 0x8c, 0x20, 0x68,
    0xa6, 0x30, 0x82, 0xa0, 0x9d, 0xc2, 0x08, 0x82, 0x86, 0x0a, 0x23, 0x08, 0x5a, 0x2a, 0x8c, 0x20,
    0x68, 0xaa, 0x30, 0x82, 0xa0, 0xad, 0xc2, 0x0c, 0x43, 0x2e, 0x04, 0xba, 0x30, 0xc3, 0xb0, 0x0b,
    0x02, 0x2f, 0xcc, 0x30, 0xf4, 0xc2, 0x90, 0x0b, 0x33, 0x0c, 0xbd, 0x40, 0xf8, 0xc2, 0x0c, 0x43,
    0x2f, 0x14, 0xbe, 0x30, 0xc3, 0xd0, 0x0b, 0x86, 0x2f, 0xcc, 0x30, 0xf4, 0xc2, 0xf1, 0x0b, 0x33,
    0x0c, 0xbd, 0x80, 0x80, 0xc3, 0x0c, 0x43, 0x2f, 0x24, 0xe1, 0x30, 0x43, 0xa0, 0xcc, 0x30, 0xe4,
    0x42, 0x2f, 0x88, 0xc3, 0x0c, 0xc4, 0x32, 0x0e, 0xb9, 0x20, 0x0e, 0x33, 0x04, 0xcc, 0x0c, 0x41,
    0x33, 0x43, 0xe0, 0xcc, 0x00, 0xcc, 0x00, 0x89, 0xc3, 0x03, 0x89, 0xc3, 0x2e, 0x44, 0xd2, 0x2e,
    0x4c, 0xb9, 0x40, 0xe5, 0x42, 0x65, 0x5d, 0xd8, 0x0c, 0xd0, 0x2e, 0x3c, 0xd0, 0x2e, 0xec, 0x42,
    0x24, 0xed, 0xc2, 0xb4, 0x0b, 0xd4, 0x2e, 0x54, 0xd9, 0xa5, 0xcd, 0x00, 0xe5, 0xc2, 0x03, 0xe5,
    0xc2, 0x2e, 0x44, 0xd2, 0x2e, 0x4c, 0xb9, 0x40, 0xe5, 0x42, 0x65, 0x5d, 0xdb, 0x0c, 0xd0, 0x38,
    0x3c, 0xd0, 0x38, 0xec, 0x42, 0x24, 0xed, 0xc2, 0x94, 0x0b, 0x54, 0x2e, 0x54, 0xd6, 0xc5, 0xcd,
    0x00, 0xf1, 0xc2, 0x03, 0xf1, 0xc2, 0x2e, 0x44, 0xd2, 0x2e, 0x4c, 0xb9, 0x40, 0xe5, 0x42, 0x65,
    0x5d, 0xdd, 0x0c, 0x50, 0x39, 0x3c, 0x50, 0x39, 0xec, 0x42, 0x24, 0xed, 0xc2, 0x94, 0x0b, 0x54,
    0x2e, 0x54, 0xd6, 0xe5, 0xcd, 0x00, 0x99, 0xc3, 0x03, 0x99, 0xc3, 0x2e, 0x44, 0xd2, 0x2e, 0x4c,
    0xb9, 0x40, 0xe5, 0x42, 0x65, 0x5d, 0xdf, 0x0c, 0x50, 0x2f, 0x3c, 0x50, 0x2f, 0xec, 0x42, 0x24,
    0xed, 0xc2, 0xc4, 0x0b, 0x14, 0x2f, 0x54, 0x60, 0x70, 0x85, 0xc1, 0x0c, 0x10, 0x38, 0x3c, 0x10,
    0x38, 0xec, 0x42, 0x24, 0xed, 0xc2, 0xc4, 0x0b, 0x14, 0x2f, 0x54, 0x60, 0x70, 0x89, 0xc1, 0x0c,
    0xd0, 0x39, 0x3c, 0xd0, 0x39, 0xec, 0xc2, 0x18, 0x48, 0xbb, 0x30, 0xe5, 0x02, 0x95, 0x0b, 0x95,
    0x75, 0x91, 0xc1, 0x0c, 0x10, 0x3a, 0x3c, 0x10, 0x3a, 0xec, 0xc2, 0x18, 0x48, 0xbb, 0x30, 0xf1,
    0x02, 0xc5, 0x0b, 0x55, 0x19, 0x5c, 0x66, 0x30, 0x03, 0x39, 0x88, 0x03, 0x2f, 0x88, 0x03, 0x18,
    0xa4, 0x01, 0x2f, 0xf0, 0x82, 0x38, 0x80, 0x81, 0x1a, 0x80, 0x03, 0x2f, 0x88, 0x03, 0x18, 0xac,
    0xc1, 0x3a, 0xf0, 0x82, 0x38, 0x80, 0x01, 0x1b, 0x84, 0x03, 0x2f, 0x88, 0x03, 0x18, 0xb4, 0x01,
    0x3b, 0xf0, 0x82, 0x38, 0x80, 0x81, 0x1b, 0xb4, 0x03, 0x2f, 0x88, 0x43, 0x19, 0xbc, 0x81, 0x3b,
    0xf0, 0x82, 0x38, 0x80, 0x01, 0x1c, 0xbc, 0x03, 0x2f, 0x88, 0x03, 0x18, 0xc4, 0x01, 0x3c, 0xf0,
    0x82, 0x38, 0x80, 0x81, 0x1c, 0xc4, 0x03, 0x2f, 0x88, 0x03, 0x18, 0xcc, 0x81, 0x3c, 0xf0, 0x82,
    0x38, 0x80, 0x01, 0x1d, 0xcc, 0x03, 0x2f, 0x88, 0x03, 0x18, 0xd4, 0x01, 0x3d, 0xf0, 0x82, 0x38,
    0x80, 0x81, 0x1d, 0xd4, 0x03, 0x2f, 0x88, 0x03, 0x18, 0xdc, 0x81, 0x3d, 0xf0, 0x82, 0x38, 0x80,
    0x01, 0x1e, 0xdc, 0x03, 0x2f, 0x88, 0x03, 0x18, 0xe4, 0x01, 0x3e, 0xf0, 0x82, 0x38, 0x80, 0x81,
    0x1e, 0xe4, 0x03, 0x2f, 0x88, 0x03, 0x18, 0xec, 0x81, 0x3e, 0xf0, 0x82, 0x38, 0x80, 0x01, 0x1f,
    0xcc, 0x40, 0xa5, 0xc3, 0x73, 0x06, 0xea, 0x00, 0xa5, 0xc3, 0x2e, 0x44, 0xd2, 0x2e, 0xa0, 0x01,
    0x59, 0x4c, 0xea, 0x40, 0xf1, 0x42, 0xd5, 0x07, 0x97, 0x1f, 0xcc, 0x00, 0xad, 0xc3, 0x03, 0xad,
    0xc3, 0x2e, 0x44, 0xd2, 0x2e, 0x4c, 0xb9, 0x40, 0xe5, 0x42, 0x65, 0x5d, 0x7f, 0x30, 0x03, 0xb4,
    0x0f, 0x0f, 0xb4, 0x0f, 0xbb, 0x10, 0x49, 0xbb, 0x30, 0xf1, 0x02, 0xc5, 0x0b, 0x55, 0x19, 0x5c,
    0xa0, 0x30, 0x03, 0xc4, 0x0f, 0x0f, 0xc4, 0x0f, 0xbb, 0x10, 0x49, 0xbb, 0x30, 0xf1, 0x02, 0xc5,
    0x0b, 0x55, 0x19, 0x5c, 0xa1, 0x30, 0x03, 0xd4, 0x0f, 0x0f, 0xd4, 0x0f, 0xbb, 0x10, 0x49, 0xbb,
    0x30, 0xe5, 0x02, 0x95, 0x0b, 0x95, 0x28, 0x5c, 0xa3, 0x30, 0x03, 0x14, 0x0e, 0x0f, 0x14, 0x0e,
    0xbb, 0x10, 0x49, 0xbb, 0x30, 0xe5, 0x02, 0x95, 0x0b, 0x95, 0x75, 0x91, 0xc2, 0x0c, 0x90, 0x3f,
    0x3c, 0x90, 0x3f, 0xec, 0x42, 0x24, 0xed, 0xc2, 0x94, 0x0b, 0x54, 0x2e, 0x54, 0xa2, 0x70, 0x95,
    0xc2, 0x0c, 0xd0, 0x3f, 0x3c, 0xd0, 0x3f, 0xec, 0x42, 0x24, 0xed, 0xc2, 0x94, 0x0b, 0x54, 0x2e,
    0x54, 0xd6, 0x65, 0x0a, 0x33, 0x40, 0x20, 0xf1, 0x40, 0x20, 0xb1, 0x0b, 0x91, 0xb4, 0x0b, 0x53,
    0x2e, 0x50, 0xb9, 0x50, 0x89, 0xc2, 0x75, 0x0a, 0x33, 0x40, 0xec, 0xf0, 0x40, 0xec, 0xb0, 0x0b,
    0x91, 0xb4, 0x0b, 0x53, 0x2e, 0x50, 0xb9, 0x50, 0x59, 0x17, 0x2a, 0xcc, 0x00, 0x85, 0xc4, 0x03,
    0x85, 0xc4, 0x2e, 0x44, 0xd2, 0x2e, 0x4c, 0xb9, 0x40, 0xe5, 0x42, 0x65, 0x5d, 0xa9, 0x30, 0x03,
    0x24, 0x12, 0x0f, 0x24, 0x12, 0xbb, 0x10, 0x49, 0xbb, 0x30, 0xe5, 0x02, 0x95, 0x0b, 0x95, 0x75,
    0xa9, 0xc2, 0x0c, 0xd0, 0x48, 0x3c, 0xd0, 0x48, 0xec, 0x42, 0x24, 0xed, 0xc2, 0x94, 0x0b, 0x54,
    0x2e, 0x54, 0xd6, 0xb5, 0x0a, 0x33, 0x40, 0xed, 0xf0, 0x40, 0xed, 0xb0, 0x0b, 0x91, 0xb4, 0x0b,
    0x13, 0x2f, 0x50, 0xbc, 0x50, 0x95, 0xc1, 0xc5, 0x0a, 0x33, 0x40, 0x24, 0xf1, 0x40, 0x24, 0xb1,
    0x0b, 0x91, 0xb4, 0x0b, 0x13, 0x2f, 0x50, 0xbc, 0x50, 0x95, 0xc1, 0xd5, 0x0a, 0x33, 0x40, 0x25,
    0xf1, 0x40, 0x25, 0xb1, 0x0b, 0x91, 0xb4, 0x0b, 0x13, 0x2f, 0x50, 0xbc, 0x50, 0x95, 0xc1, 0xe5,
    0x0a, 0x33, 0x40, 0x26, 0xf1, 0x40, 0x26, 0xb1, 0x0b, 0x91, 0xb4, 0x0b, 0x13, 0x2f, 0x50, 0xbc,
    0x50, 0x95, 0xc1, 0xf5, 0x0a, 0x33, 0x40, 0xee, 0xf0, 0x40, 0xee, 0xb0, 0x0b, 0x91, 0xb4, 0x0b,
    0x13, 0x2f, 0x50, 0xbc, 0x50, 0x81, 0xc1, 0x05, 0x0b, 0x33, 0x40, 0x27, 0xf1, 0x40, 0x27, 0xb1,
    0x0b, 0x63, 0x20, 0xed, 0xc2, 0xc4, 0x0b, 0x14, 0x2f, 0x54, 0x65, 0x70, 0xc5, 0xc2, 0x0c, 0x06,
    0x4a, 0xc8, 0x42, 0x35, 0x0b, 0x17, 0x2d, 0xcc, 0x60, 0xf8, 0x42, 0x2d, 0x54, 0xb3, 0x70, 0xd9,
    0xc2, 0x0c, 0xc6, 0x3b, 0xdc, 0x42, 0x35, 0x0b, 0x17, 0x2e, 0xcc, 0x10, 0x06, 0x39, 0xa1, 0x13,
    0x3b, 0xc1, 0x13, 0x3d, 0xe1, 0x13, 0x3f, 0x01, 0x16, 0x61, 0x21, 0x16, 0x63, 0x51, 0x16, 0x66,
    0x71, 0x16, 0x68, 0x91, 0x16, 0x6a, 0xb1, 0x16, 0x6c, 0xd1, 0x16, 0x6e, 0xf1, 0x16, 0x70, 0x11,
    0x17, 0x72, 0x31, 0x17, 0x74, 0x51, 0x17, 0x76, 0x71, 0x17, 0x78, 0x91, 0x17, 0x7a, 0x31, 0xc3,
    0x40, 0x0e, 0x38, 0xb1, 0x17, 0x47, 0x0e, 0x00, 0x87, 0x06, 0x9c, 0x18, 0x88, 0x81, 0x18, 0x88,
    0x81, 0x18, 0x88, 0x81, 0x18, 0x88, 0x81, 0x18, 0x88, 0x81, 0x18, 0x88, 0x81, 0x18, 0x88, 0x81,
    0x18, 0x88, 0x81, 0x18, 0x88, 0x81, 0x18, 0x88, 0x81, 0x18, 0x88, 0x81, 0x18, 0x88, 0x81, 0x18,
    0x88, 0x81, 0x18, 0x88, 0x81, 0x18, 0x88, 0x81, 0x18, 0x88, 0x81, 0x18, 0x88, 0x81, 0x18, 0x88,
    0x81, 0x18, 0x88, 0x81, 0x18, 0x88, 0x81, 0x18, 0x88, 0x81, 0x18, 0x88, 0x81, 0x18, 0xb8, 0x81,
    0x1b, 0xb8, 0x81, 0x1b, 0xb8, 0x81, 0x1b, 0xb8, 0x81, 0x1b, 0xb8, 0x81, 0x45, 0x07, 0x7a, 0x60,
    0x59, 0x16, 0x44, 0x13, 0x34, 0x41, 0x13, 0x34, 0x41, 0x13, 0x34, 0x41, 0x13, 0x60, 0x01, 0x16,
    0x60, 0x61, 0x16, 0xa6, 0x19, 0xc0, 0x86, 0x4e, 0x80, 0x05, 0x58, 0x80, 0x85, 0x4e, 0x80, 0x85,
    0x4e, 0x80, 0x85, 0x4e, 0xe8, 0x84, 0x4e, 0xe8, 0x04, 0x58, 0x80, 0x05, 0x58, 0x80, 0x05, 0x58,
    0x98, 0x05, 0x2b, 0xb0, 0x02, 0x2b, 0x88, 0x8d, 0x8c, 0x04, 0x26, 0x28, 0x23, 0x36, 0x36, 0xbb,
    0x36, 0x97, 0xb6, 0x37, 0xb2, 0x3a, 0xb6, 0x32, 0x17, 0x33, 0xb6, 0xb0, 0xb3, 0xb9, 0x51, 0x12,
    0x94, 0x48, 0x09, 0x95, 0x58, 0x09, 0x96, 0x68, 0x09, 0x97, 0x78, 0x09, 0x98, 0x48, 0x85, 0x8d,
    0xcd, 0xae, 0xcd, 0x25, 0x8d, 0xac, 0xcc, 0x8d, 0x6e, 0x94, 0x20, 0x26, 0x72, 0x09, 0x4b, 0x93,
    0x73, 0xb1, 0x2b, 0x93, 0x9b, 0x4b, 0x7b, 0x73, 0x1b, 0x25, 0x90, 0x89, 0xa4, 0xc2, 0xd2, 0xe4,
    0x5c, 0xd8, 0xc2, 0xdc, 0xce, 0xea, 0xc2, 0xce, 0xca, 0xbe, 0xec, 0xca, 0xe4, 0xe6, 0xd2, 0xde,
    0xdc, 0x46, 0x09, 0x66, 0x22, 0xa7, 0xb0, 0x34, 0x39, 0x97, 0xb1, 0xb7, 0x36, 0xb8, 0x34, 0xb6,
    0xb2, 0xaf, 0x37, 0x38, 0xba, 0xb4, 0x37, 0xb7, 0xb9, 0x51, 0x06, 0x9a, 0xa8, 0x09, 0x9b, 0x48,
    0x25, 0x2c, 0x4d, 0xce, 0x65, 0xad, 0x4c, 0xce, 0xad, 0x8c, 0x6d, 0x94, 0x60, 0x2f, 0x00, 0xa9,
    0x18, 0x00, 0x00, 0x25, 0x00, 0x00, 0x00, 0x0b, 0x0a, 0x72, 0x28, 0x87, 0x77, 0x80, 0x07, 0x7a,
    0x58, 0x70, 0x98, 0x43, 0x3d, 0xb8, 0xc3, 0x38, 0xb0, 0x43, 0x39, 0xd0, 0xc3, 0x82, 0xe6, 0x1c,
    0xc6, 0xa1, 0x0d, 0xe8, 0x41, 0x1e, 0xc2, 0xc1, 0x1d, 0xe6, 0x21, 0x1d, 0xe8, 0x21, 0x1d, 0xde,
    0xc1, 0x1d, 0x16, 0x34, 0xe3, 0x60, 0x0e, 0xe7, 0x50, 0x0f, 0xe1, 0x20, 0x0f, 0xe4, 0x40, 0x0f,
    0xe1, 0x20, 0x0f, 0xe7, 0x50, 0x0e, 0xf4, 0xb0, 0x80, 0x81, 0x07, 0x79, 0x28, 0x87, 0x70, 0x60,
    0x07, 0x76, 0x78, 0x87, 0x71, 0x08, 0x07, 0x7a, 0x28, 0x07, 0x72, 0x58, 0x70, 0x9c, 0xc3, 0x38,
    0xb4, 0x01, 0x3b, 0xa4, 0x83, 0x3d, 0x94, 0xc3, 0x02, 0x6b, 0x1c, 0xd8, 0x21, 0x1c, 0xdc, 0xe1,
    0x1c, 0xdc, 0x20, 0x1c, 0xe4, 0x61, 0x1c, 0xdc, 0x20, 0x1c, 0xe8, 0x81, 0x1e, 0xc2, 0x61, 0x1c,
    0xd0, 0xa1, 0x1c, 0xc8, 0x61, 0x1c, 0xc2, 0x81, 0x1d, 0xd8, 0x61, 0xc1, 0x01, 0x0f, 0xf4, 0x20,
    0x0f, 0xe1, 0x50, 0x0f, 0xf4, 0x80, 0x0e, 0x00, 0x00, 0x00, 0x00, 0xd1, 0x10, 0x00, 0x00, 0x06,
    0x00, 0x00, 0x00, 0x07, 0xcc, 0x3c, 0xa4, 0x83, 0x3b, 0x9c, 0x03, 0x3b, 0x94, 0x03, 0x3d, 0xa0,
    0x83, 0x3c, 0x94, 0x43, 0x38, 0x90, 0xc3, 0x01, 0x00, 0x00, 0x00, 0x61, 0x20, 0x00, 0x00, 0xbb,
    0x11, 0x00, 0x00, 0x13, 0x04, 0xa1, 0x12, 0x0b, 0x04, 0x00, 0x00, 0x2a, 0x00, 0x00, 0x00, 0x54,
    0xd4, 0x40, 0x01, 0x12, 0x10, 0x36, 0x02, 0x40, 0x5a, 0xdd, 0x23, 0x6e, 0xba, 0x3f, 0x94, 0xa9,
    0x21, 0x20, 0x44, 0xf9, 0xff, 0xff, 0x3f, 0xd4, 0x40, 0x01, 0x12, 0x14, 0x20, 0x43, 0x01, 0xc2,
    0x14, 0x20, 0x46, 0x05, 0x32, 0x94, 0xe2, 0x3d, 0x79, 0x00, 0x89, 0x05, 0x38, 0x50, 0x02, 0x45,
    0x50, 0x06, 0xa5, 0x50, 0x0c, 0xe5, 0x50, 0x12, 0xc5, 0x51, 0x1e, 0x25, 0x52, 0x24, 0x65, 0x52,
    0x2a, 0xc5, 0x52, 0x2e, 0x25, 0x53, 0x34, 0x65, 0x53, 0x3a, 0xc5, 0x53, 0x3e, 0x25, 0x55, 0x54,
    0x65, 0x55, 0x5a, 0xc5, 0x45, 0xf4, 0x08, 0x40, 0x0d, 0x10, 0x30, 0x02, 0x30, 0x46, 0x00, 0x82,
    0x20, 0x88, 0xff, 0xc1, 0x18, 0x01, 0x08, 0x82, 0x20, 0xfe, 0x0f, 0x63, 0x04, 0x20, 0x08, 0x82,
    0xf8, 0x2f, 0x8c, 0x11, 0x80, 0x20, 0x08, 0xe2, 0xdf, 0x18, 0xc1, 0x2f, 0xf2, 0x32, 0x8a, 0x8d,
    0x11, 0xa8, 0x36, 0x3f, 0xd3, 0xf8, 0x30, 0x46, 0x00, 0x82, 0x20, 0x08, 0x82, 0x02, 0x31, 0x43,
    0x1d, 0x0f, 0x84, 0x88, 0x01, 0x2b, 0x88, 0x01, 0x2b, 0x0c, 0x75, 0x3c, 0x90, 0x23, 0x06, 0xac,
    0x20, 0x06, 0xac, 0x00, 0x00, 0x00, 0x00, 0xf1, 0x30, 0x00, 0x00, 0x20, 0x03, 0x00, 0x00, 0x22,
    0x47, 0xc8, 0x90, 0x51, 0x8e, 0x01, 0xc7, 0x67, 0x00, 0x00, 0x00, 0xd5, 0xf3, 0xbc, 0xc1, 0x75,
    0x5d, 0xd7, 0x75, 0x5d, 0xd7, 0x75, 0x5d, 0xd7, 0x75, 0x5d, 0xd7, 0x75, 0x5d, 0x97, 0x65, 0x59,
    0x96, 0x65, 0x59, 0x96, 0x65, 0x59, 0x00, 0x5f, 0x5a, 0x54, 0x53, 0x31, 0x35, 0x41, 0x74, 0x74,
    0x65, 0x6e, 0x74, 0x69, 0x6f, 0x6e, 0x50, 0x61, 0x72, 0x61, 0x6d, 0x73, 0x6f, 0x6d, 0x6e, 0x69,
    0x70, 0x6f, 0x74, 0x65, 0x6e, 0x74, 0x20, 0x63, 0x68, 0x61, 0x72, 0x53, 0x69, 0x6d, 0x70, 0x6c,
    0x65, 0x20, 0x43, 0x2b, 0x2b, 0x20, 0x54, 0x42, 0x41, 0x41, 0x61, 0x69, 0x72, 0x2d, 0x61, 0x6c,
    0x69, 0x61, 0x73, 0x2d, 0x73, 0x63, 0x6f, 0x70, 0x65, 0x73, 0x28, 0x64, 0x65, 0x63, 0x6f, 0x64,
    0x65, 0x5f, 0x61, 0x74, 0x74, 0x65, 0x6e, 0x74, 0x69, 0x6f, 0x6e, 0x5f, 0x6d, 0x65, 0x74, 0x61,
    0x6c, 0x5f, 0x6b, 0x65, 0x72, 0x6e, 0x65, 0x6c, 0x29, 0x61, 0x69, 0x72, 0x2d, 0x61, 0x6c, 0x69,
    0x61, 0x73, 0x2d, 0x73, 0x63, 0x6f, 0x70, 0x65, 0x2d, 0x61, 0x72, 0x67, 0x28, 0x31, 0x31, 0x29,
    0x61, 0x69, 0x72, 0x2d, 0x61, 0x6c, 0x69, 0x61, 0x73, 0x2d, 0x73, 0x63, 0x6f, 0x70, 0x65, 0x2d,
    0x61, 0x72, 0x67, 0x28, 0x32, 0x39, 0x29, 0x61, 0x69, 0x72, 0x2d, 0x61, 0x6c, 0x69, 0x61, 0x73,
    0x2d, 0x73, 0x63, 0x6f, 0x70, 0x65, 0x2d, 0x61, 0x72, 0x67, 0x28, 0x32, 0x38, 0x29, 0x61, 0x69,
    0x72, 0x2d, 0x61, 0x6c, 0x69, 0x61, 0x73, 0x2d, 0x73, 0x63, 0x6f, 0x70, 0x65, 0x2d, 0x61, 0x72,
    0x67, 0x28, 0x32, 0x37, 0x29, 0x61, 0x69, 0x72, 0x2d, 0x61, 0x6c, 0x69, 0x61, 0x73, 0x2d, 0x73,
    0x63, 0x6f, 0x70, 0x65, 0x2d, 0x61, 0x72, 0x67, 0x28, 0x32, 0x36, 0x29, 0x61, 0x69, 0x72, 0x2d,
    0x61, 0x6c, 0x69, 0x61, 0x73, 0x2d, 0x73, 0x63, 0x6f, 0x70, 0x65, 0x2d, 0x61, 0x72, 0x67, 0x28,
    0x32, 0x35, 0x29, 0x61, 0x69, 0x72, 0x2d, 0x61, 0x6c, 0x69, 0x61, 0x73, 0x2d, 0x73, 0x63, 0x6f,
    0x70, 0x65, 0x2d, 0x61, 0x72, 0x67, 0x28, 0x32, 0x34, 0x29, 0x61, 0x69, 0x72, 0x2d, 0x61, 0x6c,
    0x69, 0x61, 0x73, 0x2d, 0x73, 0x63, 0x6f, 0x70, 0x65, 0x2d, 0x61, 0x72, 0x67, 0x28, 0x32, 0x33,
    0x29, 0x61, 0x69, 0x72, 0x2d, 0x61, 0x6c, 0x69, 0x61, 0x73, 0x2d, 0x73, 0x63, 0x6f, 0x70, 0x65,
    0x2d, 0x61, 0x72, 0x67, 0x28, 0x32, 0x32, 0x29, 0x61, 0x69, 0x72, 0x2d, 0x61, 0x6c, 0x69, 0x61,
    0x73, 0x2d, 0x73, 0x63, 0x6f, 0x70, 0x65, 0x2d, 0x61, 0x72, 0x67, 0x28, 0x32, 0x31, 0x29, 0x61,
    0x69, 0x72, 0x2d, 0x61, 0x6c, 0x69, 0x61, 0x73, 0x2d, 0x73, 0x63, 0x6f, 0x70, 0x65, 0x2d, 0x61,
    0x72, 0x67, 0x28, 0x32, 0x30, 0x29, 0x61, 0x69, 0x72, 0x2d, 0x61, 0x6c, 0x69, 0x61, 0x73, 0x2d,
    0x73, 0x63, 0x6f, 0x70, 0x65, 0x2d, 0x61, 0x72, 0x67, 0x28, 0x31, 0x39, 0x29, 0x61, 0x69, 0x72,
    0x2d, 0x61, 0x6c, 0x69, 0x61, 0x73, 0x2d, 0x73, 0x63, 0x6f, 0x70, 0x65, 0x2d, 0x61, 0x72, 0x67,
    0x28, 0x31, 0x38, 0x29, 0x61, 0x69, 0x72, 0x2d, 0x61, 0x6c, 0x69, 0x61, 0x73, 0x2d, 0x73, 0x63,
    0x6f, 0x70, 0x65, 0x2d, 0x61, 0x72, 0x67, 0x28, 0x31, 0x37, 0x29, 0x61, 0x69, 0x72, 0x2d, 0x61,
    0x6c, 0x69, 0x61, 0x73, 0x2d, 0x73, 0x63, 0x6f, 0x70, 0x65, 0x2d, 0x61, 0x72, 0x67, 0x28, 0x31,
    0x36, 0x29, 0x61, 0x69, 0x72, 0x2d, 0x61, 0x6c, 0x69, 0x61, 0x73, 0x2d, 0x73, 0x63, 0x6f, 0x70,
    0x65, 0x2d, 0x61, 0x72, 0x67, 0x28, 0x31, 0x35, 0x29, 0x61, 0x69, 0x72, 0x2d, 0x61, 0x6c, 0x69,
    0x61, 0x73, 0x2d, 0x73, 0x63, 0x6f, 0x70, 0x65, 0x2d, 0x61, 0x72, 0x67, 0x28, 0x31, 0x34, 0x29,
    0x61, 0x69, 0x72, 0x2d, 0x61, 0x6c, 0x69, 0x61, 0x73, 0x2d, 0x73, 0x63, 0x6f, 0x70, 0x65, 0x2d,
    0x61, 0x72, 0x67, 0x28, 0x31, 0x33, 0x29, 0x61, 0x69, 0x72, 0x2d, 0x61, 0x6c, 0x69, 0x61, 0x73,
    0x2d, 0x73, 0x63, 0x6f, 0x70, 0x65, 0x2d, 0x61, 0x72, 0x67, 0x28, 0x31, 0x32, 0x29, 0x61, 0x69,
    0x72, 0x2d, 0x61, 0x6c, 0x69, 0x61, 0x73, 0x2d, 0x73, 0x63, 0x6f, 0x70, 0x65, 0x2d, 0x61, 0x72,
    0x67, 0x28, 0x31, 0x30, 0x29, 0x61, 0x69, 0x72, 0x2d, 0x61, 0x6c, 0x69, 0x61, 0x73, 0x2d, 0x73,
    0x63, 0x6f, 0x70, 0x65, 0x2d, 0x61, 0x72, 0x67, 0x28, 0x39, 0x29, 0x61, 0x69, 0x72, 0x2d, 0x61,
    0x6c, 0x69, 0x61, 0x73, 0x2d, 0x73, 0x63, 0x6f, 0x70, 0x65, 0x2d, 0x61, 0x72, 0x67, 0x28, 0x38,
    0x29, 0x61, 0x69, 0x72, 0x2d, 0x61, 0x6c, 0x69, 0x61, 0x73, 0x2d, 0x73, 0x63, 0x6f, 0x70, 0x65,
    0x2d, 0x61, 0x72, 0x67, 0x28, 0x37, 0x29, 0x61, 0x69, 0x72, 0x2d, 0x61, 0x6c, 0x69, 0x61, 0x73,
    0x2d, 0x73, 0x63, 0x6f, 0x70, 0x65, 0x2d, 0x61, 0x72, 0x67, 0x28, 0x36, 0x29, 0x61, 0x69, 0x72,
    0x2d, 0x61, 0x6c, 0x69, 0x61, 0x73, 0x2d, 0x73, 0x63, 0x6f, 0x70, 0x65, 0x2d, 0x61, 0x72, 0x67,
    0x28, 0x35, 0x29, 0x61, 0x69, 0x72, 0x2d, 0x61, 0x6c, 0x69, 0x61, 0x73, 0x2d, 0x73, 0x63, 0x6f,
    0x70, 0x65, 0x2d, 0x61, 0x72, 0x67, 0x28, 0x34, 0x29, 0x61, 0x69, 0x72, 0x2d, 0x61, 0x6c, 0x69,
    0x61, 0x73, 0x2d, 0x73, 0x63, 0x6f, 0x70, 0x65, 0x2d, 0x61, 0x72, 0x67, 0x28, 0x33, 0x29, 0x61,
    0x69, 0x72, 0x2d, 0x61, 0x6c, 0x69, 0x61, 0x73, 0x2d, 0x73, 0x63, 0x6f, 0x70, 0x65, 0x2d, 0x61,
    0x72, 0x67, 0x28, 0x32, 0x29, 0x61, 0x69, 0x72, 0x2d, 0x61, 0x6c, 0x69, 0x61, 0x73, 0x2d, 0x73,
    0x63, 0x6f, 0x70, 0x65, 0x2d, 0x61, 0x72, 0x67, 0x28, 0x31, 0x29, 0x61, 0x69, 0x72, 0x2d, 0x61,
    0x6c, 0x69, 0x61, 0x73, 0x2d, 0x73, 0x63, 0x6f, 0x70, 0x65, 0x2d, 0x61, 0x72, 0x67, 0x28, 0x30,
    0x29, 0x6c, 0x6c, 0x76, 0x6d, 0x2e, 0x6c, 0x6f, 0x6f, 0x70, 0x2e, 0x6d, 0x75, 0x73, 0x74, 0x70,
    0x72, 0x6f, 0x67, 0x72, 0x65, 0x73, 0x73, 0x13, 0x04, 0x31, 0x60, 0x85, 0x09, 0x82, 0x18, 0xb4,
    0xc2, 0x04, 0x41, 0x0c, 0x5c, 0x61, 0x82, 0x20, 0x06, 0xaf, 0x30, 0x41, 0x10, 0x03, 0x58, 0x98,
    0x20, 0x88, 0x41, 0x2c, 0x4c, 0x10, 0xc4, 0x40, 0x16, 0x26, 0x08, 0x62, 0x30, 0x0b, 0x13, 0x04,
    0x31, 0xa0, 0x85, 0x09, 0x82, 0x18, 0xd4, 0xc2, 0x04, 0x41, 0x0c, 0x6c, 0x61, 0x82, 0x20, 0x06,
    0xb7, 0x30, 0x41, 0x10, 0x03, 0x5c, 0x98, 0x20, 0x88, 0x41, 0x2e, 0x4c, 0x10, 0xc4, 0x40, 0x17,
    0x26, 0x08, 0x62, 0xb0, 0x0b, 0x13, 0x04, 0x31, 0xe0, 0x85, 0x09, 0x82, 0x18, 0xf4, 0xc2, 0x04,
    0x41, 0x0c, 0x7c, 0x61, 0x82, 0x20, 0x06, 0xbf, 0xb0, 0x42, 0xa0, 0x0f, 0xd0, 0x58, 0x31, 0xd4,
    0x07, 0x7d, 0x84, 0xc6, 0x8a, 0xc1, 0x3e, 0xe8, 0x43, 0x34, 0x56, 0x0c, 0xf7, 0x41, 0x1f, 0xa3,
    0xb1, 0x62, 0xc0, 0x0f, 0xfa, 0x20, 0x8d, 0x15, 0x43, 0x7e, 0xd0, 0x47, 0x69, 0xac, 0x18, 0xf4,
    0x83, 0x3e, 0x4c, 0x63, 0xc5, 0xb0, 0x1f, 0xf4, 0x71, 0x1a, 0x2b, 0x06, 0xfe, 0xa0, 0x0f, 0xd4,
    0x58, 0x31, 0xf4, 0x07, 0x7d, 0xa4, 0xc6, 0x8a, 0xc1, 0x3f, 0xe8, 0x43, 0x35, 0x56, 0x0c, 0xff,
    0x41, 0x1f, 0xab, 0xb1, 0x62, 0x00, 0x11, 0xfa, 0x60, 0x8d, 0x15, 0x43, 0x88, 0xd0, 0x47, 0x6b,
    0xac, 0x18, 0x44, 0x84, 0x3e, 0x5c, 0x63, 0xc5, 0x30, 0x22, 0xf4, 0xf1, 0x1a, 0x2b, 0x06, 0x12,
    0xa1, 0x0f, 0xd8, 0x58, 0x31, 0x94, 0x08, 0x7d, 0xc4, 0xc6, 0x8a, 0xc1, 0x44, 0xe8, 0x43, 0x36,
    0x56, 0x0c, 0x27, 0x42, 0x1f, 0xb3, 0xb1, 0x62, 0x40, 0x11, 0xfa, 0xa0, 0x8d, 0x15, 0x43, 0x8a,
    0xd0, 0x47, 0x6d, 0xac, 0x18, 0x54, 0x84, 0x3e, 0x6c, 0x63, 0xc5, 0xb0, 0x22, 0xf4, 0x71, 0x1b,
    0x2b, 0x06, 0x16, 0xa1, 0x0f, 0xdc, 0x58, 0x31, 0xb4, 0x08, 0x7d, 0xe4, 0xc6, 0x8a, 0xc1, 0x45,
    0xe8, 0x43, 0x37, 0x56, 0x0c, 0x2f, 0x42, 0x1f, 0xbb, 0xb1, 0x62, 0x80, 0x11, 0xfa, 0xe0, 0x8d,
    0x15, 0x43, 0x8c, 0xd0, 0x47, 0x6f, 0xac, 0x18, 0x64, 0x84, 0x3e, 0x7c, 0x63, 0x85, 0x30, 0x23,
    0xf3, 0xb2, 0x42, 0xa0, 0x91, 0x79, 0x59, 0x21, 0xd4, 0xc8, 0xbc, 0xac, 0x10, 0x6c, 0x64, 0x5e,
    0x56, 0x08, 0x37, 0x32, 0x2f, 0x2b, 0x04, 0x1c, 0x99, 0x97, 0x15, 0x42, 0x8e, 0xcc, 0xcb, 0x0a,
    0x41, 0x47, 0xe6, 0x65, 0x85, 0xb0, 0x23, 0xf3, 0xb2, 0x42, 0xe0, 0x91, 0x79, 0x59, 0x21, 0xf4,
    0xc8, 0xbc, 0xac, 0x10, 0x7c, 0x64, 0x5e, 0x56, 0x08, 0x3f, 0x32, 0x2f, 0x2b, 0x04, 0x30, 0x99,
    0x97, 0x15, 0x42, 0x98, 0xcc, 0xcb, 0x0a, 0x41, 0x4c, 0xe6, 0x65, 0x85, 0x30, 0x26, 0xf3, 0xb2,
    0x42, 0x20, 0x93, 0x79, 0x59, 0x21, 0x94, 0xc9, 0xbc, 0xac, 0x10, 0xcc, 0x64, 0x5e, 0x56, 0x08,
    0x67, 0x32, 0x2f, 0x2b, 0x04, 0x34, 0x99, 0x97, 0x15, 0x42, 0x9a, 0xcc, 0xcb, 0x0a, 0x41, 0x4d,
    0xe6, 0x65, 0x85, 0xb0, 0x26, 0xf3, 0xb2, 0x42, 0x60, 0x93, 0x79, 0x59, 0x21, 0xb4, 0xc9, 0xbc,
    0xac, 0x10, 0xdc, 0x64, 0x5e, 0x56, 0x08, 0x6f, 0x32, 0x2f, 0x2b, 0x04, 0x38, 0x99, 0x97, 0x15,
    0x42, 0x9c, 0xcc, 0xcb, 0x0a, 0x41, 0x4e, 0xe6, 0x65, 0x85, 0x30, 0x27, 0xf3, 0xb2, 0x42, 0xa0,
    0x93, 0x79, 0x59, 0x21, 0xd4, 0xc9, 0xbc, 0xac, 0x10, 0xec, 0x64, 0x5e, 0x56, 0x08, 0x77, 0x32,
    0x2f, 0x2b, 0x04, 0x3c, 0x99, 0x97, 0x15, 0x42, 0x9e, 0xcc, 0xcb, 0x0a, 0x41, 0x4f, 0xe6, 0x65,
    0x85, 0xb0, 0x27, 0xf3, 0xb2, 0x42, 0xe0, 0x93, 0x79, 0x59, 0x21, 0xf4, 0xc9, 0xbc, 0xac, 0x10,
    0xfc, 0x64, 0x5e, 0x56, 0x08, 0x7f, 0x32, 0x2f, 0x2b, 0x04, 0x50, 0x99, 0x97, 0x15, 0x42, 0xa8,
    0xcc, 0xcb, 0x0a, 0x41, 0x54, 0xe6, 0x65, 0x85, 0x30, 0x2a, 0xf3, 0xb2, 0x42, 0x20, 0x95, 0x79,
    0x59, 0x21, 0x94, 0xca, 0xbc, 0xac, 0x10, 0x4c, 0x65, 0x5e, 0x56, 0x08, 0xa7, 0x32, 0x2f, 0x2b,
    0x04, 0x54, 0x99, 0x97, 0x15, 0x42, 0xaa, 0xcc, 0xcb, 0x0a, 0x41, 0x55, 0xe6, 0x65, 0x85, 0xb0,
    0x2a, 0xf3, 0xb2, 0x42, 0x60, 0x95, 0x79, 0x59, 0x21, 0xb4, 0xca, 0xbc, 0xac, 0x10, 0x5c, 0x65,
    0x5e, 0x56, 0x08, 0xaf, 0x32, 0x2f, 0x2b, 0x04, 0x58, 0x99, 0x97, 0x15, 0x42, 0xac, 0xcc, 0xcb,
    0x0a, 0x41, 0x56, 0xe6, 0x65, 0x85, 0x30, 0x2b, 0xf3, 0xb2, 0x42, 0xa0, 0x95, 0x79, 0x59, 0x21,
    0xd4, 0xca, 0xbc, 0xac, 0x10, 0x6c, 0x65, 0x5e, 0x56, 0x08, 0xb7, 0x32, 0x2f, 0x2b, 0x04, 0x5c,
    0x99, 0x97, 0x0d, 0xc1, 0x5f, 0x6c, 0x18, 0xfc, 0x22, 0x57, 0xc0, 0x63, 0xc3, 0x00, 0x06, 0xba,
    0x02, 0x1e, 0x1b, 0x86, 0x32, 0xd0, 0x15, 0xf0, 0xd8, 0x90, 0x06, 0x7d, 0xb1, 0x2b, 0xe0, 0xb1,
    0x2b, 0xe1, 0xb1, 0x2b, 0xe2, 0xb1, 0x2b, 0xe3, 0xb1, 0x2b, 0xe4, 0xb1, 0x2b, 0xe5, 0xc1, 0x2b,
    0xe6, 0xb1, 0x2b, 0xe7, 0xb1, 0x2b, 0xe8, 0xb1, 0x2b, 0xe9, 0xb1, 0x2b, 0xea, 0xb1, 0x2b, 0xeb,
    0xb1, 0x2b, 0xec, 0xb1, 0x2b, 0xed, 0xb1, 0x2b, 0xee, 0xb1, 0x2b, 0xef, 0xb1, 0x2b, 0xf0, 0xb1,
    0x2b, 0xf1, 0xb1, 0x2b, 0xf2, 0xb1, 0x2b, 0xf3, 0xb1, 0x61, 0xe8, 0x95, 0x5d, 0x01, 0x8f, 0x0d,
    0x41, 0x7d, 0x6c, 0xe8, 0x64, 0x24, 0x46, 0x60, 0xe4, 0x45, 0x5c, 0xa4, 0x45, 0x58, 0x64, 0x45,
    0x54, 0x24, 0x45, 0x50, 0xe4, 0x44, 0x4c, 0xa4, 0x44, 0x48, 0x64, 0x44, 0x44, 0x24, 0x44, 0x40,
    0xe4, 0x3f, 0xfc, 0xa3, 0x3f, 0xf8, 0x63, 0x3f, 0xf4, 0x23, 0x3f, 0xf0, 0xe3, 0x3e, 0xec, 0x63,
    0xc3, 0xd0, 0x2b, 0xbb, 0x12, 0x1e, 0x1b, 0x86, 0x5e, 0xd9, 0x15, 0xf1, 0xd8, 0x30, 0xf4, 0xca,
    0xae, 0xac, 0xc7, 0x86, 0xa1, 0x57, 0x76, 0x65, 0x3c, 0x36, 0x0c, 0xbd, 0xb2, 0x2b, 0xe4, 0xb1,
    0x61, 0xe8, 0x95, 0x5d, 0x29, 0x8f, 0x0d, 0x43, 0xaf, 0xf0, 0x8a, 0x79, 0x6c, 0x18, 0x7a, 0x65,
    0x57, 0xce, 0x63, 0xc3, 0xd0, 0x2b, 0xbb, 0xc2, 0x1e, 0x1b, 0x86, 0x5e, 0xd9, 0x95, 0xf6, 0xd8,
    0x30, 0xf4, 0xca, 0xae, 0xb8, 0xc7, 0x86, 0xa1, 0x57, 0x76, 0xe5, 0x3d, 0x36, 0x0c, 0xbd, 0xb2,
    0x2b, 0xf0, 0xb1, 0x61, 0xe8, 0x95, 0x5d, 0x41, 0x8f, 0x0d, 0x43, 0xaf, 0xec, 0x4a, 0x7a, 0x6c,
    0x18, 0x7a, 0x65, 0x57, 0xe2, 0x63, 0xc3, 0xd0, 0x2b, 0xbb, 0xa2, 0x1e, 0x1b, 0x06, 0x5e, 0xe1,
    0x15, 0xf0, 0xd8, 0x10, 0xfc, 0xc6, 0x86, 0x41, 0x14, 0x74, 0x05, 0x3c, 0x36, 0x0c, 0xf4, 0x42,
    0x2f, 0xe0, 0xb1, 0x61, 0xb0, 0x74, 0x05, 0x3c, 0x36, 0x0c, 0xf6, 0x62, 0x2f, 0xe0, 0xb1, 0x21,
    0x90, 0x91, 0x0d, 0x5d, 0x8c, 0xc0, 0xc8, 0x8b, 0xb8, 0x48, 0x8b, 0xb0, 0xc8, 0x8a, 0xa8, 0x48,
    0x8a, 0xa0, 0x48, 0x7d, 0x9c, 0x88, 0x89, 0x94, 0x08, 0x89, 0x8c, 0x88, 0x88, 0x84, 0x08, 0x88,
    0xfc, 0x87, 0x7f, 0xf4, 0x07, 0x7f, 0xec, 0x87, 0x7e, 0xe4, 0x07, 0x7e, 0xdc, 0x87, 0x7d, 0x6c,
    0x18, 0x7a, 0x65, 0x57, 0xe4, 0x63, 0xc3, 0xb0, 0x2b, 0xbb, 0x02, 0x1e, 0x1b, 0x02, 0x15, 0xd9,
    0xd0, 0xc9, 0x48, 0x8c, 0xc0, 0xc8, 0x8b, 0xb8, 0x48, 0x8b, 0xb0, 0xc8, 0x8a, 0xa4, 0x08, 0x8a,
    0xd4, 0xc7, 0x89, 0x98, 0x48, 0x89, 0x90, 0xc8, 0x88, 0x88, 0x48, 0x88, 0x80, 0xc8, 0x7f, 0xf8,
    0x47, 0x7f, 0xf0, 0xc7, 0x7e, 0xe8, 0x47, 0x7e, 0xe0, 0xc7, 0x7d, 0xd8, 0xc7, 0x86, 0x60, 0x45,
    0x36, 0x74, 0x32, 0x12, 0x23, 0x30, 0xf2, 0x22, 0x2e, 0xd2, 0x22, 0x2c, 0xa2, 0x22, 0x29, 0x82,
    0x22, 0xf5, 0x71, 0x22, 0x26, 0x52, 0x22, 0x24, 0x32, 0x22, 0x22, 0x12, 0x22, 0x20, 0xf2, 0x1f,
    0xfe, 0xd1, 0x1f, 0xfc, 0xb1, 0x1f, 0xfa, 0x91, 0x1f, 0xf8, 0x71, 0x1f, 0xf6, 0xb1, 0x21, 0x20,
    0x91, 0x0d, 0x9d, 0x8c, 0xc4, 0x08, 0x8c, 0xbc, 0x88, 0x8b, 0xb4, 0x08, 0x8b, 0xac, 0x88, 0x8a,
    0xa4, 0x08, 0x8a, 0xd4, 0xc7, 0x89, 0x98, 0x48, 0x89, 0x8c, 0x88, 0x88, 0x84, 0x08, 0x88, 0xfc,
    0x87, 0x7f, 0xf4, 0x07, 0x7f, 0xec, 0x87, 0x7e, 0xe4, 0x07, 0x7e, 0xdc, 0x87, 0x7d, 0x6c, 0x08,
    0x44, 0x64, 0x43, 0x27, 0x23, 0x31, 0x02, 0x23, 0x2f, 0xe2, 0x22, 0x2d, 0xc2, 0x22, 0x2b, 0xa2,
    0x22, 0x29, 0x82, 0x22, 0xf5, 0x71, 0x22, 0x26, 0x52, 0x22, 0x24, 0x32, 0x22, 0x21, 0x02, 0x22,
    0xff, 0xe1, 0x1f, 0xfd, 0xc1, 0x1f, 0xfb, 0xa1, 0x1f, 0xf9, 0x81, 0x1f, 0xf7, 0x61, 0x1f, 0x1b,
    0x02, 0x10, 0xd9, 0xd0, 0xc9, 0x48, 0x8c, 0xc0, 0xc8, 0x8b, 0xb8, 0x48, 0x8b, 0xb0, 0xc8, 0x8a,
    0xa8, 0x48, 0x8a, 0xa0, 0x48, 0x7d, 0x9c, 0x88, 0x89, 0x94, 0x08, 0x89, 0x8c, 0x88, 0x88, 0x84,
    0xc8, 0x7f, 0xf8, 0x47, 0x7f, 0xf0, 0xc7, 0x7e, 0xe8, 0x47, 0x7e, 0xe0, 0xc7, 0x7d, 0xd8, 0xc7,
    0x86, 0xa0, 0x45, 0x36, 0x74, 0x32, 0x12, 0x23, 0x30, 0xf2, 0x22, 0x2e, 0xc2, 0x22, 0x2b, 0xa2,
    0x22, 0x29, 0x82, 0x22, 0xf5, 0x71, 0x22, 0x26, 0x52, 0x22, 0x24, 0x32, 0x22, 0x22, 0x12, 0x22,
    0x20, 0xf2, 0x1f, 0xfe, 0xd1, 0x1f, 0xfc, 0xb1, 0x1f, 0xfa, 0x91, 0x1f, 0xf8, 0x71, 0x1f, 0xf6,
    0xb1, 0x21, 0x30, 0x91, 0x0d, 0x9d, 0x8c, 0xc4, 0x08, 0x8c, 0xbc, 0x88, 0x8b, 0xb4, 0x08, 0x8b,
    0xac, 0x88, 0x8a, 0xa4, 0x08, 0x8a, 0xd4, 0xc7, 0x89, 0x94, 0x08, 0x89, 0x8c, 0x88, 0x88, 0x84,
    0x08, 0x88, 0xfc, 0x87, 0x7f, 0xf4, 0x07, 0x7f, 0xec, 0x87, 0x7e, 0xe4, 0x07, 0x7e, 0xdc, 0x87,
    0x7d, 0x6c, 0x08, 0x4a, 0x64, 0x43, 0x27, 0x23, 0x31, 0x02, 0x23, 0x2f, 0xe2, 0x22, 0x2d, 0xc2,
    0x22, 0x2b, 0xa2, 0x22, 0x29, 0x82, 0x22, 0xf5, 0x71, 0x22, 0x26, 0x42, 0x22, 0x23, 0x22, 0x22,
    0x21, 0x02, 0x22, 0xff, 0xe1, 0x1f, 0xfd, 0xc1, 0x1f, 0xfb, 0xa1, 0x1f, 0xf9, 0x81, 0x1f, 0xf7,
    0x61, 0x1f, 0x1b, 0x82, 0x17, 0xd9, 0xd0, 0xc9, 0x48, 0x8c, 0xc0, 0x88, 0x8b, 0xb4, 0x08, 0x8b,
    0xac, 0x88, 0x8a, 0xa4, 0x08, 0x8a, 0xd4, 0xc7, 0x89, 0x98, 0x48, 0x89, 0x90, 0xc8, 0x88, 0x88,
    0x48, 0x88, 0x80, 0xc8, 0x7f, 0xf8, 0x47, 0x7f, 0xf0, 0xc7, 0x7e, 0xe8, 0x47, 0x7e, 0xe0, 0xc7,
    0x7d, 0xd8, 0xc7, 0x86, 0xe0, 0x44, 0x36, 0x74, 0x32, 0x12, 0x23, 0x30, 0xf2, 0x22, 0x2e, 0xd2,
    0x22, 0x2c, 0xb2, 0x22, 0x2a, 0x92, 0x22, 0x28, 0x52, 0x1f, 0x26, 0x52, 0x22, 0x24, 0x32, 0x22,
    0x22, 0x12, 0x22, 0x20, 0xf2, 0x1f, 0xfe, 0xd1, 0x1f, 0xfc, 0xb1, 0x1f, 0xfa, 0x91, 0x1f, 0xf8,
    0x71, 0x1f, 0xf6, 0xb1, 0x21, 0x80, 0x91, 0x0d, 0x9d, 0x8c, 0xc4, 0xc8, 0x8b, 0xb8, 0x48, 0x8b,
    0xb0, 0xc8, 0x8a, 0xa8, 0x48, 0x8a, 0xa0, 0x48, 0x7d, 0x9c, 0x88, 0x89, 0x94, 0x08, 0x89, 0x8c,
    0x88, 0x88, 0x84, 0x08, 0x88, 0xfc, 0x87, 0x7f, 0xf4, 0x07, 0x7f, 0xec, 0x87, 0x7e, 0xe4, 0x07,
    0x7e, 0xdc, 0x87, 0x7d, 0x6c, 0x18, 0x74, 0x45, 0x57, 0xc0, 0x63, 0x43, 0x10, 0x23, 0x1b, 0x3a,
    0x19, 0x81, 0x91, 0x17, 0x71, 0x91, 0x16, 0x61, 0x91, 0x15, 0x51, 0x91, 0x14, 0x41, 0x91, 0xfa,
    0x38, 0x11, 0x13, 0x29, 0x11, 0x12, 0x19, 0x11, 0x11, 0x09, 0x11, 0x10, 0xf9, 0x0f, 0xff, 0xe8,
    0x0f, 0xfe, 0xd8, 0x0f, 0xfd, 0xc8, 0x0f, 0xfc, 0xb8, 0x0f, 0xfb, 0xd8, 0x10, 0xdc, 0xc7, 0x86,
    0x4e, 0x46, 0x62, 0x04, 0x46, 0x5e, 0xc4, 0x45, 0x5a, 0x84, 0x45, 0x56, 0x44, 0x45, 0x52, 0x04,
    0x45, 0xea, 0xe3, 0x44, 0x4c, 0xa4, 0x44, 0x48, 0x64, 0x44, 0x44, 0x24, 0x44, 0x40, 0xe4, 0x3f,
    0xfc, 0xa3, 0x3f, 0xf8, 0x63, 0x3f, 0xf4, 0x23, 0x3f, 0xf0, 0xc3, 0x3e, 0x36, 0x04, 0xff, 0xb1,
    0xa1, 0x93, 0x91, 0x18, 0x81, 0x91, 0x17, 0x71, 0x91, 0x16, 0x61, 0x91, 0x15, 0x51, 0x91, 0x14,
    0x41, 0x91, 0xfa, 0x38, 0x11, 0x13, 0x29, 0x11, 0x12, 0x19, 0x11, 0x11, 0x09, 0x11, 0x10, 0xf1,
    0x8f, 0xfe, 0xe0, 0x8f, 0xfd, 0xd0, 0x8f, 0xfc, 0xc0, 0x8f, 0xfb, 0xb0, 0x8f, 0x0d, 0x82, 0x89,
    0xe4, 0xc7, 0x06, 0x4e, 0x46, 0x62, 0x04, 0x46, 0x5e, 0xc4, 0x45, 0x5a, 0x84, 0x45, 0x56, 0x44,
    0x45, 0x52, 0x04, 0x45, 0xea, 0xe3, 0x44, 0x4a, 0x84, 0x44, 0x46, 0x44, 0x44, 0x42, 0x04, 0x44,
    0xfe, 0xc3, 0x3f, 0xfa, 0x83, 0x3f, 0xf6, 0x43, 0x3f, 0xf0, 0xe3, 0x3e, 0xec, 0x63, 0x83, 0x50,
    0x22, 0xf8, 0xb1, 0x81, 0x93, 0x91, 0x18, 0x81, 0x91, 0x17, 0x71, 0x91, 0x16, 0x61, 0x91, 0x15,
    0x51, 0x91, 0x14, 0x41, 0x91, 0xfa, 0x38, 0x11, 0x13, 0x21, 0x91, 0x11, 0x11, 0x91, 0x10, 0x01,
    0x91, 0xff, 0xf0, 0x8f, 0xfe, 0xe0, 0x8f, 0xfd, 0xd0, 0x8f, 0xfc, 0xb8, 0x0f, 0xfb, 0xd8, 0x10,
    0x8c, 0xc8, 0x86, 0x4e, 0x46, 0x62, 0x04, 0x46, 0x5e, 0xc4, 0x45, 0x5a, 0x84, 0x45, 0x56, 0x44,
    0x45, 0x52, 0x04, 0x45, 0xea, 0xe3, 0x44, 0x4c, 0xa4, 0x44, 0x48, 0x44, 0x44, 0x42, 0x04, 0x44,
    0xfe, 0xc3, 0x3f, 0xfa, 0x83, 0x3f, 0xf6, 0x43, 0x3f, 0xf2, 0x03, 0x3f, 0xee, 0xc3, 0x3e, 0x36,
    0x04, 0xfd, 0xb1, 0xa1, 0x93, 0x91, 0x18, 0x81, 0x91, 0x17, 0x71, 0x91, 0x16, 0x61, 0x91, 0x15,
    0x51, 0x91, 0x14, 0x41, 0x91, 0xfa, 0x38, 0x11, 0x13, 0x29, 0x11, 0x12, 0x19, 0x11, 0x11, 0x09,
    0x11, 0x10, 0xf9, 0x0f, 0xff, 0xe0, 0x8f, 0xfd, 0xd0, 0x8f, 0xfc, 0xc0, 0x8f, 0xfb, 0xb0, 0x8f,
    0x0d, 0xc1, 0x7e, 0x6c, 0xe8, 0x64, 0x24, 0x46, 0x60, 0xe4, 0x45, 0x5c, 0xa4, 0x45, 0x58, 0x64,
    0x45, 0x54, 0x24, 0x45, 0x50, 0xa4, 0x3e, 0x4e, 0xc4, 0x44, 0x4a, 0x84, 0x44, 0x46, 0x44, 0x44,
    0x42, 0x04, 0x44, 0xfe, 0xc3, 0x3f, 0xfa, 0x83, 0x3f, 0xf4, 0x23, 0x3f, 0xf0, 0xe3, 0x3e, 0xec,
    0x63, 0x43, 0xa0, 0x1f, 0x1b, 0x3a, 0x19, 0x89, 0x11, 0x18, 0x79, 0x11, 0x17, 0x69, 0x11, 0x16,
    0x59, 0x11, 0x15, 0x49, 0x11, 0x14, 0xa9, 0x8f, 0x13, 0x31, 0x91, 0x12, 0x21, 0x91, 0x11, 0x11,
    0x91, 0x10, 0x01, 0x91, 0xff, 0xf0, 0x8f, 0xfe, 0xe0, 0x8f, 0xfd, 0xc8, 0x0f, 0xfc, 0xb8, 0x0f,
    0xfb, 0xd8, 0x30, 0xf4, 0xca, 0xae, 0xcc, 0xc7, 0x86, 0x00, 0x45, 0x36, 0x74, 0x32, 0x12, 0x23,
    0x30, 0xf2, 0x22, 0x2e, 0xd2, 0x22, 0x2c, 0xb2, 0x22, 0x2a, 0x92, 0x22, 0xf5, 0x71, 0x22, 0x26,
    0x52, 0x22, 0x24, 0x32, 0x22, 0x22, 0x12, 0x22, 0x20, 0xf2, 0x1f, 0xfe, 0xd1, 0x1f, 0xfc, 0xb1,
    0x1f, 0xfa, 0x91, 0x1f, 0xf8, 0x71, 0x1f, 0xf6, 0xb1, 0x21, 0x60, 0x91, 0x0d, 0x9d, 0x8c, 0xc4,
    0x08, 0x8c, 0xbc, 0x88, 0x8b, 0xb4, 0xc8, 0x8a, 0xa8, 0x48, 0x8a, 0xa0, 0x48, 0x7d, 0x9c, 0x88,
    0x89, 0x94, 0x08, 0x89, 0x8c, 0x88, 0x88, 0x84, 0x08, 0x88, 0xfc, 0x87, 0x7f, 0xf4, 0x07, 0x7f,
    0xec, 0x87, 0x7e, 0xe4, 0x07, 0x7e, 0xdc, 0x87, 0x7d, 0x6c, 0x08, 0x5c, 0x64, 0x43, 0x27, 0x23,
    0x31, 0x02, 0x23, 0x2f, 0xd2, 0x22, 0x2c, 0xb2, 0x22, 0x2a, 0x92, 0x22, 0x28, 0x52, 0x1f, 0x27,
    0x62, 0x22, 0x25, 0x42, 0x22, 0x23, 0x22, 0x22, 0x21, 0x02, 0x22, 0xff, 0xe1, 0x1f, 0xfd, 0xc1,
    0x1f, 0xfb, 0xa1, 0x1f, 0xf9, 0x81, 0x1f, 0xf7, 0x61, 0x1f, 0x1b, 0x82, 0x10, 0xd9, 0xd0, 0xc9,
    0x48, 0x8c, 0xc0, 0xc8, 0x8b, 0xb8, 0x48, 0x8b, 0xb0, 0xc8, 0x8a, 0xa8, 0x48, 0x8a, 0xa0, 0x48,
    0x7d, 0x9c, 0x88, 0x89, 0x94, 0x08, 0x89, 0x8c, 0x88, 0x88, 0x80, 0xc8, 0x7f, 0xf8, 0x47, 0x7f,
    0xf0, 0xc7, 0x7e, 0xe8, 0x47, 0x7e, 0xe0, 0xc7, 0x7d, 0xd8, 0xc7, 0x86, 0xc0, 0x3f, 0x36, 0x74,
    0x32, 0x12, 0x23, 0x30, 0xf2, 0x22, 0x2e, 0xd2, 0x22, 0x2c, 0xb2, 0x22, 0x2a, 0x92, 0x22, 0x28,
    0x52, 0x1f, 0x27, 0x62, 0x22, 0x25, 0x42, 0x22, 0x23, 0x22, 0x22, 0x21, 0x02, 0x22, 0xff, 0xd1,
    0x1f, 0xfc, 0xb1, 0x1f, 0xfa, 0x91, 0x1f, 0xf8, 0x71, 0x1f, 0xf6, 0xb1, 0x21, 0xe0, 0x8f, 0x0d,
    0x9d, 0x8c, 0xc4, 0x08, 0x8c, 0xbc, 0x88, 0x8b, 0xb4, 0x08, 0x8b, 0xac, 0x88, 0x8a, 0xa4, 0x08,
    0x8a, 0xd4, 0xc7, 0x89, 0x98, 0x48, 0x89, 0x90, 0xc8, 0x88, 0x88, 0x48, 0x88, 0x80, 0xc8, 0x7f,
    0xf8, 0x47, 0x7f, 0xec, 0x87, 0x7e, 0xe4, 0x07, 0x7e, 0xdc, 0x87, 0x7d, 0x6c, 0x08, 0xec, 0x63,
    0x43, 0x27, 0x23, 0x31, 0x02, 0x23, 0x2f, 0xe2, 0x22, 0x2d, 0xc2, 0x22, 0x2b, 0xa2, 0x22, 0x29,
    0x82, 0x22, 0xf5, 0x71, 0x22, 0x26, 0x52, 0x22, 0x24, 0x32, 0x22, 0x22, 0x12, 0x22, 0x20, 0xf2,
    0x1f, 0xfe, 0xd1, 0x1f, 0xfc, 0xb1, 0x1f, 0xfa, 0x91, 0x1f, 0xf8, 0x71, 0x1f, 0x1b, 0x82, 0x14,
    0xd9, 0xd0, 0xc9, 0x48, 0x8c, 0xc0, 0xc8, 0x8b, 0xb8, 0x48, 0x8b, 0xb0, 0xc8, 0x8a, 0xa8, 0x08,
    0x8a, 0xd4, 0xc7, 0x89, 0x98, 0x48, 0x89, 0x90, 0xc8, 0x88, 0x88, 0x48, 0x88, 0x80, 0xc8, 0x7f,
    0xf8, 0x47, 0x7f, 0xf0, 0xc7, 0x7e, 0xe8, 0x47, 0x7e, 0xe0, 0xc7, 0x7d, 0xd8, 0x07, 0x00, 0x33,
    0x11, 0x79, 0xa0, 0x7d, 0xa3, 0x30, 0x13, 0xa1, 0x68, 0xdf, 0x28, 0xf4, 0x6e, 0x60, 0x05, 0x7b,
    0xe0, 0x09, 0x0a, 0xb4, 0xd1, 0xbb, 0xc1, 0x15, 0xf0, 0xa1, 0x2c, 0x28, 0xd0, 0x46, 0xef, 0x06,
    0x58, 0xd0, 0x07, 0xb4, 0xa0, 0x40, 0x1b, 0xbd, 0x1b, 0x64, 0x81, 0x1f, 0x78, 0x82, 0x02, 0x6d,
    0xf4, 0x6e, 0xa0, 0x05, 0x7f, 0x18, 0x0b, 0x0a, 0xb4, 0xd1, 0xbb, 0xc1, 0x16, 0x40, 0x82, 0x2d,
    0x28, 0xd0, 0x46, 0xef, 0x06, 0x5c, 0x10, 0x09, 0xb3, 0xa0, 0x40, 0x1b, 0xbd, 0x1b, 0x74, 0x81,
    0x24, 0xce, 0x82, 0x02, 0x60, 0xf4, 0x6e, 0xe0, 0x05, 0x93, 0x88, 0x0b, 0x0a, 0xb4, 0xd1, 0xbb,
    0xc1, 0x17, 0x50, 0xc2, 0x2c, 0x28, 0xd0, 0x46, 0xef, 0x06, 0x70, 0x50, 0x09, 0x9c, 0xa0, 0x40,
    0x1b, 0xbd, 0x1b, 0xc4, 0x81, 0x25, 0x72, 0x82, 0x02, 0x6d, 0xf4, 0x6e, 0x20, 0x07, 0x97, 0xd0,
    0x09, 0x0a, 0xb4, 0xd1, 0xbb, 0xc1, 0x1c, 0x60, 0xe2, 0x2e, 0x28, 0xd0, 0x46, 0xef, 0x06, 0x74,
    0x90, 0x09, 0xbd, 0xa0, 0x40, 0x1b, 0xbd, 0x1b, 0xd4, 0x81, 0x26, 0xec, 0x82, 0x02, 0x6d, 0xf4,
    0x6e, 0x60, 0x07, 0x9b, 0x08, 0x0b, 0x0a, 0xb4, 0xd1, 0xbb, 0xc1, 0x1d, 0x70, 0x22, 0x2f, 0x28,
    0xd0, 0xc6, 0x70, 0xc3, 0x18, 0xf4, 0x82, 0x18, 0xcc, 0x32, 0x04, 0xa0, 0x12, 0x1c, 0x19, 0x88,
    0x01, 0xdd, 0x2f, 0x04, 0x33, 0xdc, 0xf0, 0x0b, 0xb6, 0x80, 0x06, 0xb3, 0x0c, 0x83, 0x10, 0x0c,
    0x37, 0x80, 0xc3, 0x69, 0xa0, 0xc1, 0x2c, 0x43, 0x41, 0x04, 0x03, 0x15, 0xda, 0x32, 0x88, 0x46,
    0x90, 0x81, 0x28, 0x7d, 0x18, 0xd8, 0x23, 0x2c, 0x82, 0x61, 0x03, 0x22, 0xc0, 0x83, 0x01, 0xe8,
    0xc3, 0x30, 0x1e, 0x62, 0x21, 0x0c, 0x1b, 0x10, 0x41, 0x1e, 0x0c, 0x40, 0x1f, 0x86, 0xf6, 0x18,
    0x8b, 0x61, 0xd8, 0x80, 0x08, 0xf4, 0x60, 0x00, 0xb0, 0x28, 0x07, 0x10, 0x18, 0x6e, 0x08, 0x7c,
    0x01, 0x0d, 0x66, 0x19, 0x06, 0x21, 0x18, 0x6e, 0x40, 0x07, 0xbe, 0x40, 0x83, 0x59, 0x86, 0xc3,
    0x08, 0x06, 0x2a, 0xb4, 0xa6, 0x90, 0x0d, 0x21, 0x03, 0x51, 0xfa, 0x33, 0xb4, 0x47, 0x5a, 0x04,
    0xc3, 0x06, 0x44, 0x00, 0x0a, 0x03, 0xd0, 0x9f, 0x01, 0x3d, 0xd4, 0x42, 0x18, 0x36, 0x20, 0x82,
    0x50, 0x18, 0x80, 0x8e, 0x0c, 0xee, 0xb1, 0x16, 0xc3, 0xb0, 0x01, 0x11, 0xb0, 0x83, 0x00, 0x74,
    0x64, 0xa0, 0x0f, 0xb6, 0x20, 0x86, 0x0d, 0x88, 0xa0, 0x1d, 0x04, 0x00, 0x0d, 0x77, 0x00, 0x81,
    0xe1, 0x86, 0xe0, 0x36, 0xd0, 0x60, 0x96, 0xa1, 0x20, 0x82, 0xe1, 0x86, 0x78, 0x48, 0x0d, 0x34,
    0x98, 0x65, 0x48, 0x90, 0x60, 0xa0, 0x42, 0x4b, 0x0e, 0xf2, 0x20, 0x32, 0x10, 0xa5, 0x2b, 0x03,
    0x7d, 0xc8, 0x45, 0x30, 0x6c, 0x40, 0x04, 0xa9, 0x30, 0x00, 0x5d, 0x19, 0xf4, 0x63, 0x2e, 0x84,
    0x61, 0x03, 0x22, 0x50, 0x85, 0x01, 0x40, 0xa2, 0x1e, 0x40, 0x60, 0xb8, 0x21, 0x58, 0x0d, 0x34,
    0x98, 0x65, 0x38, 0x8c, 0x60, 0xb8, 0x01, 0x1f, 0x76, 0x03, 0x0d, 0x66, 0x19, 0x16, 0x25, 0x18,
    0xa8, 0xd0, 0x8e, 0x44, 0x3e, 0x8c, 0x0c, 0x44, 0xe9, 0xd3, 0x80, 0x1f, 0x79, 0x11, 0x0c, 0x1b,
    0x10, 0x01, 0x2c, 0x0c, 0x00, 0x0e, 0xfb, 0x00, 0x02, 0xc3, 0x0d, 0x41, 0x6d, 0xa0, 0xc1, 0x2c,
    0x43, 0x82, 0x04, 0xc3, 0x0d, 0xfe, 0x30, 0x0f, 0x68, 0x30, 0xcb, 0xd0, 0x30, 0xc1, 0x40, 0x85,
    0x76, 0x2c, 0xfe, 0x81, 0x64, 0x20, 0x4a, 0x37, 0x06, 0x14, 0xf9, 0x8b, 0x60, 0xd8, 0x80, 0x08,
    0x40, 0x42, 0x00, 0x70, 0x08, 0x09, 0x10, 0x18, 0x6e, 0x08, 0xcc, 0x03, 0x0d, 0x66, 0x19, 0x16,
    0x25, 0x18, 0x6e, 0x20, 0x09, 0x7c, 0x40, 0x83, 0x59, 0x86, 0xc7, 0x09, 0x06, 0x2a, 0xb4, 0xa3,
    0x51, 0x11, 0x25, 0x03, 0x51, 0x7a, 0x33, 0xa8, 0x48, 0x69, 0x04, 0xc3, 0x06, 0x44, 0xc0, 0x0b,
    0x03, 0x80, 0xc3, 0x49, 0x80, 0xc0, 0x70, 0x43, 0xe0, 0x0f, 0x68, 0x30, 0xcb, 0xd0, 0x30, 0xc1,
    0x70, 0x83, 0x4a, 0x80, 0x04, 0x1a, 0xcc, 0x32, 0x44, 0x50, 0x30, 0x50, 0xa1, 0x1d, 0x8f, 0x8d,
    0x30, 0x19, 0x88, 0xd2, 0xa3, 0x61, 0x45, 0x56, 0x23, 0x18, 0x36, 0x20, 0x02, 0x71, 0x18, 0x00,
    0x1c, 0x5a, 0x02, 0x04, 0x86, 0x1b, 0x82, 0x91, 0x40, 0x83, 0x59, 0x86, 0xc7, 0x09, 0x86, 0x1b,
    0x60, 0x82, 0x3e, 0xc0, 0x60, 0x96, 0x41, 0x9a, 0x82, 0x81, 0x0a, 0xed, 0x88, 0xc4, 0xc4, 0xc9,
    0x40, 0x94, 0x1e, 0x0c, 0x3d, 0x12, 0x1b, 0xc1, 0xb0, 0x01, 0x11, 0xa0, 0xc3, 0x00, 0xe0, 0x30,
    0x13, 0x20, 0x30, 0xdc, 0x10, 0xac, 0x04, 0x1a, 0xcc, 0x32, 0x44, 0x50, 0x30, 0x6c, 0x40, 0xe8,
    0x88, 0x3a, 0x0c, 0xc0, 0x2c, 0xc1, 0x34, 0x62, 0x60, 0x1c, 0x21, 0x08, 0x06, 0x68, 0xe0, 0x22,
    0x22, 0x12, 0x22, 0xc3, 0x0d, 0xb1, 0x60, 0x13, 0x66, 0x30, 0xcb, 0x40, 0x55, 0xc1, 0xc9, 0x02,
    0x4e, 0xc8, 0x2c, 0xc1, 0x35, 0x62, 0x60, 0x1c, 0x21, 0x08, 0x06, 0x68, 0x00, 0x23, 0x24, 0x32,
    0x22, 0xc3, 0x0d, 0xb5, 0xc0, 0x1f, 0x66, 0x30, 0xcb, 0x60, 0x61, 0xc1, 0x70, 0x03, 0x29, 0xe4,
    0x84, 0x19, 0x0c, 0x37, 0xe8, 0x44, 0x7f, 0x90, 0xc1, 0x70, 0x83, 0x2b, 0xfc, 0x07, 0x18, 0x24,
    0x4f, 0x88, 0xd1, 0x8d, 0x81, 0x4c, 0x76, 0x23, 0x18, 0x6e, 0xa8, 0x05, 0x11, 0x09, 0x83, 0x23,
    0x85, 0x15, 0x21, 0x24, 0x91, 0x20, 0x04, 0xfa, 0x33, 0x8c, 0xc9, 0x6f, 0x14, 0xc3, 0x0d, 0x61,
    0xe1, 0x22, 0x64, 0x30, 0xdc, 0x60, 0x0e, 0x63, 0x21, 0x06, 0xc3, 0x0d, 0xbf, 0x80, 0x22, 0x66,
    0xd0, 0x95, 0xa1, 0x4c, 0xc6, 0x23, 0x19, 0x6e, 0x48, 0x07, 0x15, 0x31, 0x83, 0xe1, 0x06, 0x5c,
    0x58, 0x11, 0x30, 0xc0, 0x5b, 0x00, 0x0b, 0x10, 0xc0, 0x55, 0x20, 0x07, 0x11, 0x18, 0x6e, 0xb8,
    0x05, 0x17, 0x09, 0x83, 0xe9, 0x06, 0x90, 0x08, 0x88, 0x3b, 0x87, 0x78, 0x90, 0x59, 0x02, 0x6d,
    0xa0, 0x42, 0xd3, 0x15, 0x2a, 0xba, 0x2e, 0xb8, 0x20, 0x03, 0x31, 0xba, 0x25, 0xbc, 0x46, 0x40,
    0x81, 0x25, 0x32, 0x00, 0x30, 0x0d, 0x51, 0xfa, 0x30, 0xf4, 0x89, 0x7c, 0x04, 0xc3, 0x06, 0x44,
    0x30, 0x0c, 0xc0, 0x21, 0x74, 0x01, 0xc3, 0x0d, 0x41, 0x3c, 0xa0, 0xc1, 0x2c, 0xc3, 0x55, 0x05,
    0x03, 0x15, 0x80, 0x8a, 0x54, 0xe3, 0xe2, 0x07, 0x03, 0x15, 0x00, 0x8e, 0x54, 0xe3, 0xe2, 0x07,
    0xbd, 0x1b, 0x5a, 0xe3, 0x3e, 0x42, 0x84, 0x02, 0x6d, 0x0c, 0x37, 0x04, 0x3f, 0x02, 0x06, 0xd3,
    0x0d, 0xe5, 0x30, 0x0e, 0xc1, 0x70, 0x43, 0xd0, 0x17, 0x66, 0x30, 0xcb, 0x90, 0xfd, 0x42, 0x80,
    0xe0, 0x70, 0x0e, 0x22, 0x30, 0xdc, 0xa0, 0x0f, 0x63, 0x62, 0x06, 0xc3, 0x0d, 0xf5, 0x40, 0x26,
    0x61, 0x30, 0xdc, 0x80, 0x0e, 0x65, 0x62, 0x06, 0x98, 0x0e, 0x7a, 0x01, 0x02, 0xd3, 0x0d, 0xc1,
    0x99, 0x08, 0x97, 0x0e, 0x70, 0x42, 0x98, 0x26, 0x41, 0x08, 0xcc, 0x12, 0x80, 0xc3, 0x40, 0x05,
    0x40, 0x27, 0xd6, 0xa9, 0xf8, 0xc1, 0x40, 0x05, 0xa0, 0x26, 0xd6, 0xa8, 0xf8, 0xc1, 0x40, 0x85,
    0x86, 0x4b, 0x56, 0xa9, 0xf8, 0x41, 0x06, 0x62, 0x74, 0x4d, 0x08, 0x8f, 0x80, 0x02, 0x6d, 0x64,
    0x20, 0x4a, 0xd7, 0x84, 0xf2, 0x08, 0x28, 0xd0, 0xc6, 0x2c, 0xc3, 0xc6, 0xd9, 0x01, 0x12, 0xfa,
    0x20, 0x02, 0xb3, 0x04, 0xdd, 0x2c, 0x03, 0x18, 0x8c, 0x81, 0x1d, 0x0c, 0x54, 0x68, 0x60, 0xb3,
    0x5d, 0xdf, 0x70, 0x43, 0x80, 0x27, 0x68, 0x30, 0xcb, 0xe0, 0x7d, 0x01, 0x0a, 0x03, 0x08, 0x64,
    0x20, 0x4a, 0x2f, 0x04, 0xf2, 0x08, 0x28, 0x28, 0x44, 0x1a, 0xa2, 0x74, 0x64, 0xc0, 0x95, 0x1a,
    0x09, 0x86, 0x0d, 0x88, 0x60, 0x10, 0x80, 0x5e, 0x08, 0xe6, 0x51, 0x50, 0x50, 0x88, 0x8e, 0x0c,
    0xe0, 0x82, 0x23, 0xc4, 0xb0, 0x01, 0x11, 0x08, 0x02, 0x30, 0x4b, 0xf0, 0xe1, 0xa2, 0x1b, 0x20,
    0x30, 0xdc, 0x10, 0x9c, 0x04, 0x1a, 0xcc, 0x32, 0x74, 0x5c, 0x30, 0xcb, 0x20, 0x06, 0x61, 0x20,
    0x0a, 0x28, 0x81, 0x8a, 0x08, 0x5c, 0xe0, 0x1b, 0x90, 0x81, 0x18, 0xbd, 0x10, 0xd8, 0x23, 0xa0,
    0xa0, 0x10, 0xb3, 0x04, 0x62, 0x30, 0x50, 0x51, 0x08, 0x61, 0x00, 0x3a, 0x60, 0x30, 0x6c, 0x40,
    0x98, 0x42, 0x20, 0x00, 0xb3, 0x04, 0x63, 0x30, 0x62, 0x60, 0x1c, 0x21, 0x08, 0x06, 0x68, 0xb0,
    0x2b, 0xaf, 0xe2, 0x2a, 0xb3, 0x0c, 0x64, 0x50, 0x06, 0xad, 0x80, 0x18, 0x5a, 0x88, 0xc0, 0x05,
    0x26, 0x01, 0x17, 0x80, 0x85, 0xa0, 0x17, 0x16, 0x22, 0x30, 0x4b, 0x60, 0x06, 0x23, 0x06, 0xc6,
    0x11, 0x82, 0x60, 0x80, 0x06, 0xbf, 0x32, 0x2b, 0xb2, 0x32, 0xcb, 0xa0, 0x06, 0x69, 0x10, 0x0b,
    0x03, 0x15, 0x9a, 0xeb, 0x90, 0xc1, 0x1e, 0xa0, 0xc1, 0x05, 0x03, 0x64, 0x20, 0x4a, 0xb7, 0x04,
    0x12, 0x09, 0x28, 0xb0, 0x44, 0x06, 0x00, 0x0e, 0x37, 0x18, 0x32, 0x81, 0x06, 0x07, 0x0b, 0x81,
    0xce, 0x32, 0x9c, 0x01, 0x1a, 0x04, 0xc3, 0x0d, 0xb0, 0x80, 0x98, 0xc1, 0x74, 0x43, 0x2c, 0xc0,
    0x42, 0x70, 0x41, 0x02, 0x19, 0x88, 0xd2, 0x2d, 0xa1, 0x45, 0x02, 0x0a, 0x2c, 0x91, 0x01, 0x80,
    0x16, 0x80, 0xff, 0x74, 0x44, 0x20, 0x20, 0xfe, 0x81, 0x91, 0x04, 0x02, 0x19, 0x88, 0xd2, 0x01,
    0x81, 0x45, 0x02, 0x0a, 0x80, 0xd1, 0x01, 0xa1, 0x45, 0x06, 0x0a, 0x80, 0x81, 0x83, 0x24, 0xfe,
    0x88, 0x08, 0xe2, 0x8f, 0x81, 0x00, 0xfe, 0xb3, 0x04, 0x68, 0x30, 0x50, 0x01, 0x08, 0x67, 0xa0,
    0x06, 0x66, 0x90, 0x9b, 0x28, 0x7d, 0x18, 0x44, 0x26, 0x54, 0x82, 0x61, 0x03, 0x22, 0x18, 0x06,
    0xe0, 0xba, 0x11, 0x81, 0xe1, 0x86, 0x00, 0x34, 0xd0, 0x60, 0x96, 0xc1, 0x0c, 0xca, 0x20, 0x18,
    0xa8, 0x00, 0xe8, 0xa6, 0x0c, 0x26, 0x35, 0x18, 0x36, 0x20, 0xcc, 0x21, 0x18, 0x80, 0x11, 0x03,
    0xe3, 0x08, 0x41, 0x30, 0x40, 0x83, 0x7f, 0x99, 0x17, 0x79, 0x99, 0x65, 0x58, 0x03, 0x36, 0x28,
    0x87, 0x81, 0x0a, 0x20, 0x52, 0x03, 0xbb, 0x29, 0x83, 0x81, 0x0a, 0x2d, 0x52, 0x03, 0x18, 0x2a,
    0x83, 0x0c, 0x44, 0xe9, 0xc3, 0x30, 0x33, 0xa8, 0x12, 0x50, 0x00, 0x8c, 0x3e, 0x0c, 0x2b, 0xa3,
    0x2a, 0x03, 0x05, 0xc0, 0xc0, 0x60, 0x10, 0x7f, 0x0c, 0x10, 0xf0, 0x3f, 0xe4, 0x45, 0x60, 0xb8,
    0x21, 0x60, 0x0d, 0x34, 0x98, 0x65, 0x50, 0x83, 0x34, 0x08, 0xc8, 0x37, 0x80, 0x31, 0xdc, 0xb0,
    0x0a, 0xeb, 0x42, 0x06, 0x47, 0x12, 0x81, 0xce, 0x32, 0xbc, 0x01, 0x1c, 0x04, 0x03, 0x15, 0xda,
    0xe0, 0x06, 0x68, 0x94, 0x06, 0x17, 0x84, 0x0c, 0x0e, 0x37, 0x04, 0x37, 0x22, 0x06, 0xb3, 0x0c,
    0x6d, 0xe0, 0x06, 0xc1, 0x09, 0x38, 0x02, 0x19, 0x88, 0xd1, 0x9f, 0x81, 0x67, 0x70, 0x25, 0xa0,
    0x00, 0x18, 0xb4, 0x0f, 0xc0, 0xc0, 0x40, 0x00, 0xff, 0x61, 0x03, 0xa2, 0x1f, 0x82, 0x01, 0x98,
    0x25, 0x70, 0x83, 0x11, 0x03, 0xe3, 0x08, 0x41, 0x30, 0x40, 0x03, 0x9b, 0x51, 0x99, 0x94, 0x19,
    0x6e, 0x48, 0x50, 0x86, 0x0c, 0x66, 0x19, 0xd6, 0x80, 0x0d, 0x82, 0x3e, 0x0d, 0x3c, 0xd3, 0x2b,
    0xb6, 0x30, 0x6c, 0x40, 0x04, 0xce, 0x00, 0xcc, 0x12, 0xc0, 0xc1, 0x2c, 0x43, 0x1c, 0xe0, 0x41,
    0x3f, 0x60, 0x2d, 0x84, 0x87, 0x08, 0x5c, 0x10, 0x26, 0x70, 0xc1, 0x79, 0xc8, 0x05, 0xa5, 0x01,
    0x17, 0xfc, 0x86, 0xcc, 0x32, 0xc8, 0xc1, 0x1c, 0x84, 0x04, 0xf6, 0x02, 0x78, 0x88, 0xc0, 0x2c,
    0x01, 0x1d, 0x0c, 0x54, 0x00, 0xf4, 0x13, 0x07, 0xa3, 0x60, 0x07, 0xc3, 0x06, 0x84, 0x48, 0x04,
    0x03, 0x30, 0xcb, 0x70, 0x07, 0x78, 0x40, 0x0d, 0x54, 0x00, 0xf6, 0x23, 0x07, 0xa1, 0x60, 0x07,
    0x03, 0x15, 0x1a, 0x8e, 0xc9, 0x41, 0x28, 0xd8, 0xc1, 0x05, 0x05, 0x64, 0x20, 0x4a, 0xb7, 0x84,
    0x53, 0x09, 0x28, 0xb0, 0x44, 0x06, 0x00, 0x0e, 0x37, 0x18, 0xb3, 0x81, 0x06, 0x17, 0x13, 0x81,
    0xce, 0x32, 0xd4, 0x81, 0x1d, 0x04, 0xc3, 0x0d, 0x31, 0x81, 0x98, 0xc1, 0x74, 0x83, 0x4c, 0xc4,
    0x44, 0x70, 0x41, 0x02, 0x19, 0x88, 0xd2, 0x2d, 0x01, 0x56, 0x02, 0x0a, 0x2c, 0x91, 0x01, 0x80,
    0x16, 0x80, 0xff, 0x74, 0x44, 0x20, 0x20, 0xfe, 0x81, 0x11, 0x05, 0x02, 0x19, 0x88, 0xd2, 0x01,
    0xa1, 0x55, 0x02, 0x0a, 0x80, 0xd1, 0x01, 0xc1, 0x55, 0x06, 0x0a, 0x80, 0x81, 0x83, 0x24, 0xfe,
    0x88, 0x08, 0xe2, 0x8f, 0x81, 0x00, 0xfe, 0xb3, 0x04, 0x76, 0x30, 0x50, 0x01, 0x08, 0x75, 0xa0,
    0x06, 0x74, 0x90, 0x9b, 0x18, 0x7d, 0x18, 0x5a, 0x47, 0x64, 0x02, 0x0a, 0x80, 0x81, 0x01, 0x21,
    0xfe, 0x18, 0x80, 0x01, 0xf8, 0x23, 0x18, 0xcc, 0x0d, 0x0c, 0x0c, 0x37, 0x04, 0x24, 0x02, 0x06,
    0xb3, 0x0c, 0x73, 0x40, 0x07, 0x01, 0x8a, 0x44, 0x8b, 0x88, 0xc0, 0x05, 0xab, 0x02, 0x19, 0x88,
    0xd1, 0xa3, 0x61, 0x75, 0x56, 0x26, 0x18, 0x36, 0x20, 0x02, 0x34, 0x18, 0x80, 0x59, 0x02, 0x3c,
    0x18, 0x31, 0x30, 0x8e, 0x10, 0x04, 0x03, 0x34, 0x30, 0x1d, 0xbd, 0xc9, 0x9b, 0x59, 0x86, 0x3c,
    0xe0, 0x03, 0xbf, 0x40, 0x3e, 0x38, 0x11, 0xf1, 0x1f, 0x8e, 0x40, 0x89, 0x40, 0xf0, 0x8f, 0x59,
    0x06, 0x3d, 0xd8, 0x83, 0x00, 0x85, 0x94, 0x08, 0xff, 0x11, 0x03, 0x03, 0x09, 0x41, 0xb0, 0xf0,
    0x0f, 0x37, 0x20, 0x9d, 0x00, 0x03, 0x96, 0x00, 0xff, 0x59, 0x02, 0x3e, 0x40, 0x96, 0x28, 0xc2,
    0x7f, 0xc4, 0xc0, 0x40, 0x42, 0x10, 0x2c, 0xfc, 0xc3, 0x0d, 0x4e, 0x27, 0xc0, 0xe0, 0x25, 0xc4,
    0x1f, 0x03, 0x33, 0x01, 0xff, 0x59, 0x02, 0x3e, 0x18, 0xe8, 0x00, 0xc0, 0x04, 0x0f, 0xc0, 0x44,
    0x0f, 0xa4, 0x3d, 0x18, 0xe8, 0x00, 0xc8, 0x04, 0x0f, 0x18, 0x3d, 0x20, 0xf6, 0x60, 0xb8, 0x61,
    0x25, 0x72, 0xc5, 0x0c, 0x66, 0x19, 0xfa, 0xc0, 0x0f, 0x82, 0x6e, 0x09, 0xed, 0xe2, 0x12, 0x14,
    0x58, 0x22, 0x03, 0x00, 0xbb, 0x25, 0xe8, 0x4b, 0x4c, 0x50, 0x60, 0x89, 0x0c, 0x00, 0xc4, 0x9a,
    0xf8, 0x11, 0x11, 0x40, 0x9b, 0x20, 0x1d, 0x11, 0xe8, 0x9a, 0x50, 0x2e, 0x39, 0x31, 0x62, 0x60,
    0x20, 0x21, 0x08, 0x06, 0x66, 0x50, 0x3b, 0x2e, 0xa2, 0x3a, 0xc3, 0x0d, 0x01, 0xea, 0x98, 0x01,
    0xea, 0x04, 0x8c, 0x88, 0xc0, 0xe9, 0xc5, 0x4e, 0x08, 0x2e, 0x88, 0xf8, 0xcf, 0x12, 0xfc, 0xc1,
    0x40, 0x05, 0x20, 0x06, 0x7c, 0x30, 0x2f, 0xbe, 0x30, 0x50, 0x01, 0x88, 0x01, 0x1f, 0xcc, 0x8b,
    0x2f, 0x8c, 0x18, 0x18, 0x47, 0x08, 0x82, 0x01, 0x1a, 0x88, 0x8f, 0xed, 0xd4, 0x0e, 0x8a, 0x45,
    0xed, 0xc0, 0xc0, 0x70, 0x43, 0x80, 0x26, 0x60, 0x30, 0xcb, 0x80, 0x69, 0xc1, 0x40, 0x05, 0x80,
    0x06, 0x7d, 0xd0, 0x2e, 0xbe, 0x30, 0x50, 0x01, 0xb0, 0x41, 0x1f, 0xa4, 0x8b, 0x2f, 0x0c, 0x54,
    0x68, 0xbc, 0xd5, 0x07, 0xeb, 0xe2, 0x0b, 0x17, 0x3c, 0x70, 0x41, 0x9c, 0xc8, 0x2c, 0x43, 0x28,
    0x80, 0xc2, 0x6a, 0x0c, 0x54, 0x00, 0x2a, 0xf5, 0x07, 0x5f, 0x28, 0xe0, 0x12, 0x88, 0x3f, 0x06,
    0xe1, 0x00, 0xfe, 0x18, 0xb4, 0x89, 0xf8, 0xcf, 0x12, 0x88, 0xc2, 0x40, 0x05, 0x70, 0x85, 0x82,
    0x4c, 0xfd, 0xc1, 0x40, 0x85, 0x76, 0x85, 0x02, 0xdd, 0xfd, 0x41, 0x06, 0x62, 0x74, 0x65, 0xc0,
    0x1f, 0xbb, 0x09, 0x28, 0x00, 0x06, 0x12, 0x0a, 0x08, 0x64, 0x20, 0x4a, 0xc7, 0x04, 0x9d, 0x09,
    0x28, 0xc0, 0xc2, 0x88, 0x81, 0x81, 0x84, 0x20, 0x58, 0xf8, 0x07, 0x1c, 0xbc, 0x4f, 0x80, 0x81,
    0x21, 0xfe, 0x18, 0x2c, 0xe0, 0x8f, 0x0b, 0xfb, 0xc0, 0xc0, 0x70, 0x43, 0x50, 0x2a, 0x60, 0x30,
    0xcb, 0x00, 0x0a, 0xa1, 0x10, 0x0c, 0x54, 0x00, 0x1e, 0x28, 0xc4, 0xc3, 0x2a, 0x0c, 0x54, 0x68,
    0xb0, 0x07, 0x0a, 0xf1, 0xb0, 0x0a, 0x19, 0x88, 0xd1, 0x8d, 0xa1, 0x85, 0x48, 0x27, 0xa0, 0xa0,
    0x10, 0x19, 0x68, 0x32, 0xdc, 0xb0, 0x05, 0x60, 0x30, 0xcb, 0x30, 0x0a, 0xab, 0x10, 0x9c, 0x91,
    0x06, 0x70, 0x01, 0xac, 0xc8, 0x05, 0x6e, 0x02, 0x17, 0xa0, 0x8a, 0xcc, 0x32, 0x94, 0x02, 0x29,
    0x9c, 0x07, 0xb1, 0x81, 0x36, 0x30, 0x08, 0x03, 0x10, 0x18, 0x31, 0x38, 0x90, 0x10, 0x04, 0x03,
    0x39, 0x00, 0xa1, 0x80, 0x7e, 0xd0, 0x63, 0x96, 0xa0, 0x14, 0x06, 0x2a, 0x38, 0x35, 0x23, 0x05,
    0x52, 0x1b, 0x85, 0x81, 0x0a, 0xce, 0xcd, 0x48, 0x01, 0xd5, 0x46, 0x61, 0xa0, 0x42, 0x83, 0x27,
    0x52, 0xe0, 0xa9, 0x51, 0x18, 0xa8, 0xd0, 0x10, 0x52, 0xc0, 0x99, 0x51, 0x98, 0x65, 0x30, 0x85,
    0x53, 0x88, 0x0f, 0x0c, 0x04, 0x11, 0x98, 0x25, 0x40, 0x85, 0x81, 0x0a, 0x80, 0xb6, 0x4a, 0xa1,
    0x14, 0x54, 0x01, 0x03, 0x58, 0x11, 0xff, 0x59, 0x82, 0x55, 0x18, 0xa8, 0x00, 0x70, 0xcb, 0x14,
    0x42, 0x41, 0x15, 0x06, 0x2a, 0x34, 0xfd, 0x33, 0x85, 0x50, 0x50, 0x85, 0x0b, 0x1a, 0xc8, 0x40,
    0x94, 0x6e, 0x09, 0x67, 0x13, 0x50, 0x60, 0x89, 0x0c, 0x00, 0x1c, 0x6e, 0x30, 0x48, 0x05, 0x0d,
    0x4e, 0x44, 0x02, 0x9d, 0x65, 0x48, 0x05, 0x55, 0x08, 0x86, 0x1b, 0x44, 0x04, 0x31, 0x83, 0xe9,
    0x86, 0x11, 0x11, 0x91, 0xe0, 0x82, 0x04, 0x32, 0x10, 0xa5, 0x5b, 0x02, 0xdc, 0x04, 0x14, 0x58,
    0x22, 0x03, 0x00, 0x2d, 0x00, 0xff, 0xe9, 0x88, 0x40, 0x40, 0xfc, 0x03, 0xa3, 0x0a, 0x04, 0x32,
    0x10, 0xa5, 0x03, 0x82, 0x16, 0x50, 0x00, 0x8c, 0x0e, 0x08, 0xdd, 0x40, 0x01, 0x30, 0x70, 0x90,
    0xc4, 0x1f, 0x11, 0x41, 0xfc, 0x31, 0x10, 0xc0, 0x7f, 0x96, 0x40, 0x15, 0x06, 0x2a, 0x00, 0x21,
    0x15, 0xd4, 0x00, 0x15, 0x72, 0x13, 0xa3, 0x0f, 0x83, 0x1f, 0xcd, 0x4f, 0x40, 0x01, 0x30, 0x30,
    0x20, 0xc4, 0x1f, 0x03, 0x30, 0x00, 0x7f, 0x04, 0x03, 0x32, 0x82, 0x81, 0xe1, 0x86, 0xa0, 0x5e,
    0xc0, 0x60, 0x96, 0xe1, 0x14, 0x50, 0x21, 0x18, 0xa8, 0x00, 0x50, 0xe1, 0x14, 0xe0, 0x41, 0x14,
    0x10, 0x0f, 0xce, 0x08, 0x06, 0x8e, 0x0e, 0x64, 0x86, 0x87, 0x1b, 0xf4, 0x40, 0x8d, 0xc8, 0x60,
    0xba, 0x21, 0xa8, 0x19, 0x61, 0x96, 0x41, 0x14, 0x58, 0x21, 0x98, 0x65, 0x68, 0x85, 0x5d, 0xe0,
    0x85, 0x81, 0x0a, 0xe0, 0x2c, 0x74, 0x41, 0x61, 0x85, 0x81, 0x0a, 0xed, 0x2c, 0x74, 0x41, 0x15,
    0x03, 0x56, 0xc8, 0x40, 0x8c, 0x8e, 0x0c, 0xa4, 0x14, 0x42, 0x01, 0x05, 0x85, 0xc8, 0x40, 0x93,
    0xe1, 0x06, 0x5c, 0x08, 0xc0, 0x60, 0x96, 0xc1, 0x15, 0x74, 0x21, 0x38, 0x43, 0x1c, 0xe0, 0x78,
    0x24, 0x90, 0x59, 0x06, 0x58, 0x78, 0x05, 0x1f, 0xa1, 0x73, 0xd0, 0x06, 0x06, 0xbc, 0x00, 0x02,
    0x23, 0x06, 0x07, 0x12, 0x82, 0x60, 0x20, 0x07, 0x7b, 0x14, 0xbc, 0xd1, 0x98, 0xcc, 0x12, 0xc0,
    0xc2, 0x40, 0x05, 0xa7, 0x77, 0xae, 0x00, 0x76, 0xaf, 0x30, 0x50, 0xc1, 0xf9, 0x9d, 0x2b, 0x90,
    0xdd, 0x2b, 0x0c, 0x54, 0x68, 0x32, 0xe6, 0x0a, 0xe6, 0xf5, 0x0a, 0x03, 0x15, 0x9a, 0x0b, 0xb9,
    0x02, 0xf2, 0x0a, 0xb3, 0x0c, 0xb1, 0x20, 0x0b, 0x6c, 0x82, 0x81, 0x20, 0x02, 0xb3, 0x04, 0xb3,
    0x30, 0x50, 0x01, 0xa8, 0x1a, 0x2c, 0xfc, 0x43, 0x2e, 0x60, 0xb0, 0x32, 0xe2, 0x3f, 0xdd, 0x00,
    0x36, 0x53, 0x9a, 0xa0, 0x10, 0x80, 0xff, 0x2c, 0x81, 0x2e, 0x0c, 0x54, 0x00, 0xb2, 0x16, 0x0b,
    0xf7, 0x90, 0x0b, 0x03, 0x15, 0x1a, 0x3d, 0x06, 0xb1, 0x70, 0x0f, 0xb9, 0x70, 0x81, 0x9b, 0xc0,
    0x05, 0x10, 0x64, 0x20, 0x4a, 0xb7, 0x84, 0xf4, 0x09, 0x28, 0xb0, 0x44, 0x06, 0x00, 0x0e, 0x37,
    0x1c, 0x22, 0x83, 0x06, 0x07, 0x2a, 0x81, 0xce, 0x32, 0xd0, 0x42, 0x2d, 0x04, 0xc3, 0x0d, 0xa0,
    0x92, 0x98, 0xc1, 0x74, 0x43, 0xa8, 0x80, 0x4a, 0x70, 0x41, 0x02, 0x19, 0x88, 0xd2, 0x2d, 0x41,
    0x7e, 0x02, 0x0a, 0x2c, 0x91, 0x01, 0x80, 0x16, 0x80, 0xff, 0x74, 0x44, 0x20, 0x20, 0xfe, 0x81,
    0x12, 0x06, 0x02, 0x19, 0x88, 0xd2, 0x01, 0xa1, 0x0b, 0x28, 0x00, 0x46, 0x07, 0x04, 0x30, 0x18,
    0x28, 0x00, 0x06, 0x0e, 0x92, 0xf8, 0x23, 0x22, 0x88, 0x3f, 0x06, 0x02, 0xf8, 0xcf, 0x12, 0xd4,
    0xc2, 0x40, 0x05, 0x20, 0xd0, 0x82, 0x1a, 0xcc, 0xc2, 0x2c, 0x83, 0x2d, 0xe4, 0x02, 0xaa, 0xdc,
    0xc6, 0x12, 0x90, 0x81, 0x28, 0xdd, 0x12, 0x5c, 0x28, 0xa0, 0xc0, 0x12, 0x19, 0x00, 0x38, 0xcb,
    0x70, 0x0b, 0xb8, 0x90, 0x0d, 0x37, 0xe0, 0x4a, 0x18, 0x98, 0xc1, 0x74, 0x43, 0xae, 0xe0, 0x4a,
    0x70, 0xc1, 0x01, 0x19, 0x88, 0xd2, 0x2d, 0xa1, 0x86, 0x02, 0x0a, 0x2c, 0x91, 0x01, 0x80, 0x16,
    0x80, 0xff, 0x74, 0x44, 0x20, 0x20, 0xfe, 0x81, 0x6a, 0x00, 0x07, 0x20, 0x90, 0x81, 0x28, 0x1d,
    0x10, 0xea, 0x20, 0xa0, 0x00, 0x18, 0x1d, 0x10, 0xf0, 0x60, 0xa0, 0x00, 0x18, 0x38, 0x40, 0xe2,
    0x8f, 0x88, 0x20, 0xfe, 0x18, 0x08, 0xe0, 0x3f, 0x4b, 0x80, 0x0b, 0x03, 0x15, 0x80, 0x70, 0x0b,
    0x66, 0x60, 0x0b, 0x18, 0x64, 0xe0, 0x3f, 0x4b, 0x90, 0x0b, 0x03, 0x15, 0x80, 0x80, 0x0b, 0x74,
    0x50, 0x0b, 0x69, 0x07, 0x62, 0xf4, 0x61, 0xb0, 0xa9, 0x55, 0x0a, 0x28, 0x00, 0x06, 0x06, 0x84,
    0xf8, 0x63, 0xb0, 0x07, 0xe0, 0x8f, 0x7b, 0xc0, 0x4f, 0x30, 0x30, 0xdc, 0x10, 0xb4, 0x0e, 0x18,
    0xcc, 0x32, 0xc8, 0xc2, 0x2c, 0x04, 0x03, 0x15, 0x80, 0x3f, 0xc8, 0x82, 0x59, 0xb4, 0x02, 0xce,
    0xc2, 0x3f, 0xc1, 0xc0, 0xbd, 0x82, 0xfa, 0xf0, 0x70, 0x83, 0x30, 0x17, 0x68, 0x30, 0xdd, 0x10,
    0xb4, 0x8f, 0x30, 0xcb, 0xd0, 0x0a, 0xbb, 0x10, 0x0c, 0x54, 0x00, 0x7a, 0xc1, 0x0a, 0x8a, 0x2e,
    0x0c, 0x47, 0xb0, 0x45, 0x20, 0xf8, 0xc7, 0x2c, 0x03, 0x2f, 0xf4, 0x42, 0x80, 0x42, 0x5b, 0x84,
    0xff, 0x88, 0x81, 0x81, 0x84, 0x20, 0x58, 0xf8, 0x87, 0x1b, 0xb8, 0x54, 0x80, 0x01, 0x5c, 0x80,
    0xff, 0x2c, 0x81, 0x2f, 0x20, 0x5c, 0x14, 0xe1, 0x3f, 0x62, 0x60, 0x20, 0x21, 0x08, 0x16, 0xfe,
    0xe1, 0x06, 0x31, 0x15, 0x60, 0x30, 0x17, 0xe2, 0x8f, 0x01, 0xfc, 0x80, 0xff, 0x2c, 0x81, 0x2f,
    0x0c, 0x54, 0x00, 0xe8, 0xc2, 0x0b, 0x52, 0x2f, 0x0c, 0x54, 0x00, 0x0c, 0x2f, 0x10, 0xbd, 0x70,
    0x75, 0x21, 0x46, 0x30, 0xdc, 0x10, 0xd8, 0x0a, 0x1a, 0xcc, 0x32, 0xfc, 0x81, 0x1f, 0x04, 0x03,
    0x15, 0x00, 0x6f, 0x61, 0x73, 0x50, 0x0e, 0x03, 0x15, 0x00, 0x6f, 0x61, 0x73, 0x50, 0x0e, 0x23,
    0x06, 0xc6, 0x11, 0x82, 0x60, 0x80, 0x06, 0x3f, 0x35, 0x53, 0x32, 0x95, 0x67, 0x24, 0x46, 0x7f,
    0x06, 0xb5, 0x32, 0xa7, 0x60, 0xd8, 0x80, 0x08, 0x88, 0x01, 0xe8, 0xcf, 0x50, 0x56, 0xe7, 0x24,
    0x0c, 0x1b, 0x10, 0x01, 0x31, 0x00, 0x23, 0x06, 0xc6, 0x11, 0x82, 0x60, 0x80, 0x06, 0x62, 0x65,
    0x53, 0x35, 0x75, 0x69, 0x54, 0x53, 0x38, 0xdc, 0xa0, 0x46, 0x37, 0x45, 0x06, 0xb3, 0x0c, 0xe9,
    0xa0, 0x0e, 0xc1, 0x40, 0x05, 0x80, 0x5e, 0xd9, 0x19, 0x94, 0xc3, 0x40, 0x05, 0xc0, 0x5e, 0xd9,
    0x18, 0x94, 0xc3, 0x40, 0x85, 0xc6, 0x8b, 0x41, 0x56, 0x06, 0xe5, 0x70, 0x41, 0xbc, 0xc0, 0x05,
    0xeb, 0x23, 0xb3, 0x0c, 0xe1, 0x20, 0x0e, 0xf2, 0x32, 0xdc, 0x30, 0xe0, 0x0e, 0x1a, 0x4c, 0x37,
    0x10, 0xef, 0x12, 0x60, 0xe0, 0x3e, 0x22, 0x30, 0x4b, 0x60, 0x0e, 0x03, 0x15, 0x00, 0x0c, 0x06,
    0xe0, 0xd0, 0x0b, 0xe8, 0x80, 0x81, 0xfb, 0x88, 0xff, 0x70, 0x44, 0x12, 0x08, 0xfe, 0x31, 0xcb,
    0x30, 0x0e, 0xe4, 0x10, 0xa0, 0xa0, 0x84, 0xff, 0x88, 0x81, 0x81, 0x84, 0x20, 0x58, 0xf8, 0x87,
    0x1b, 0xac, 0x55, 0x80, 0x41, 0x03, 0xfe, 0xb3, 0x04, 0xe5, 0x80, 0x4d, 0x11, 0xfe, 0x23, 0x06,
    0x06, 0x12, 0x82, 0x60, 0xe1, 0x1f, 0x6e, 0xe0, 0x56, 0x01, 0x06, 0x90, 0xf8, 0x63, 0xd0, 0x42,
    0xe0, 0x3f, 0x4b, 0x50, 0x0e, 0x03, 0x15, 0x80, 0x18, 0x8c, 0x83, 0x44, 0x0e, 0x03, 0x15, 0x00,
    0x33, 0x0e, 0x04, 0x39, 0x9c, 0xf4, 0x47, 0x30, 0xdc, 0x10, 0x94, 0x0c, 0x1a, 0xcc, 0x32, 0x80,
    0xc3, 0x2f, 0x04, 0x03, 0x15, 0x00, 0x1b, 0x06, 0xe1, 0x10, 0x0a, 0xe8, 0x30, 0x50, 0xa1, 0xb9,
    0x6a, 0x10, 0x0e, 0xa1, 0x80, 0x0e, 0x17, 0x50, 0x90, 0x81, 0x28, 0xdd, 0x12, 0x5e, 0x29, 0xa0,
    0xc0, 0x12, 0x19, 0x00, 0x38, 0xdc, 0x60, 0xb8, 0x0f, 0x1a, 0x9c, 0xca, 0x04, 0x3a, 0xcb, 0x70,
    0x0e, 0xe8, 0x10, 0x0c, 0x37, 0x9c, 0x0c, 0x62, 0x06, 0xd3, 0x0d, 0x28, 0x73, 0x32, 0xc1, 0x05,
    0x09, 0x64, 0x20, 0x4a, 0xb7, 0x04, 0x5c, 0x0a, 0x28, 0xb0, 0x44, 0x06, 0x00, 0x5a, 0x00, 0xfe,
    0xd3, 0x11, 0x81, 0x80, 0xf8, 0x07, 0x46, 0x61, 0x00, 0x02, 0x19, 0x88, 0xd2, 0x01, 0xa1, 0x97,
    0x02, 0x0a, 0x80, 0xd1, 0x01, 0xc1, 0x97, 0x06, 0x0a, 0x80, 0x81, 0x83, 0x24, 0xfe, 0x88, 0x08,
    0xe2, 0x8f, 0x81, 0x00, 0xfe, 0xb3, 0x04, 0xe8, 0x30, 0x50, 0x01, 0x08, 0xe7, 0xa0, 0x06, 0xe6,
    0x90, 0x9b, 0x18, 0x7d, 0x18, 0xd0, 0xab, 0xa7, 0x02, 0x0a, 0x80, 0x81, 0x01, 0x21, 0xfe, 0x18,
    0x80, 0x01, 0xf8, 0x23, 0x18, 0xb8, 0x16, 0x0c, 0x0c, 0x37, 0x04, 0x3f, 0x04, 0x06, 0xb3, 0x0c,
    0xe2, 0x60, 0x0e, 0x01, 0xc5, 0x11, 0x30, 0x28, 0x8e, 0x80, 0xd1, 0xbb, 0x61, 0x9f, 0xca, 0xca,
    0xad, 0x28, 0xd0, 0xc6, 0x70, 0x43, 0xd0, 0x5a, 0x60, 0x30, 0xcb, 0x70, 0x0f, 0xf0, 0x10, 0x0c,
    0x54, 0x68, 0x6b, 0xf0, 0x0e, 0x20, 0xf1, 0x0b, 0xc3, 0x0d, 0xc1, 0x3a, 0x89, 0xc1, 0x2c, 0xc3,
    0x3a, 0xbc, 0x43, 0x40, 0xa4, 0x00, 0x0c, 0x22, 0x05, 0x60, 0x1c, 0xe1, 0x4e, 0x90, 0x81, 0x18,
    0xfd, 0x19, 0xe4, 0xcb, 0xad, 0x02, 0x0a, 0x80, 0xd1, 0x9f, 0xc1, 0xbd, 0xe0, 0x6a, 0xa0, 0x00,
    0x18, 0xc3, 0x11, 0xc8, 0x20, 0xf8, 0xc7, 0x2c, 0x03, 0x3b, 0xb4, 0x43, 0x80, 0x44, 0x12, 0xfe,
    0x23, 0x06, 0x06, 0x12, 0x82, 0x60, 0xe1, 0x1f, 0x6e, 0x90, 0x5e, 0x01, 0x06, 0x84, 0xf8, 0x63,
    0xb0, 0x80, 0xff, 0x2c, 0x81, 0x3b, 0x60, 0x83, 0x84, 0xff, 0x88, 0x81, 0x81, 0x84, 0x20, 0x58,
    0xf8, 0x87, 0x1b, 0xb4, 0x57, 0x80, 0x81, 0x23, 0xfe, 0x18, 0x24, 0xe0, 0x3f, 0x4b, 0xe0, 0x0e,
    0x03, 0x15, 0x80, 0x18, 0xb0, 0x03, 0xd6, 0x0e, 0x03, 0x15, 0x00, 0xc3, 0x0e, 0x44, 0x3b, 0x0c,
    0x1b, 0x10, 0xb7, 0x20, 0x0c, 0xc0, 0xb0, 0x01, 0x61, 0x0b, 0xc1, 0x00, 0xcc, 0x12, 0xbc, 0xc3,
    0x88, 0x81, 0x71, 0x84, 0x20, 0x18, 0xa0, 0xc1, 0x7d, 0xad, 0x97, 0x7a, 0x5d, 0xa5, 0x5e, 0x38,
    0xdc, 0x60, 0xb1, 0x17, 0x19, 0xcc, 0x32, 0xa4, 0x83, 0x3a, 0x04, 0x23, 0x06, 0xc6, 0x11, 0x82,
    0x60, 0x80, 0x06, 0xf9, 0xd5, 0x5e, 0xec, 0x35, 0x6c, 0x40, 0xe4, 0x82, 0xea, 0x0c, 0xc0, 0xb0,
    0x01, 0x81, 0x0b, 0xbc, 0x30, 0x00, 0x23, 0x06, 0xc6, 0x11, 0x82, 0x60, 0x80, 0x06, 0xf9, 0xd5,
    0x5e, 0xec, 0x35, 0xcb, 0x10, 0x0f, 0xf2, 0x60, 0x0b, 0xd4, 0x4a, 0xc0, 0xa0, 0x56, 0x02, 0xc6,
    0x88, 0x81, 0x71, 0x84, 0x20, 0x18, 0xa0, 0xc1, 0x7e, 0xbd, 0x97, 0x7b, 0xcd, 0x32, 0xd4, 0x83,
    0x3d, 0xcc, 0xcf, 0x40, 0x85, 0x96, 0xd1, 0x83, 0x5c, 0xc0, 0xc3, 0x70, 0x43, 0x40, 0x52, 0x62,
    0x30, 0xcb, 0x30, 0x0f, 0xf4, 0x10, 0x50, 0x2f, 0x00, 0xe3, 0x06, 0x93, 0x82, 0x0c, 0xc4, 0xe8,
    0xcf, 0xa0, 0x62, 0xa6, 0x15, 0x50, 0x00, 0x8c, 0x11, 0x83, 0x03, 0x09, 0x41, 0xb0, 0xf0, 0x0f,
    0x36, 0x00, 0xb1, 0x22, 0x18, 0x36, 0x20, 0xc6, 0x21, 0x18, 0x00, 0x12, 0x07, 0x60, 0xf4, 0x67,
    0x40, 0x31, 0xd5, 0x2a, 0x28, 0x00, 0xc6, 0x88, 0xc1, 0x81, 0x84, 0x20, 0x58, 0xf8, 0x07, 0x1b,
    0x90, 0xd8, 0x10, 0x0c, 0x1b, 0x10, 0xe6, 0x10, 0x0c, 0xc0, 0x2c, 0x01, 0x3d, 0x8c, 0x18, 0x18,
    0x47, 0x08, 0x82, 0x01, 0x1a, 0x9c, 0xd8, 0x7e, 0xe9, 0xd7, 0x31, 0xfa, 0x85, 0xc3, 0x0d, 0x0d,
    0x7f, 0x91, 0xc1, 0x2c, 0x43, 0x3c, 0xc8, 0x43, 0x30, 0x6c, 0x40, 0xf4, 0x12, 0x1b, 0x0c, 0xc0,
    0xb0, 0x01, 0xc1, 0x4b, 0x6b, 0x30, 0x00, 0xb3, 0x04, 0xf6, 0x30, 0x62, 0x60, 0x1c, 0x21, 0x08,
    0x06, 0x68, 0x90, 0x62, 0xfd, 0xc5, 0x5f, 0xb3, 0x04, 0xf7, 0x30, 0x50, 0x01, 0x78, 0xf6, 0xa0,
    0x9a, 0x41, 0x3a, 0x0c, 0x54, 0x00, 0x62, 0x60, 0x0f, 0xac, 0x19, 0xa4, 0xc3, 0x2c, 0x03, 0x3e,
    0xe4, 0xc3, 0x08, 0x25, 0x4d, 0x89, 0xd1, 0x01, 0x21, 0xad, 0x82, 0x11, 0x83, 0x03, 0x09, 0x41,
    0xb0, 0xf0, 0x0f, 0x36, 0x58, 0xb1, 0x37, 0x20, 0xa7, 0x11, 0x03, 0x03, 0x09, 0x41, 0xb0, 0xf0,
    0x0f, 0x37, 0x18, 0xb1, 0x00, 0x03, 0x39, 0x00, 0xff, 0x61, 0x03, 0x82, 0x08, 0x06, 0x60, 0x96,
    0x20, 0x1f, 0x52, 0x9c, 0xc6, 0x1d, 0x31, 0x30, 0x12, 0x10, 0x04, 0x03, 0x32, 0x38, 0xb1, 0xd7,
    0x0a, 0x46, 0x0c, 0x10, 0x05, 0x04, 0xc1, 0xa0, 0x0e, 0x50, 0x2c, 0xa8, 0xa9, 0xd7, 0x7a, 0xa7,
    0x59, 0x86, 0x7d, 0xd0, 0x87, 0x10, 0xba, 0x3d, 0xa2, 0x25, 0x99, 0x25, 0xe0, 0x87, 0xe1, 0x86,
    0x52, 0xd2, 0x29, 0x33, 0x18, 0x6e, 0xd8, 0x29, 0xff, 0x22, 0x83, 0xe1, 0x86, 0x57, 0x02, 0x31,
    0x30, 0xe8, 0xc6, 0x40, 0x66, 0xbb, 0x65, 0x0f, 0xc3, 0x0d, 0xb5, 0x24, 0x62, 0x61, 0x70, 0xa4,
    0xb4, 0x62, 0x84, 0x24, 0x16, 0x84, 0xc0, 0x70, 0x03, 0x39, 0x85, 0x95, 0x18, 0x0c, 0x37, 0xf4,
    0x92, 0x89, 0x99, 0x41, 0x57, 0x86, 0x31, 0x0b, 0x2f, 0x7e, 0x18, 0x31, 0x38, 0x90, 0x10, 0x04,
    0x0b, 0xff, 0x60, 0x03, 0x1d, 0xf3, 0x83, 0x79, 0x4a, 0x77, 0x1a, 0x77, 0xb8, 0x21, 0x9d, 0x54,
    0xcc, 0x0c, 0x86, 0x1b, 0x70, 0x69, 0xc5, 0xc0, 0x00, 0x6f, 0x09, 0xac, 0x40, 0xe0, 0x56, 0x89,
    0x9c, 0x64, 0xb8, 0xe1, 0x96, 0x5c, 0x2c, 0x0c, 0xa6, 0x1b, 0x40, 0x2a, 0x20, 0xee, 0x9d, 0xd8,
    0x4a, 0x86, 0x1b, 0xd8, 0x2a, 0xc6, 0xcc, 0xa0, 0x2b, 0xc3, 0x9c, 0xb1, 0xd7, 0x49, 0x8c, 0x18,
    0x18, 0x48, 0x08, 0x82, 0x81, 0x19, 0x84, 0x99, 0x2e, 0xd9, 0xd8, 0x70, 0x43, 0x40, 0x63, 0x66,
    0x70, 0xec, 0x64, 0x4f, 0x72, 0xed, 0x74, 0x4f, 0x72, 0xee, 0x84, 0x4f, 0x72, 0xef, 0x94, 0x4f,
    0x32, 0x4b, 0xe0, 0x0f, 0x03, 0x15, 0x1a, 0x1e, 0xe8, 0x03, 0x56, 0x1e, 0x17, 0xfc, 0x92, 0x0c,
    0x37, 0xec, 0xcf, 0x8e, 0x99, 0xc1, 0x2c, 0x43, 0x3f, 0xb4, 0x47, 0x30, 0xdc, 0x30, 0x4f, 0x3c,
    0x66, 0x06, 0xc3, 0x0d, 0xee, 0xd4, 0x63, 0x61, 0x30, 0xdc, 0x10, 0x4e, 0x3e, 0x66, 0x06, 0x28,
    0x4e, 0x73, 0x05, 0x02, 0xd3, 0x0d, 0x01, 0x98, 0x09, 0x27, 0x4e, 0x69, 0x46, 0x28, 0x66, 0x41,
    0x08, 0xcc, 0x12, 0xb8, 0xc7, 0x40, 0x85, 0x66, 0xca, 0xc1, 0x3e, 0x8c, 0x60, 0x50, 0x1e, 0x19,
    0x88, 0xd1, 0x35, 0x01, 0xb7, 0x02, 0x0a, 0xb4, 0x91, 0x81, 0x28, 0x5d, 0x13, 0x78, 0x2b, 0xa0,
    0x40, 0x1b, 0xb3, 0x0c, 0xff, 0x00, 0x12, 0x6c, 0x80, 0x44, 0x3c, 0x89, 0xc0, 0x2c, 0x41, 0x48,
    0xcc, 0x32, 0x90, 0xc4, 0x49, 0xb0, 0xc1, 0x40, 0x85, 0xe6, 0xb2, 0xc1, 0x3f, 0x5c, 0x23, 0x31,
    0xdc, 0x10, 0xbc, 0x19, 0x1a, 0xcc, 0x32, 0x88, 0xc4, 0x48, 0x04, 0x28, 0x0c, 0x20, 0x90, 0x81,
    0x28, 0xbd, 0x10, 0x76, 0x2b, 0xa0, 0xa0, 0x10, 0x69, 0x88, 0xd2, 0x91, 0xe1, 0xd5, 0x58, 0x2c,
    0x18, 0x36, 0x20, 0x82, 0x41, 0x00, 0x7a, 0x21, 0xf4, 0x56, 0x41, 0x41, 0x21, 0x3a, 0x32, 0xdc,
    0xda, 0x8b, 0x11, 0xc3, 0x06, 0x44, 0x20, 0x08, 0xc0, 0x2c, 0xc1, 0x48, 0xe0, 0x12, 0x5b, 0x20,
    0x30, 0xdc, 0x10, 0xf8, 0x13, 0x1a, 0xcc, 0x32, 0x84, 0x04, 0x48, 0x04, 0xb3, 0x0c, 0x26, 0x51,
    0x12, 0x78, 0x80, 0xd2, 0x9d, 0x89, 0xc0, 0x05, 0xb5, 0x05, 0x19, 0x88, 0xd1, 0x0b, 0x61, 0xbc,
    0x02, 0x0a, 0x0a, 0x31, 0x4b, 0x60, 0x12, 0x03, 0x15, 0x85, 0x50, 0x12, 0x6e, 0x1b, 0x90, 0xc4,
    0xb0, 0x01, 0xd1, 0x07, 0x81, 0x00, 0xcc, 0x12, 0x9c, 0xc4, 0x88, 0x81, 0x71, 0x84, 0x20, 0x18,
    0xa0, 0x81, 0xac, 0x99, 0x5a, 0xa9, 0x0d, 0x37, 0x6c, 0x72, 0x46, 0x06, 0xb3, 0x0c, 0x2a, 0x81,
    0x12, 0xc1, 0x2c, 0x43, 0x4a, 0xb4, 0x44, 0x29, 0x61, 0x06, 0x56, 0x22, 0x70, 0x81, 0x3f, 0xc1,
    0x05, 0x38, 0x25, 0xf8, 0xe5, 0x94, 0x08, 0xcc, 0x12, 0xb8, 0x44, 0x9f, 0x06, 0x5e, 0xeb, 0xb1,
    0x8f, 0x02, 0x60, 0xcc, 0x32, 0xac, 0x04, 0x4b, 0x80, 0x02, 0x8a, 0x01, 0x59, 0x89, 0xc0, 0x05,
    0xe2, 0x05, 0x19, 0x88, 0xd1, 0xa3, 0x41, 0xdc, 0xc4, 0x2c, 0xa0, 0x00, 0x18, 0xc3, 0x06, 0xc4,
    0x28, 0x04, 0x03, 0x30, 0x4b, 0xc0, 0x12, 0x23, 0x06, 0xc6, 0x11, 0x82, 0x60, 0x80, 0x06, 0xbe,
    0x26, 0x6b, 0xb1, 0x36, 0x4b, 0xe0, 0x13, 0x23, 0x06, 0xc6, 0x11, 0x82, 0x60, 0x80, 0x06, 0xbe,
    0x26, 0x6b, 0xb1, 0x36, 0xcb, 0x20, 0x13, 0x31, 0x01, 0x4b, 0x03, 0x15, 0x1a, 0xeb, 0x06, 0x29,
    0xb1, 0x07, 0x30, 0x71, 0x81, 0x02, 0x19, 0x88, 0xd2, 0x2d, 0x61, 0xc4, 0x02, 0x0a, 0x2c, 0x91,
    0x01, 0x80, 0xc3, 0x0d, 0x46, 0x4c, 0xa1, 0xc1, 0xbd, 0x42, 0xa0, 0xb3, 0x0c, 0x2f, 0x01, 0x13,
    0xc1, 0x70, 0xc3, 0x2b, 0x20, 0x66, 0x30, 0xdd, 0x00, 0x0b, 0xaf, 0x10, 0x5c, 0x90, 0x40, 0x06,
    0xa2, 0x74, 0x4b, 0x60, 0xb1, 0x80, 0x02, 0x4b, 0x64, 0x00, 0xa0, 0x05, 0xe0, 0x3f, 0x1d, 0x11,
    0x08, 0x88, 0x7f, 0x60, 0x94, 0x81, 0x40, 0x06, 0xa2, 0x74, 0x40, 0x58, 0xb1, 0x80, 0x02, 0x60,
    0x74, 0x40, 0x60, 0xb1, 0x81, 0x02, 0x60, 0xe0, 0x20, 0x89, 0x3f, 0x22, 0x82, 0xf8, 0x63, 0x20,
    0x80, 0xff, 0x2c, 0x01, 0x4c, 0x0c, 0x54, 0x00, 0xc2, 0x4b, 0xa8, 0x81, 0x4b, 0xe4, 0x26, 0x4a,
    0x1f, 0x86, 0x90, 0x03, 0xb5, 0x60, 0xd8, 0x80, 0x08, 0x86, 0x01, 0xb8, 0x4e, 0xc4, 0x60, 0xb8,
    0x21, 0xf8, 0x2b, 0x34, 0x98, 0x65, 0x70, 0x89, 0x96, 0x08, 0x06, 0x2a, 0x00, 0xb9, 0x0d, 0x5a,
    0x62, 0x92, 0x89, 0x61, 0x03, 0xc2, 0x37, 0x82, 0x01, 0x18, 0x31, 0x30, 0x8e, 0x10, 0x04, 0x03,
    0x34, 0xf0, 0x37, 0x79, 0x8b, 0xb7, 0x59, 0x86, 0x99, 0xa0, 0x89, 0xdd, 0x18, 0xa8, 0xd0, 0x26,
    0x99, 0x60, 0xe1, 0xa0, 0x25, 0x06, 0x2a, 0x80, 0x47, 0x26, 0xec, 0x36, 0x68, 0x89, 0x14, 0x44,
    0xe9, 0xc3, 0x20, 0x73, 0xa7, 0x16, 0x50, 0x00, 0x8c, 0x3e, 0x0c, 0x2a, 0x97, 0x6a, 0x03, 0x05,
    0xc0, 0xc0, 0x60, 0x10, 0x7f, 0x0c, 0x0e, 0xf0, 0xbf, 0xc4, 0xc5, 0x60, 0xb8, 0x21, 0x58, 0x2d,
    0x34, 0x98, 0x65, 0x90, 0x89, 0x98, 0x08, 0xa8, 0xb7, 0x80, 0x31, 0xcb, 0x70, 0x13, 0x3d, 0x11,
    0x0f, 0x03, 0x15, 0x5a, 0x64, 0x13, 0xb0, 0x13, 0x13, 0xc3, 0x0d, 0xc1, 0x8c, 0x89, 0xc1, 0x2c,
    0x43, 0x4d, 0xd8, 0x44, 0x70, 0x02, 0x8d, 0x41, 0x06, 0x62, 0xf4, 0x67, 0xc0, 0x39, 0x5a, 0x0b,
    0x28, 0x00, 0x06, 0xc1, 0x07, 0x30, 0x30, 0x10, 0xc0, 0x7f, 0xd8, 0x80, 0x90, 0x8f, 0x60, 0x00,
    0x66, 0x09, 0x6c, 0x62, 0xc4, 0xc0, 0x38, 0x42, 0x10, 0x0c, 0xd0, 0x40, 0xe6, 0x4c, 0xae, 0xe4,
    0x0e, 0x29, 0x39, 0x1c, 0x6e, 0x48, 0x4e, 0x8e, 0x0c, 0x66, 0x19, 0x66, 0x82, 0x26, 0x02, 0xd4,
    0x85, 0xde, 0x12, 0x81, 0x0b, 0x7a, 0x0c, 0x2e, 0x18, 0x2f, 0xb9, 0x20, 0xb4, 0xe0, 0x82, 0xdd,
    0x92, 0x59, 0x06, 0x9c, 0xc8, 0x89, 0x7f, 0x40, 0x71, 0xe0, 0x2d, 0x11, 0x98, 0x25, 0xd0, 0x89,
    0x81, 0x0a, 0x80, 0x7d, 0x83, 0x9b, 0x18, 0x05, 0x9e, 0x18, 0x36, 0x20, 0x40, 0x22, 0x18, 0x80,
    0x59, 0x82, 0x9e, 0x18, 0xa8, 0xd0, 0x5c, 0x3c, 0xc0, 0x89, 0x51, 0xe0, 0x89, 0x81, 0x0a, 0x00,
    0x7e, 0x03, 0x9c, 0xf8, 0x03, 0x9e, 0x38, 0xa1, 0x80, 0x0c, 0x44, 0xe9, 0x96, 0x30, 0x6a, 0x01,
    0x05, 0x96, 0xc8, 0x00, 0xc0, 0xe1, 0x86, 0xe3, 0xb5, 0xd0, 0xe0, 0x5a, 0x22, 0xd0, 0x59, 0x86,
    0x9d, 0xe0, 0x89, 0x60, 0xb8, 0xa1, 0x25, 0x12, 0x33, 0x98, 0x6e, 0x70, 0x89, 0x96, 0x08, 0x2e,
    0x48, 0x20, 0x03, 0x51, 0xba, 0x25, 0xb0, 0x5a, 0x40, 0x81, 0x25, 0x32, 0x00, 0xd0, 0x02, 0xf0,
    0x9f, 0x8e, 0x08, 0x04, 0xc4, 0x3f, 0x50, 0xa2, 0x40, 0x20, 0x03, 0x51, 0x3a, 0x20, 0xa4, 0x5a,
    0x40, 0x01, 0x30, 0x3a, 0x20, 0xa8, 0xda, 0x40, 0x01, 0x30, 0x70, 0x90, 0xc4, 0x1f, 0x11, 0x41,
    0xfc, 0x31, 0x10, 0xc0, 0x7f, 0x96, 0x80, 0x27, 0x06, 0x2a, 0x00, 0x61, 0x27, 0xd4, 0x40, 0x27,
    0x92, 0x13, 0xa3, 0x0f, 0x43, 0xea, 0xf9, 0x5b, 0x40, 0x01, 0x30, 0x30, 0x20, 0xc4, 0x1f, 0x83,
    0x0f, 0xfc, 0x31, 0x0c, 0xde, 0x0e, 0x06, 0x86, 0x1b, 0x02, 0x10, 0x03, 0x83, 0x59, 0x86, 0x9c,
    0xd0, 0x89, 0x60, 0xc4, 0xc0, 0x38, 0x42, 0x10, 0x0c, 0xd0, 0xc0, 0xef, 0xe4, 0x2e, 0xee, 0x66,
    0x09, 0x7c, 0x62, 0xa0, 0x02, 0x60, 0x0d, 0x96, 0x50, 0x87, 0x9e, 0xc0, 0x00, 0xc4, 0xc4, 0x1f,
    0x83, 0xf1, 0x08, 0xff, 0x11, 0x03, 0x03, 0x09, 0x41, 0xb0, 0xf0, 0x0f, 0x37, 0xe0, 0xbb, 0x00,
    0x03, 0xb3, 0x20, 0xff, 0x11, 0x03, 0x23, 0x01, 0x41, 0x30, 0x20, 0x83, 0xbc, 0xe3, 0x33, 0xb3,
    0x18, 0x31, 0x40, 0x16, 0x10, 0x04, 0x83, 0x3a, 0xd0, 0x3b, 0xb3, 0x38, 0x35, 0x3e, 0x0b, 0xb3,
    0x6e, 0x09, 0xe8, 0x86, 0x12, 0x14, 0x58, 0x22, 0x03, 0x00, 0xbb, 0x25, 0x84, 0xdb, 0x4a, 0x50,
    0x60, 0x89, 0x0c, 0x00, 0x1c, 0x6e, 0x60, 0x89, 0x58, 0x33, 0x83, 0x59, 0x86, 0x9f, 0x00, 0x8b,
    0x00, 0x61, 0x22, 0xc6, 0x44, 0x00, 0x63, 0xc2, 0xee, 0x44, 0xa0, 0x6b, 0xc2, 0xad, 0xd1, 0x04,
    0xce, 0x04, 0x88, 0x89, 0xc0, 0x95, 0x05, 0x4d, 0x08, 0x1e, 0x8a, 0xf8, 0xcf, 0x12, 0x84, 0xc5,
    0x40, 0x05, 0x80, 0xcb, 0x81, 0x4f, 0x84, 0x8b, 0x68, 0x0c, 0x1b, 0x10, 0x71, 0x12, 0x0c, 0xc0,
    0x88, 0x81, 0x71, 0x84, 0x20, 0x18, 0xa0, 0x41, 0xec, 0x95, 0x1e, 0xe9, 0xcd, 0x32, 0x8c, 0x06,
    0x69, 0xb8, 0xc9, 0x40, 0x85, 0x26, 0xd7, 0xc1, 0x4f, 0x8c, 0x8c, 0x68, 0x0c, 0x54, 0x00, 0xbc,
    0x1c, 0xfc, 0x44, 0xaf, 0x88, 0xc6, 0x09, 0x09, 0x5c, 0xd0, 0x63, 0x32, 0xcb, 0x30, 0x16, 0x62,
    0x71, 0x17, 0x03, 0x15, 0x80, 0x38, 0x07, 0x61, 0xf1, 0x8d, 0x05, 0x1e, 0x81, 0xf8, 0x63, 0x90,
    0x81, 0x3f, 0x06, 0x39, 0x26, 0xfe, 0xb3, 0x04, 0x64, 0x31, 0x50, 0xa1, 0x65, 0x63, 0xa1, 0xf2,
    0x41, 0x58, 0x0c, 0x54, 0x00, 0xd5, 0x58, 0xb0, 0x73, 0x10, 0x16, 0x29, 0x88, 0xd1, 0x95, 0x81,
    0xfc, 0xc4, 0x2e, 0xa0, 0x00, 0x18, 0x58, 0x28, 0x20, 0x90, 0x81, 0x28, 0x1d, 0x13, 0x4c, 0x2e,
    0xa0, 0x00, 0x0b, 0x23, 0x06, 0x06, 0x12, 0x82, 0x60, 0xe1, 0x1f, 0x70, 0xb0, 0x7b, 0x01, 0x06,
    0x86, 0xf8, 0x63, 0xa0, 0x80, 0x3f, 0x32, 0xb8, 0x07, 0x03, 0xc3, 0x0d, 0x41, 0x9c, 0x81, 0xc1,
    0x2c, 0x83, 0x58, 0x8c, 0x45, 0x30, 0x50, 0xa1, 0x99, 0x7d, 0x20, 0x16, 0xf3, 0xd0, 0x16, 0x03,
    0x15, 0x00, 0x18, 0x88, 0xc5, 0x3b, 0xb4, 0x45, 0x0a, 0x62, 0x74, 0x63, 0xc8, 0x3f, 0xb8, 0x0b,
    0x28, 0x28, 0x44, 0x06, 0x9a, 0x0c, 0x37, 0x70, 0x01, 0x18, 0xcc, 0x32, 0x94, 0x45, 0x5b, 0x04,
    0x77, 0x8c, 0x01, 0x5c, 0xc0, 0x67, 0x72, 0x81, 0x8e, 0xc1, 0x05, 0x74, 0x26, 0xb3, 0x0c, 0x67,
    0x61, 0x16, 0xb3, 0x41, 0x66, 0xa0, 0x0d, 0x0c, 0xc4, 0x00, 0x04, 0x46, 0x0c, 0x0e, 0x24, 0x04,
    0xc1, 0x40, 0x0e, 0xd8, 0x2f, 0x00, 0x3f, 0xda, 0x98, 0x25, 0x38, 0x8b, 0x81, 0x0a, 0x4d, 0x30,
    0x0b, 0x7e, 0x29, 0x8b, 0x81, 0x0a, 0xcd, 0x94, 0x03, 0xb3, 0x90, 0xe7, 0xa0, 0x2c, 0x06, 0x2a,
    0x38, 0x14, 0x0f, 0xcc, 0x42, 0xcc, 0x83, 0xb2, 0x18, 0xa8, 0xe0, 0x50, 0x3c, 0x30, 0x0b, 0x31,
    0x0f, 0xca, 0x62, 0x96, 0x01, 0x2d, 0xd2, 0xe2, 0x37, 0x70, 0x20, 0x44, 0x60, 0x96, 0x40, 0x2d,
    0x06, 0x2a, 0x00, 0xb6, 0x0e, 0xce, 0xa2, 0x14, 0xd8, 0x02, 0x03, 0x3e, 0x13, 0xff, 0x59, 0x82,
    0xb6, 0x18, 0xa8, 0xd0, 0x60, 0x3f, 0x40, 0x8b, 0x51, 0x60, 0x8b, 0x81, 0x0a, 0x40, 0xae, 0x03,
    0xb4, 0xf8, 0x03, 0xb6, 0x38, 0xa1, 0x81, 0x0c, 0x44, 0xe9, 0x96, 0x30, 0x73, 0x01, 0x05, 0x96,
    0xc8, 0x00, 0xc0, 0xe1, 0x86, 0x03, 0xce, 0xd0, 0xe0, 0xdc, 0x23, 0xd0, 0x59, 0x86, 0xb5, 0x60,
    0x8b, 0x60, 0xb8, 0xc1, 0x3d, 0x12, 0x33, 0x98, 0x6e, 0x78, 0x0f, 0xf7, 0x08, 0x2e, 0x48, 0x20,
    0x03, 0x51, 0xba, 0x25, 0xf0, 0x5c, 0x40, 0x81, 0x25, 0x32, 0x00, 0xd0, 0x02, 0xf0, 0x9f, 0x8e,
    0x08, 0x04, 0xc4, 0x3f, 0x50, 0xaa, 0x40, 0x20, 0x03, 0x51, 0x3a, 0x20, 0x64, 0x01, 0x05, 0xc0,
    0xe8, 0x80, 0xa0, 0x0d, 0x14, 0x00, 0x03, 0x07, 0x49, 0xfc, 0x11, 0x11, 0xc4, 0x1f, 0x03, 0x01,
    0xfc, 0x67, 0x09, 0xd8, 0x62, 0xa0, 0x02, 0x10, 0xd6, 0x42, 0x0d, 0xd4, 0x22, 0x39, 0x31, 0xfa,
    0x30, 0xa8, 0x61, 0xf0, 0x7b, 0x01, 0x05, 0xc0, 0xc0, 0x80, 0x10, 0x7f, 0x0c, 0x3e, 0xf0, 0xc7,
    0x30, 0x80, 0xc1, 0x00, 0x06, 0x86, 0x1b, 0x82, 0x70, 0x03, 0x83, 0x59, 0x86, 0xb4, 0x50, 0x8b,
    0x60, 0xa0, 0x02, 0x40, 0x85, 0xb4, 0x70, 0x07, 0xb2, 0xc0, 0x3c, 0x98, 0xc1, 0x00, 0x06, 0x8e,
    0x0e, 0xfc, 0x8d, 0x87, 0x1b, 0xf6, 0xc0, 0x06, 0x03, 0x32, 0x98, 0x6e, 0x08, 0x42, 0x4e, 0x98,
    0x65, 0x20, 0x0b, 0xb7, 0x08, 0x66, 0x19, 0xde, 0xa2, 0x2f, 0xf8, 0x63, 0xa0, 0x42, 0x4b, 0x0b,
    0xbe, 0x00, 0x43, 0xc1, 0x2d, 0x06, 0x2a, 0x80, 0xb2, 0xe0, 0x0b, 0xc6, 0x2d, 0x52, 0x10, 0xa3,
    0x23, 0x03, 0x1c, 0x06, 0xed, 0x17, 0x50, 0x50, 0x88, 0x0c, 0x34, 0x19, 0x6e, 0xc8, 0x85, 0x00,
    0x0c, 0x66, 0x19, 0xe0, 0x82, 0x2f, 0x82, 0x3b, 0x7c, 0x01, 0x6e, 0x44, 0x02, 0x99, 0x65, 0x90,
    0x8b, 0xb8, 0x50, 0x11, 0x0a, 0x07, 0x6d, 0x60, 0xd0, 0x0b, 0x20, 0x30, 0x62, 0x70, 0x20, 0x21,
    0x08, 0x06, 0x72, 0x70, 0x86, 0x41, 0xb0, 0x83, 0xc1, 0x8b, 0xcc, 0x12, 0xc8, 0xc5, 0x40, 0x85,
    0x26, 0x3f, 0x70, 0x21, 0xc4, 0xc5, 0x40, 0x85, 0x86, 0xde, 0x01, 0x5c, 0xf0, 0x75, 0x10, 0x17,
    0x03, 0x15, 0x1c, 0xce, 0x07, 0x70, 0xe1, 0xef, 0x41, 0x5c, 0x0c, 0x54, 0x70, 0x38, 0x1f, 0xc0,
    0x85, 0xbf, 0x07, 0x71, 0x31, 0xcb, 0x30, 0x17, 0x74, 0xa1, 0x23, 0x38, 0x10, 0x22, 0x30, 0x4b,
    0x50, 0x17, 0x03, 0x15, 0x80, 0x98, 0x07, 0x72, 0xf1, 0x0f, 0x7b, 0x81, 0xc1, 0xbd, 0x89, 0xff,
    0x74, 0x03, 0xcb, 0x49, 0x35, 0x82, 0x42, 0x00, 0xfe, 0xb3, 0x04, 0x7c, 0x31, 0x50, 0xa1, 0xa9,
    0xa2, 0x30, 0x17, 0xf9, 0xb0, 0x17, 0x03, 0x15, 0x00, 0x9b, 0x07, 0x73, 0x51, 0x0f, 0x7b, 0x71,
    0x82, 0x8e, 0xc0, 0x05, 0x10, 0x64, 0x20, 0x4a, 0xb7, 0x84, 0xda, 0x0b, 0x28, 0xb0, 0x44, 0x06,
    0x00, 0x0e, 0x37, 0x20, 0xee, 0x86, 0x06, 0xc7, 0x26, 0x81, 0xce, 0x32, 0xd8, 0xc5, 0x5d, 0x04,
    0xc3, 0x0d, 0x6c, 0xa2, 0x98, 0xc1, 0x74, 0x43, 0x9b, 0xb0, 0x49, 0x70, 0x41, 0x02, 0x19, 0x88,
    0xd2, 0x2d, 0xc1, 0xf7, 0x02, 0x0a, 0x2c, 0x91, 0x01, 0x80, 0x16, 0x80, 0xff, 0x74, 0x44, 0x20,
    0x20, 0xfe, 0x81, 0x13, 0x06, 0x02, 0x19, 0x88, 0xd2, 0x01, 0x81, 0x0b, 0x28, 0x00, 0x46, 0x07,
    0x84, 0x6e, 0xa0, 0x00, 0x18, 0x38, 0x48, 0xe2, 0x8f, 0x88, 0x20, 0xfe, 0x18, 0x08, 0xe0, 0x3f,
    0x4b, 0x70, 0x17, 0x03, 0x15, 0x80, 0x60, 0x17, 0x6a, 0x50, 0x17, 0xb3, 0x0c, 0x78, 0xb1, 0x17,
    0x74, 0x72, 0x1b, 0x4a, 0x40, 0x06, 0xa2, 0x74, 0x4b, 0xd0, 0xbf, 0x80, 0x02, 0x4b, 0x64, 0x00,
    0xe0, 0x2c, 0x43, 0x5e, 0xe8, 0x45, 0x36, 0xdc, 0x40, 0x2a, 0x62, 0x60, 0x06, 0xd3, 0x0d, 0xa5,
    0x42, 0x2a, 0xc1, 0x05, 0x07, 0x64, 0x20, 0x4a, 0xb7, 0x84, 0x10, 0x0c, 0x02, 0x0a, 0x2c, 0x91,
    0x01, 0x80, 0x16, 0x80, 0xff, 0x74, 0x44, 0x20, 0x20, 0xfe, 0x81, 0x6b, 0x00, 0x07, 0x20, 0x90,
    0x81, 0x28, 0x1d, 0x10, 0xe8, 0x20, 0xa0, 0x00, 0x18, 0x1d, 0x10, 0xea, 0x60, 0xa0, 0x00, 0x18,
    0x38, 0x40, 0xe2, 0x8f, 0x88, 0x20, 0xfe, 0x18, 0x08, 0xe0, 0x3f, 0x4b, 0xa0, 0x17, 0x03, 0x15,
    0x80, 0x90, 0x17, 0x66, 0x80, 0x17, 0x18, 0x64, 0xe0, 0x3f, 0x4b, 0xb0, 0x17, 0x03, 0x15, 0x80,
    0xa0, 0x17, 0x74, 0x70, 0x17, 0x79, 0x07, 0x62, 0xf4, 0x61, 0x10, 0xc9, 0xe0, 0x0e, 0x83, 0x80,
    0x02, 0x60, 0x60, 0x40, 0x88, 0x3f, 0x06, 0x7a, 0x00, 0xfe, 0xc8, 0x07, 0xe8, 0x18, 0xc0, 0xc0,
    0x70, 0x43, 0x90, 0x77, 0x60, 0x30, 0xcb, 0x40, 0x17, 0x75, 0x11, 0x0c, 0x54, 0x00, 0xfe, 0x40,
    0x17, 0x64, 0xf1, 0x16, 0x48, 0x0b, 0xeb, 0x18, 0xc0, 0xc0, 0xbd, 0x82, 0xed, 0xf1, 0x70, 0x83,
    0x30, 0x2b, 0x68, 0x30, 0xdd, 0x10, 0xe4, 0x9e, 0x30, 0xcb, 0xf0, 0x16, 0x7d, 0x11, 0x0c, 0x54,
    0x00, 0x7a, 0xe1, 0x16, 0x0a, 0x5f, 0x60, 0x00, 0x36, 0xe1, 0x3f, 0x62, 0x60, 0x20, 0x21, 0x08,
    0x16, 0xfe, 0xe1, 0x06, 0xf9, 0x18, 0x04, 0x18, 0x8c, 0x0b, 0xf9, 0x63, 0xe0, 0x16, 0xe0, 0x3f,
    0xcb, 0xe0, 0x17, 0x7f, 0x31, 0x2e, 0x28, 0xf0, 0x85, 0xf8, 0xcf, 0x12, 0x80, 0xc6, 0x70, 0x43,
    0x5c, 0x84, 0x60, 0x80, 0x06, 0xb3, 0x0c, 0xa1, 0x21, 0x1a, 0xc1, 0x40, 0x85, 0x76, 0x81, 0x86,
    0x6f, 0x0a, 0x7e, 0x81, 0x01, 0x5c, 0x80, 0x40, 0x06, 0xa2, 0x74, 0x4c, 0x60, 0xc3, 0x20, 0xa0,
    0x00, 0x0b, 0x23, 0x06, 0x06, 0x12, 0x82, 0x60, 0xe1, 0x1f, 0x70, 0x10, 0x92, 0x41, 0x80, 0x48,
    0x20, 0xfe, 0x79, 0x88, 0xd1, 0x95, 0x81, 0xf7, 0x62, 0x31, 0x08, 0x28, 0x00, 0x06, 0x12, 0x01,
    0xf8, 0x0f, 0x1b, 0x10, 0x43, 0x30, 0x00, 0xb8, 0x84, 0x64, 0x00, 0x03, 0xc3, 0x0d, 0x81, 0xee,
    0x81, 0xc1, 0x2c, 0xc3, 0x5f, 0x80, 0x46, 0x90, 0x7f, 0x21, 0x4a, 0x1f, 0x86, 0xb0, 0x0c, 0x6e,
    0x31, 0x08, 0x86, 0x0d, 0x88, 0x60, 0x1a, 0x80, 0x59, 0x02, 0xd1, 0xc0, 0xd0, 0xc8, 0xc1, 0x00,
    0x04, 0x86, 0x1b, 0x02, 0x5b, 0x41, 0x83, 0x59, 0x86, 0xb0, 0x00, 0x8b, 0x60, 0x96, 0xe1, 0x34,
    0x50, 0x83, 0xe5, 0x06, 0x2a, 0xb4, 0xc8, 0x34, 0xc8, 0x0f, 0x2c, 0x86, 0x1b, 0x82, 0x1e, 0x0c,
    0xc4, 0x60, 0x96, 0xa1, 0x34, 0x4c, 0x23, 0x38, 0xc1, 0x07, 0x03, 0xc8, 0x40, 0x8c, 0xfe, 0x0c,
    0x62, 0x19, 0xf8, 0x62, 0x10, 0x50, 0x00, 0x0c, 0xd2, 0x1f, 0x60, 0x60, 0x20, 0x80, 0xff, 0xb0,
    0x01, 0xc1, 0x3f, 0xc1, 0x00, 0xcc, 0x12, 0x98, 0xc6, 0x88, 0x81, 0x71, 0x84, 0x20, 0x18, 0xa0,
    0x01, 0x4f, 0x06, 0x30, 0x19, 0xbc, 0x64, 0x70, 0xc8, 0x4b, 0x06, 0x38, 0xdc, 0x90, 0xc4, 0x64,
    0x40, 0x06, 0xb3, 0x0c, 0xa3, 0x41, 0x1a, 0x01, 0xc9, 0x1f, 0x30, 0x86, 0x0d, 0x88, 0xb5, 0x0c,
    0x82, 0x01, 0x98, 0x25, 0x40, 0x8d, 0x11, 0x03, 0xe3, 0x08, 0x41, 0x30, 0x40, 0x83, 0x9f, 0x0c,
    0x66, 0x32, 0x90, 0xc9, 0x60, 0x96, 0x61, 0x35, 0x52, 0x23, 0x64, 0x46, 0x0c, 0x8c, 0x23, 0x04,
    0xc1, 0x00, 0x0d, 0x7e, 0x32, 0x98, 0xc9, 0x40, 0x26, 0x83, 0x59, 0x06, 0xd5, 0x70, 0x0d, 0x93,
    0x99, 0x65, 0x68, 0x0d, 0xd6, 0xd0, 0x97, 0x81, 0x0a, 0xed, 0x59, 0x0d, 0x1b, 0x15, 0x50, 0x23,
    0x03, 0x31, 0xba, 0x32, 0xc8, 0xdf, 0x39, 0x06, 0x01, 0x05, 0xc0, 0x38, 0xe2, 0x5f, 0x20, 0x03,
    0x31, 0x7a, 0x33, 0xc0, 0x65, 0xb0, 0x8e, 0x41, 0x30, 0x6c, 0x40, 0x04, 0xc4, 0x00, 0xe0, 0x91,
    0x93, 0x01, 0x0c, 0x0c, 0x37, 0x04, 0xf2, 0x07, 0x06, 0xb3, 0x0c, 0xa9, 0xb1, 0x1a, 0xc1, 0x40,
    0x05, 0x80, 0x82, 0x82, 0x6a, 0x44, 0xad, 0x31, 0x6c, 0x40, 0x8c, 0x4c, 0x30, 0x00, 0xb3, 0x04,
    0xae, 0x31, 0x50, 0xa1, 0x45, 0xad, 0xa1, 0xa6, 0x82, 0x6a, 0x0c, 0x54, 0x00, 0x4d, 0x6b, 0xb0,
    0xa0, 0xa0, 0x1a, 0x28, 0xd8, 0x9f, 0x08, 0x5c, 0x40, 0x87, 0x01, 0x64, 0x20, 0x46, 0x6f, 0x86,
    0xbc, 0x0c, 0xe8, 0x31, 0x08, 0x28, 0x00, 0x06, 0x06, 0x06, 0xf8, 0x23, 0x42, 0x96, 0x01, 0x0c,
    0x0c, 0x37, 0x04, 0x79, 0x18, 0x80, 0xc1, 0x2c, 0x03, 0x6b, 0xb4, 0x46, 0x30, 0x62, 0x60, 0x1c,
    0x21, 0x08, 0x06, 0x68, 0x30, 0x97, 0xc1, 0x59, 0x06, 0x66, 0x19, 0xd0, 0x5f, 0x06, 0xc0, 0xc0,
    0x40, 0x3e, 0xc0, 0x7f, 0x96, 0xe1, 0x35, 0x60, 0xe3, 0xec, 0x6e, 0x65, 0xf6, 0x45, 0x8e, 0x5f,
    0xfe, 0x4f, 0x66, 0x09, 0x66, 0x63, 0xc4, 0xc0, 0x38, 0x42, 0x10, 0x0c, 0xd0, 0xe0, 0x2e, 0x83,
    0xb5, 0x0c, 0xd4, 0x32, 0x98, 0x65, 0x90, 0x8d, 0xd8, 0x78, 0x19, 0xec, 0x17, 0xff, 0x13, 0x81,
    0xf3, 0x97, 0x10, 0x0c, 0x64, 0x96, 0xc0, 0x36, 0xf0, 0x5f, 0xd8, 0x4f, 0x04, 0x10, 0x64, 0x42,
    0x30, 0x10, 0x81, 0x0b, 0x19, 0x12, 0x0c, 0x64, 0x96, 0xe0, 0x36, 0x06, 0x2a, 0x34, 0x58, 0x15,
    0x5e, 0x63, 0x0c, 0x68, 0x63, 0xa0, 0x42, 0x53, 0x49, 0xe1, 0x35, 0x3e, 0xda, 0xb8, 0xa0, 0x67,
    0xe0, 0x02, 0x05, 0x32, 0x10, 0xa5, 0x5b, 0x82, 0x38, 0x06, 0x01, 0x05, 0x96, 0xc8, 0x00, 0x40,
    0x84, 0x02, 0xf1, 0xcf, 0x44, 0x8c, 0x9e, 0x0f, 0x38, 0x18, 0xb0, 0x64, 0x10, 0x50, 0x00, 0x0c,
    0x24, 0x02, 0xf0, 0x9f, 0x65, 0xa8, 0x0d, 0xda, 0x58, 0x9b, 0x81, 0x0a, 0x40, 0x15, 0x85, 0xd9,
    0x58, 0x83, 0xda, 0xc0, 0x40, 0x44, 0xc4, 0x1f, 0x83, 0x01, 0xfc, 0x87, 0x0d, 0x08, 0x23, 0x18,
    0x00, 0x7c, 0x66, 0x31, 0x00, 0x01, 0x8c, 0x40, 0x33, 0x80, 0x81, 0xe1, 0x06, 0x21, 0x06, 0x03,
    0x34, 0x18, 0x6e, 0x98, 0x40, 0x33, 0x20, 0x83, 0xe9, 0x86, 0xc0, 0x0d, 0x03, 0x61, 0x96, 0x61,
    0x36, 0x60, 0x23, 0x18, 0xa8, 0xd0, 0xba, 0xda, 0xd0, 0x57, 0x61, 0x36, 0x06, 0x2a, 0x80, 0xac,
    0x36, 0x78, 0x51, 0x98, 0x8d, 0x14, 0xc4, 0xe8, 0xca, 0x10, 0x9e, 0x81, 0x4e, 0x06, 0x01, 0x05,
    0xc0, 0xb8, 0x02, 0x0c, 0xe0, 0xda, 0x26, 0x90, 0xd3, 0x02, 0xc8, 0x40, 0x94, 0x6e, 0x09, 0xfd,
    0x18, 0x04, 0x14, 0x58, 0x22, 0x03, 0x00, 0x11, 0x09, 0xc4, 0x1f, 0x03, 0x06, 0xfc, 0xd1, 0x91,
    0xcd, 0x00, 0x06, 0x86, 0x1b, 0x82, 0x35, 0x0c, 0xc0, 0x60, 0x96, 0x81, 0x36, 0x6a, 0x23, 0x18,
    0xa8, 0xd0, 0x64, 0x21, 0x36, 0x58, 0x81, 0x3c, 0x06, 0x2a, 0x34, 0x5b, 0x88, 0x0d, 0x58, 0x20,
    0x8f, 0x11, 0x03, 0xe3, 0x08, 0x41, 0x30, 0x40, 0x83, 0xf1, 0x0c, 0x6e, 0x33, 0xb0, 0xcd, 0x00,
    0xd3, 0xc6, 0x35, 0x03, 0x11, 0x38, 0xbc, 0x51, 0x1b, 0x99, 0x25, 0x30, 0x8f, 0x81, 0x0a, 0x4d,
    0x6c, 0x05, 0xd9, 0x18, 0x0b, 0xf2, 0xc8, 0x40, 0x8c, 0x8e, 0x0c, 0xf5, 0x19, 0xb4, 0x65, 0x10,
    0x50, 0x50, 0x88, 0x0c, 0x34, 0x19, 0x6e, 0x10, 0xe0, 0x31, 0x30, 0x83, 0x59, 0x06, 0xdc, 0x20,
    0x8f, 0x60, 0xb8, 0xc1, 0x6d, 0x04, 0x33, 0x18, 0x6e, 0x20, 0xe2, 0x31, 0x20, 0x83, 0x0b, 0x04,
    0x9d, 0x65, 0xc8, 0x0d, 0xf2, 0x08, 0x66, 0x19, 0x76, 0x83, 0x37, 0x58, 0x67, 0x84, 0xc2, 0xff,
    0xff, 0xff, 0xff, 0x07, 0x2d, 0x3c, 0x03, 0x60, 0x18, 0x6e, 0x08, 0x74, 0x33, 0x00, 0x83, 0x59,
    0x06, 0xde, 0xd8, 0x8d, 0x60, 0xa0, 0x42, 0x23, 0x74, 0x03, 0x6f, 0x85, 0xdc, 0xc8, 0x40, 0x8c,
    0x6e, 0x0c, 0x21, 0x1a, 0xe0, 0x65, 0x10, 0x50, 0x50, 0x88, 0xe1, 0x86, 0x80, 0x01, 0x83, 0x59,
    0x06, 0xf2, 0xd0, 0x8d, 0x20, 0x1b, 0x51, 0xfa, 0x30, 0x98, 0x68, 0xc0, 0x97, 0x41, 0x40, 0x01,
    0x30, 0x6e, 0xfa, 0x03, 0x38, 0xd7, 0x09, 0x04, 0x83, 0xdc, 0x01, 0x81, 0x59, 0x06, 0xdf, 0xe8,
    0x8d, 0xdc, 0x99, 0x65, 0x18, 0x0f, 0xf2, 0x68, 0xbf, 0x0b, 0x05, 0x09, 0x2e, 0x28, 0xc5, 0x40,
    0x66, 0x19, 0x7e, 0x83, 0x3c, 0xde, 0x6f, 0xa0, 0x42, 0x1b, 0x83, 0xf0, 0x90, 0x5d, 0xc1, 0x37,
    0x06, 0x2a, 0xb4, 0x2f, 0x3c, 0x58, 0x54, 0xf0, 0x8d, 0x59, 0x06, 0xf0, 0x08, 0x8f, 0xf0, 0xb9,
    0xc0, 0x77, 0x60, 0x96, 0x40, 0x3c, 0x06, 0x2a, 0x00, 0xbc, 0x14, 0x7e, 0xa3, 0x14, 0xc4, 0x03,
    0x83, 0x3c, 0x11, 0x7f, 0x24, 0x10, 0x10, 0xc8, 0x40, 0x94, 0x6e, 0x09, 0x39, 0x19, 0x04, 0x14,
    0x58, 0x22, 0x03, 0x00, 0x31, 0x30, 0xc2, 0x1f, 0x83, 0x48, 0xfc, 0x93, 0x11, 0xa3, 0xe7, 0x03,
    0x2f, 0x06, 0xb0, 0x19, 0x04, 0x14, 0x00, 0x03, 0x89, 0x00, 0xfc, 0x87, 0x0d, 0x88, 0x21, 0x18,
    0x00, 0x7c, 0x68, 0x32, 0x00, 0x01, 0x8c, 0x42, 0x34, 0x80, 0x81, 0xe1, 0x06, 0x41, 0x16, 0x03,
    0x34, 0x18, 0x6e, 0x98, 0x42, 0x34, 0x20, 0x83, 0xe9, 0x86, 0xe0, 0x1d, 0x03, 0x61, 0x96, 0xe1,
    0x37, 0xc8, 0x23, 0x18, 0xa8, 0xd0, 0xc6, 0x40, 0x3c, 0xf8, 0x57, 0x00, 0x8f, 0x81, 0x0a, 0xe0,
    0x13, 0x0f, 0xdf, 0x14, 0xc0, 0x03, 0x05, 0x0c, 0x04, 0x32, 0x10, 0xa5, 0x63, 0x02, 0x5f, 0x06,
    0x01, 0x05, 0x58, 0x18, 0x31, 0x30, 0x90, 0x10, 0x04, 0x0b, 0xff, 0x80, 0x83, 0x18, 0x0d, 0x02,
    0x0c, 0x68, 0x45, 0xfc, 0x0f, 0xf9, 0x05, 0x38, 0xf8, 0x09, 0xe4, 0xba, 0x00, 0x32, 0x10, 0xa5,
    0x5b, 0x42, 0x68, 0x06, 0x01, 0x05, 0x96, 0xc8, 0x00, 0x40, 0x44, 0x02, 0xf1, 0xc7, 0xe0, 0x01,
    0x7f, 0x8c, 0x6c, 0x34, 0x80, 0x81, 0xe1, 0x86, 0xe0, 0x1d, 0x03, 0x30, 0x98, 0x65, 0x08, 0x0f,
    0xf1, 0x08, 0x06, 0x2a, 0xb4, 0x6d, 0x3c, 0xc4, 0x58, 0xe8, 0x8d, 0x81, 0x0a, 0xed, 0x1a, 0x0f,
    0x5e, 0x15, 0x7a, 0x03, 0x83, 0x36, 0x00, 0x81, 0x0c, 0x44, 0xe9, 0x96, 0xe0, 0x97, 0x41, 0x40,
    0x81, 0x25, 0x32, 0x00, 0x10, 0xeb, 0x20, 0x10, 0xff, 0x44, 0xc4, 0xe8, 0xf9, 0x00, 0x92, 0x01,
    0x7d, 0x06, 0x01, 0x05, 0xc0, 0x40, 0x22, 0x00, 0xff, 0x61, 0x03, 0x62, 0x08, 0x06, 0x00, 0x17,
    0xbc, 0x0c, 0x40, 0x00, 0x9b, 0x32, 0x0d, 0x60, 0x60, 0xb8, 0x41, 0xb0, 0xc7, 0x00, 0x0d, 0x86,
    0x1b, 0x9e, 0x32, 0x0d, 0xc8, 0x60, 0xba, 0x21, 0x98, 0xc9, 0x40, 0x98, 0x65, 0x18, 0x0f, 0xf2,
    0x08, 0x30, 0x16, 0xd2, 0x34, 0x80, 0x81, 0xe1, 0x86, 0x00, 0x86, 0xc0, 0x60, 0x96, 0xc1, 0x36,
    0x6e, 0x23, 0x18, 0x31, 0x30, 0x8e, 0x10, 0x04, 0x03, 0x34, 0xc0, 0xd3, 0x80, 0x4d, 0x83, 0x35,
    0x0d, 0x46, 0x0c, 0x8c, 0x04, 0x04, 0xc1, 0x80, 0x0c, 0xf4, 0x34, 0x88, 0xcb, 0x60, 0x87, 0x30,
    0x84, 0xd6, 0x34, 0x80, 0x81, 0xe1, 0x86, 0xc0, 0x1f, 0x03, 0x30, 0x98, 0x65, 0xe0, 0x07, 0x7f,
    0x08, 0x06, 0x2a, 0x34, 0x56, 0x16, 0x6c, 0xe3, 0x1f, 0xd8, 0x23, 0x03, 0x31, 0xba, 0x31, 0xac,
    0x6a, 0x20, 0xa2, 0x41, 0x40, 0x41, 0x21, 0x32, 0xd0, 0x64, 0xb8, 0x41, 0x28, 0xcd, 0xc0, 0x0c,
    0x66, 0x19, 0xce, 0x83, 0x3d, 0x82, 0xe1, 0x86, 0x11, 0x12, 0xcc, 0x60, 0xb8, 0x81, 0x30, 0xcd,
    0x80, 0x0c, 0x2e, 0x10, 0x74, 0x96, 0x01, 0x3d, 0xd8, 0x23, 0x48, 0x43, 0x8c, 0x3e, 0x0c, 0xb4,
    0x1a, 0xa8, 0x68, 0x10, 0x50, 0x00, 0x8c, 0x63, 0xc6, 0x01, 0x6e, 0x87, 0x02, 0x39, 0x73, 0x50,
    0xe0, 0x02, 0x99, 0x0c, 0x64, 0x96, 0x21, 0x3d, 0xd8, 0x83, 0x0f, 0x83, 0x81, 0x0a, 0x2d, 0x0e,
    0xd4, 0x83, 0x9d, 0x05, 0xf4, 0x18, 0xa8, 0xd0, 0xda, 0x40, 0x3d, 0xcc, 0x56, 0x40, 0x8f, 0x0b,
    0xd6, 0x08, 0x66, 0x19, 0xd6, 0x43, 0x3d, 0xde, 0x68, 0xa0, 0x02, 0x90, 0x55, 0x21, 0x3d, 0x66,
    0x61, 0x3d, 0x4e, 0x50, 0x07, 0xc8, 0x40, 0x94, 0x6e, 0x09, 0xf1, 0x19, 0x04, 0x14, 0x58, 0x22,
    0x03, 0x00, 0xef, 0x60, 0x20, 0x03, 0x51, 0xba, 0x25, 0x9c, 0x67, 0x10, 0x50, 0x60, 0x89, 0x0c,
    0x00, 0xb4, 0x05, 0xfc, 0x31, 0x88, 0x19, 0xf1, 0xc7, 0x00, 0x09, 0x7f, 0x0c, 0x08, 0xf0, 0xc7,
    0xe0, 0x12, 0xff, 0x9c, 0xc4, 0xe8, 0xf9, 0x00, 0x97, 0x01, 0x99, 0x06, 0x01, 0x05, 0xc0, 0x40,
    0x22, 0x00, 0xff, 0x61, 0x03, 0x62, 0x08, 0x06, 0x00, 0x2d, 0xf4, 0x0c, 0x40, 0x00, 0xb1, 0x5a,
    0x0d, 0x60, 0x60, 0xb8, 0x41, 0x30, 0xcb, 0x00, 0x0d, 0x86, 0x1b, 0xb4, 0x5a, 0x0d, 0xc8, 0x60,
    0xba, 0x21, 0x18, 0xcd, 0x40, 0x98, 0x65, 0x48, 0x0f, 0xf6, 0x08, 0x06, 0x2a, 0xb4, 0x31, 0x58,
    0x0f, 0xb2, 0x16, 0xd2, 0x63, 0xa0, 0x02, 0xf8, 0xd6, 0xc3, 0x64, 0x85, 0xf4, 0x40, 0xe1, 0x03,
    0x81, 0x0c, 0x44, 0xe9, 0x98, 0x00, 0xa3, 0x41, 0x40, 0x01, 0x16, 0x46, 0x0c, 0x0c, 0x24, 0x04,
    0xc1, 0xc2, 0x3f, 0xe0, 0xa0, 0x5c, 0x83, 0x00, 0x03, 0xb4, 0x11, 0xff, 0x43, 0x5a, 0x02, 0x6e,
    0x94, 0x02, 0x39, 0x32, 0x08, 0x20, 0x03, 0x51, 0xba, 0x25, 0xd4, 0x68, 0x10, 0x50, 0x60, 0x89,
    0x0c, 0x00, 0x44, 0x24, 0x10, 0x7f, 0x0c, 0x1e, 0xf0, 0xc7, 0x48, 0x5d, 0x03, 0x18, 0x18, 0x6e,
    0x08, 0x46, 0x33, 0x00, 0x83, 0x59, 0x06, 0xf5, 0x58, 0x8f, 0x00, 0xff, 0x80, 0x5d, 0x03, 0x18,
    0x18, 0x6e, 0x08, 0xca, 0x35, 0x00, 0x83, 0x59, 0x86, 0xf2, 0x30, 0x8f, 0x80, 0x78, 0x4a, 0x1b,
    0xc3, 0x0d, 0x01, 0xba, 0x06, 0x61, 0x70, 0x25, 0x1a, 0x98, 0x68, 0xb0, 0xc3, 0x0d, 0x81, 0xba,
    0x06, 0x60, 0x70, 0xc1, 0xa0, 0xb3, 0x0c, 0xfd, 0x91, 0x27, 0xc1, 0x40, 0x85, 0x86, 0xdb, 0x42,
    0x3f, 0x84, 0x84, 0x7e, 0x0c, 0x54, 0x68, 0xba, 0x2d, 0xf4, 0xc3, 0xa0, 0x1f, 0x18, 0x80, 0x68,
    0x00, 0x03, 0x23, 0x06, 0x06, 0x12, 0x82, 0x60, 0x60, 0x06, 0xfd, 0x1a, 0x04, 0xaf, 0x18, 0x60,
    0x30, 0x84, 0xc0, 0x70, 0x43, 0xd0, 0xa2, 0x81, 0x19, 0xcc, 0x32, 0xbc, 0x07, 0x7c, 0x04, 0x23,
    0x06, 0x07, 0x12, 0x82, 0x60, 0xe1, 0x1f, 0x6c, 0x40, 0xb2, 0x01, 0x5a, 0xf5, 0x66, 0x30, 0x4b,
    0x20, 0x1f, 0x23, 0x06, 0xc6, 0x11, 0x82, 0x60, 0x80, 0x06, 0x27, 0x1b, 0xec, 0x6b, 0xa0, 0xaf,
    0xc1, 0x2c, 0x43, 0x7c, 0xe8, 0x47, 0x3e, 0x06, 0xc3, 0x0d, 0xc3, 0xbc, 0x06, 0x66, 0x70, 0x05,
    0x02, 0xb3, 0x04, 0xf8, 0x31, 0x50, 0xa1, 0x89, 0xb1, 0xf0, 0x1e, 0x1d, 0x7d, 0x60, 0x90, 0x80,
    0x00, 0x06, 0xae, 0x19, 0x88, 0x00, 0x06, 0xbe, 0x04, 0x02, 0xb3, 0x0c, 0xf3, 0x41, 0x1f, 0xbd,
    0x34, 0xdc, 0x30, 0xf0, 0x65, 0x80, 0x06, 0xd3, 0x0d, 0x84, 0x2e, 0x05, 0x18, 0xc8, 0x66, 0x20,
    0x02, 0xb3, 0x04, 0xf5, 0x31, 0x50, 0x01, 0xe0, 0xae, 0x20, 0x1f, 0xb3, 0x70, 0x1f, 0x18, 0xc8,
    0x66, 0x20, 0xfe, 0x18, 0xd4, 0x55, 0xf8, 0x8f, 0x18, 0x18, 0x48, 0x08, 0x82, 0x85, 0x7f, 0xb8,
    0x81, 0xcb, 0x06, 0x01, 0x06, 0x0e, 0xf9, 0x27, 0x23, 0x4a, 0x0f, 0x06, 0xb4, 0x0d, 0x78, 0x35,
    0x08, 0x86, 0x0d, 0x88, 0x60, 0x18, 0x80, 0x73, 0x7c, 0x34, 0x80, 0xe1, 0x86, 0x80, 0x42, 0x83,
    0x59, 0x06, 0xf9, 0x80, 0x8f, 0x60, 0xa0, 0x42, 0x53, 0x71, 0x61, 0x3e, 0x46, 0xe1, 0x3e, 0x06,
    0x2a, 0x00, 0xf6, 0x15, 0xe6, 0xe3, 0x0f, 0xee, 0xe3, 0x1e, 0x01, 0x32, 0x10, 0xa5, 0x5b, 0x82,
    0x9b, 0x06, 0x01, 0x05, 0x96, 0xc8, 0x00, 0xc0, 0xe1, 0x86, 0xa3, 0x35, 0x03, 0x34, 0x38, 0x78,
    0x0a, 0x74, 0x96, 0xc1, 0x3e, 0xee, 0x23, 0x18, 0x6e, 0x68, 0xa7, 0xc4, 0x0c, 0xa6, 0x1b, 0xdc,
    0xa9, 0x9d, 0x82, 0x0b, 0x12, 0xc8, 0x40, 0x94, 0x6e, 0x09, 0x77, 0x1a, 0x04, 0x14, 0x58, 0x22,
    0x03, 0x00, 0x2d, 0x00, 0xff, 0xe9, 0x88, 0x40, 0x40, 0xfc, 0x03, 0x25, 0x0e, 0x04, 0x32, 0x10,
    0xa5, 0x03, 0x02, 0x9f, 0x06, 0x01, 0x05, 0xc0, 0xe8, 0x80, 0xd0, 0xa7, 0xc1, 0x40, 0x01, 0x30,
    0x70, 0x90, 0xc4, 0x1f, 0x11, 0x41, 0xfc, 0x31, 0x10, 0xc0, 0x7f, 0x96, 0xe0, 0x3e, 0x06, 0x2a,
    0x00, 0xc1, 0x3e, 0xd4, 0xa0, 0x3e, 0x92, 0x13, 0xa3, 0x0f, 0xc3, 0xe9, 0x06, 0xfc, 0x1a, 0x04,
    0x14, 0x00, 0x03, 0x03, 0x42, 0xfc, 0x31, 0xf8, 0xc0, 0x1f, 0xc3, 0xa0, 0x6d, 0x03, 0x18, 0x18,
    0x6e, 0x08, 0xfc, 0x33, 0x00, 0x83, 0x59, 0x06, 0xfa, 0xa8, 0x8f, 0x60, 0xa0, 0x42, 0x83, 0x75,
    0x21, 0x3e, 0xae, 0xfd, 0x18, 0xa8, 0xd0, 0x54, 0x5a, 0x88, 0x8f, 0x69, 0x3f, 0x66, 0x19, 0xf2,
    0x63, 0x3f, 0xee, 0xe0, 0x02, 0x98, 0x82, 0x59, 0x02, 0xfe, 0x18, 0x31, 0x30, 0x8e, 0x10, 0x04,
    0x03, 0x34, 0xf8, 0xdb, 0x60, 0x6e, 0x03, 0xb9, 0x0d, 0x86, 0x1b, 0xfa, 0x60, 0x25, 0x03, 0x34,
    0x40, 0x50, 0xd8, 0xd3, 0x00, 0x04, 0x66, 0x19, 0xdc, 0xa3, 0x3d, 0x84, 0x81, 0x0a, 0x40, 0x8f,
    0x05, 0xfc, 0x78, 0x03, 0xfe, 0x48, 0x43, 0x8c, 0x9e, 0x0f, 0x35, 0x1a, 0xa4, 0x6c, 0x10, 0x50,
    0x00, 0x0c, 0x0c, 0x08, 0xf0, 0x1f, 0x36, 0x20, 0x86, 0x60, 0x00, 0x30, 0x69, 0xd5, 0x00, 0x04,
    0x70, 0xd1, 0xdb, 0x00, 0x06, 0x86, 0x1b, 0x84, 0x15, 0x0d, 0xd0, 0x60, 0xb8, 0xa1, 0xd1, 0xdb,
    0x80, 0x0c, 0xa6, 0x1b, 0x02, 0x34, 0x0d, 0x84, 0x59, 0x06, 0xfc, 0xd0, 0x8f, 0x60, 0xa0, 0x42,
    0xeb, 0xf8, 0xc3, 0xdd, 0x85, 0xfc, 0x18, 0xa8, 0x00, 0x32, 0xfe, 0x80, 0x65, 0x21, 0x3f, 0x52,
    0x10, 0xa3, 0x07, 0x03, 0xf8, 0x06, 0x34, 0x1b, 0x04, 0x14, 0x00, 0x03, 0x8b, 0x57, 0x80, 0x01,
    0x0c, 0x68, 0x34, 0x10, 0x81, 0xa3, 0x02, 0xc8, 0x40, 0x94, 0x6e, 0x09, 0xe4, 0x1a, 0x04, 0x14,
    0x58, 0x22, 0x03, 0x00, 0x11, 0x09, 0xc4, 0x1f, 0x03, 0x06, 0xfc, 0xd1, 0x61, 0xdd, 0x00, 0x06,
    0x86, 0x1b, 0x02, 0x59, 0x00, 0x83, 0x59, 0x86, 0xfd, 0xe0, 0x8f, 0x60, 0xb8, 0xc1, 0x47, 0x83,
    0xd3, 0x0d, 0xcc, 0x60, 0x96, 0xc1, 0x3f, 0xfe, 0x23, 0x18, 0xa8, 0xd0, 0x26, 0xff, 0x80, 0x79,
    0xa1, 0x3f, 0x06, 0x2a, 0xb4, 0xc7, 0x3f, 0x40, 0x5b, 0xe8, 0x8f, 0x14, 0xc4, 0xe8, 0x96, 0x60,
    0xb2, 0x41, 0x90, 0xc1, 0xb7, 0x14, 0x14, 0x22, 0x03, 0x2d, 0xce, 0x08, 0xf8, 0x02, 0x73, 0x0d,
    0x04, 0x13, 0xdc, 0x0d, 0x60, 0x60, 0xb8, 0x21, 0x48, 0xd3, 0x00, 0x0c, 0x66, 0x19, 0xfe, 0xc3,
    0x3f, 0x82, 0x81, 0x0a, 0x8d, 0xb6, 0x85, 0xfe, 0x30, 0xfc, 0xe3, 0x82, 0x74, 0x0d, 0x74, 0xc4,
    0xc0, 0x40, 0x42, 0x10, 0x2c, 0xfc, 0x43, 0x0d, 0xd0, 0x37, 0x08, 0x86, 0x0d, 0x08, 0x7a, 0x0d,
    0x82, 0x01, 0x18, 0x6e, 0xd8, 0xd1, 0xc0, 0x76, 0x03, 0x33, 0x98, 0x65, 0x00, 0x91, 0x12, 0x09,
    0xb2, 0xaf, 0x44, 0xe9, 0x96, 0xd0, 0xaf, 0x41, 0x80, 0x3e, 0x1a, 0xc0, 0x69, 0x20, 0x02, 0xc3,
    0x0d, 0x81, 0xee, 0x06, 0x66, 0x30, 0xcb, 0x10, 0x22, 0x22, 0x12, 0x0c, 0x54, 0x68, 0x53, 0x88,
    0xd8, 0xbd, 0x00, 0x22, 0x03, 0x15, 0xda, 0x13, 0x22, 0xe6, 0x2d, 0x80, 0x48, 0x0a, 0x62, 0x74,
    0x4b, 0x30, 0x82, 0x0c, 0xbe, 0xa5, 0xa0, 0x10, 0x19, 0x68, 0x71, 0x46, 0xc0, 0x17, 0xe4, 0x6b,
    0x20, 0x98, 0xac, 0x6f, 0x00, 0x03, 0xc3, 0x0d, 0x01, 0x03, 0x06, 0xb3, 0x0c, 0x22, 0x12, 0x22,
    0xc1, 0x40, 0x85, 0xa6, 0xdf, 0x02, 0x88, 0x18, 0x21, 0x72, 0x01, 0xbf, 0x06, 0x3a, 0x62, 0x60,
    0x20, 0x21, 0x08, 0x16, 0xfe, 0xa1, 0x06, 0xfb, 0x1b, 0x04, 0x1d, 0x10, 0x4e, 0x36, 0xa8, 0xd7,
    0x60, 0xd8, 0x80, 0x08, 0x84, 0x01, 0xe8, 0x96, 0xe0, 0xb2, 0xc1, 0x34, 0xcb, 0x30, 0x22, 0x24,
    0x12, 0x0d, 0x54, 0x68, 0xd3, 0x88, 0xd8, 0xbe, 0x20, 0x22, 0x03, 0x15, 0xda, 0x33, 0x22, 0x26,
    0x2e, 0x88, 0x48, 0x0a, 0x62, 0x74, 0x4b, 0x20, 0x82, 0x0c, 0xbe, 0xa5, 0xa0, 0x10, 0x19, 0x68,
    0x71, 0x46, 0xc0, 0x17, 0xa4, 0x6c, 0x20, 0x98, 0xec, 0x6f, 0x00, 0x03, 0xc3, 0x0d, 0x01, 0x07,
    0x06, 0xb3, 0x0c, 0x24, 0x32, 0x22, 0xc1, 0x40, 0x85, 0xa6, 0xe3, 0x82, 0x88, 0x18, 0x23, 0x72,
    0x01, 0xcb, 0x06, 0x3a, 0x62, 0x60, 0x20, 0x21, 0x08, 0x16, 0xfe, 0xa1, 0x06, 0x2b, 0x1c, 0x04,
    0x1d, 0x10, 0x6e, 0x36, 0x20, 0xd9, 0x60, 0xd8, 0x80, 0x08, 0x84, 0x01, 0x98, 0x25, 0x30, 0x91,
    0x0e, 0x08, 0x38, 0x1b, 0x98, 0x6c, 0x30, 0x6c, 0x40, 0x04, 0xe8, 0x1a, 0x0c, 0x40, 0x07, 0x84,
    0x9c, 0x0d, 0x4c, 0x36, 0x18, 0x36, 0x20, 0x82, 0x74, 0x0d, 0x06, 0x60, 0x96, 0xc0, 0x44, 0x66,
    0x19, 0x4e, 0x04, 0x45, 0x40, 0x34, 0xc8, 0xf1, 0x12, 0xe5, 0x70, 0x35, 0xd0, 0xd5, 0x40, 0x86,
    0x1b, 0x02, 0xff, 0x0d, 0xcc, 0x60, 0xb8, 0x81, 0x57, 0x83, 0xff, 0x0d, 0xcc, 0x60, 0xb8, 0xe1,
    0x54, 0x03, 0x10, 0x0e, 0xcc, 0xe0, 0x70, 0x35, 0x10, 0xd7, 0x40, 0xba, 0x25, 0xe0, 0x6d, 0x60,
    0x74, 0x4b, 0xc0, 0xdb, 0xe0, 0x98, 0x25, 0x48, 0x91, 0x81, 0x0a, 0xcd, 0xce, 0x05, 0x13, 0x59,
    0x07, 0x1c, 0x19, 0xa8, 0xd0, 0xf0, 0x5c, 0x30, 0x91, 0x91, 0xc0, 0x91, 0x81, 0x0a, 0x4d, 0xcf,
    0x05, 0x13, 0xe9, 0x09, 0x1c, 0x19, 0xa8, 0xd0, 0xf8, 0x5c, 0x30, 0x91, 0x9f, 0xc0, 0x91, 0x81,
    0x0a, 0xcd, 0xcf, 0x05, 0x13, 0xf9, 0x09, 0x1c, 0x19, 0xa8, 0xd0, 0x40, 0x5d, 0x30, 0x91, 0xf3,
    0xc0, 0x91, 0x81, 0x0a, 0x4d, 0xd4, 0x05, 0x13, 0x39, 0x0f, 0x1c, 0xb9, 0x03, 0x6c, 0x03, 0x1d,
    0x31, 0x30, 0x90, 0x10, 0x04, 0x0b, 0xff, 0x50, 0x83, 0x1f, 0x0e, 0x82, 0x0e, 0x08, 0x6b, 0x1b,
    0xdc, 0x6c, 0x30, 0x6c, 0x40, 0x04, 0xc2, 0x00, 0x5c, 0x32, 0xb6, 0x81, 0x8e, 0x18, 0x18, 0x48,
    0x08, 0x82, 0x85, 0x7f, 0xa8, 0x81, 0x18, 0x07, 0x41, 0x07, 0x04, 0xb7, 0x0d, 0xd2, 0x37, 0x18,
    0x36, 0x20, 0x02, 0x61, 0x00, 0x6e, 0x31, 0xdb, 0x40, 0x47, 0x0c, 0x0c, 0x24, 0x04, 0xc1, 0xc2,
    0x3f, 0xd4, 0xa0, 0x8c, 0x83, 0xa0, 0x03, 0x42, 0xdc, 0x06, 0x3c, 0x1b, 0x0c, 0x1b, 0x10, 0x81,
    0x30, 0x00, 0xd7, 0xa4, 0x6d, 0xa0, 0x23, 0x06, 0x06, 0x12, 0x82, 0x60, 0xe1, 0x1f, 0x6a, 0x80,
    0xc6, 0x41, 0xd0, 0x01, 0x81, 0x6e, 0x03, 0x9f, 0x0d, 0x86, 0x0d, 0x88, 0x40, 0x18, 0x80, 0x7b,
    0xd8, 0x36, 0xd0, 0x11, 0x03, 0x03, 0x09, 0x41, 0xb0, 0xf0, 0x0f, 0x35, 0x58, 0xe3, 0x20, 0xe8,
    0x80, 0x70, 0xb7, 0x01, 0xd8, 0x06, 0xc3, 0x06, 0x44, 0x20, 0x0c, 0xc0, 0x45, 0x6f, 0x1b, 0xe8,
    0x88, 0x81, 0x81, 0x84, 0x20, 0x58, 0xf8, 0x87, 0x1a, 0xb8, 0x71, 0x10, 0x74, 0x40, 0xd0, 0xdb,
    0x80, 0x7e, 0x83, 0x61, 0x03, 0x22, 0x10, 0x06, 0xe0, 0x26, 0xb9, 0x0d, 0x74, 0xc4, 0xc0, 0x40,
    0x42, 0x10, 0x2c, 0xfc, 0x43, 0x0d, 0xe2, 0x38, 0x08, 0x3a, 0x20, 0xf4, 0x6d, 0x50, 0xb6, 0xc1,
    0xb0, 0x01, 0x11, 0x08, 0x03, 0x30, 0x4b, 0xf0, 0x23, 0x03, 0x15, 0x1a, 0x28, 0x0e, 0x27, 0xd2,
    0x17, 0x38, 0x32, 0x50, 0xa1, 0xc1, 0xbb, 0x70, 0x22, 0x79, 0x81, 0x23, 0x03, 0x15, 0x9a, 0xbc,
    0x0b, 0x27, 0x52, 0x17, 0x38, 0x32, 0x50, 0xa1, 0xd1, 0xbb, 0x70, 0x22, 0xe9, 0x80, 0x23, 0x03,
    0x15, 0x9a, 0xbd, 0x0b, 0x27, 0x52, 0x0e, 0x38, 0x32, 0x50, 0xa1, 0xe1, 0xbb, 0x70, 0x22, 0xbf,
    0x80, 0x23, 0x03, 0x15, 0x9a, 0xbe, 0x0b, 0x27, 0x12, 0x0a, 0x38, 0x32, 0x50, 0xa1, 0xf1, 0xbb,
    0x70, 0x22, 0x65, 0x80, 0x23, 0x89, 0x88, 0xd1, 0x35, 0x81, 0x77, 0x83, 0x80, 0x02, 0x6d, 0x9c,
    0x1a, 0x04, 0x92, 0x81, 0x28, 0xdd, 0x12, 0xd6, 0x20, 0x98, 0x65, 0x50, 0x91, 0x15, 0x39, 0x87,
    0x81, 0x0a, 0x6d, 0x52, 0x11, 0x5e, 0x1c, 0x52, 0x64, 0xa0, 0x42, 0x7b, 0x54, 0x04, 0x4a, 0x91,
    0x14, 0xc4, 0xe8, 0x96, 0x40, 0x04, 0x19, 0x7c, 0x4b, 0x41, 0x21, 0x32, 0xd0, 0xe2, 0x8c, 0x80,
    0x2f, 0x60, 0xdd, 0x40, 0x30, 0xf1, 0xe3, 0x00, 0x06, 0x86, 0x1b, 0x82, 0x97, 0x0d, 0xc0, 0x60,
    0x96, 0x61, 0x45, 0x54, 0x24, 0x18, 0xa8, 0xd0, 0xc8, 0x20, 0x45, 0x0c, 0x15, 0xe9, 0x96, 0x70,
    0x07, 0xce, 0x2c, 0x03, 0x8b, 0xb4, 0x08, 0x3d, 0x0c, 0x54, 0x68, 0x13, 0x8b, 0xd8, 0xe3, 0xb0,
    0x22, 0x03, 0x15, 0xda, 0xc3, 0x22, 0x6c, 0xb0, 0x22, 0x29, 0x88, 0xd1, 0x2d, 0x81, 0x08, 0x32,
    0xf8, 0x96, 0x82, 0x42, 0x64, 0xa0, 0xc5, 0x19, 0x01, 0x5f, 0x90, 0xbb, 0x81, 0x60, 0xb2, 0xca,
    0x01, 0x0c, 0x0c, 0x37, 0x04, 0x3c, 0x1b, 0x80, 0xc1, 0x2c, 0x43, 0x8b, 0xb0, 0x48, 0x30, 0x50,
    0xa1, 0x81, 0xc2, 0x8a, 0x18, 0x2c, 0x72, 0xaa, 0xd0, 0x49, 0x06, 0xa2, 0x74, 0x4c, 0x18, 0xe1,
    0x20, 0x98, 0x65, 0x70, 0x91, 0x17, 0x61, 0x85, 0x81, 0x0a, 0x2d, 0x72, 0x11, 0x9a, 0x1c, 0x5a,
    0x64, 0xa0, 0x42, 0x6b, 0x5c, 0x84, 0x15, 0x5a, 0x24, 0x05, 0x31, 0x3a, 0x26, 0x10, 0x01, 0x05,
    0x58, 0xc8, 0x40, 0x8b, 0x2b, 0x02, 0xbe, 0xe0, 0x7c, 0x03, 0x41, 0x24, 0x97, 0x03, 0x18, 0x18,
    0x6e, 0x08, 0x6c, 0x01, 0x0c, 0x66, 0x19, 0x5e, 0xc4, 0x45, 0x82, 0x81, 0x0a, 0xcd, 0x17, 0x5a,
    0xc4, 0x70, 0x91, 0x59, 0x06, 0x18, 0x89, 0x11, 0x5b, 0xc0, 0x35, 0x90, 0xdb, 0x40, 0x04, 0x66,
    0x09, 0x66, 0x64, 0xa0, 0x42, 0x23, 0x87, 0x17, 0x69, 0x83, 0x1b, 0x19, 0xa8, 0xd0, 0xd0, 0xe1,
    0x45, 0x4a, 0xe1, 0x46, 0x66, 0x19, 0x64, 0x04, 0x47, 0x70, 0x01, 0xdd, 0xe0, 0x67, 0x03, 0x11,
    0x98, 0x25, 0xc8, 0x91, 0x81, 0x0a, 0x4d, 0x2e, 0x07, 0x18, 0x19, 0x85, 0x1b, 0x19, 0xa8, 0xd0,
    0xdc, 0x01, 0x46, 0xfe, 0xe0, 0x46, 0x06, 0x2a, 0x34, 0x77, 0x80, 0x91, 0x31, 0xb8, 0x91, 0x1b,
    0x0e, 0x38, 0x5e, 0x08, 0x04, 0x83, 0x52, 0x03, 0x81, 0x0c, 0x44, 0xe9, 0x96, 0x80, 0xc3, 0x41,
    0x30, 0xcb, 0x40, 0x23, 0x35, 0xa2, 0x13, 0x03, 0x15, 0xda, 0x44, 0x23, 0xa2, 0x39, 0xcc, 0xc8,
    0x40, 0x85, 0xf6, 0xd0, 0x88, 0x33, 0x23, 0x29, 0x88, 0xd1, 0x2d, 0x81, 0x08, 0x32, 0xf8, 0x96,
    0x82, 0x42, 0x64, 0xa0, 0xc5, 0x19, 0x01, 0x5f, 0xf0, 0xbf, 0x81, 0x60, 0x12, 0xcf, 0x01, 0x0c,
    0x0c, 0x37, 0x04, 0xa2, 0x1b, 0x80, 0xc1, 0x2c, 0x43, 0x8d, 0xd0, 0x48, 0x30, 0x50, 0xa1, 0x89,
    0xc1, 0x8c, 0x18, 0x34, 0xd2, 0x2d, 0x81, 0x8c, 0x03, 0x67, 0x96, 0xc1, 0x46, 0x6e, 0xe4, 0x2c,
    0x06, 0x2a, 0xb4, 0xc9, 0x46, 0x78, 0x73, 0xa8, 0x91, 0x81, 0x0a, 0xed, 0xb1, 0x11, 0x35, 0xa8,
    0x91, 0x14, 0xc4, 0xe8, 0x96, 0x40, 0x04, 0x19, 0x7c, 0x4b, 0x41, 0x21, 0x32, 0xd0, 0xe2, 0x8c,
    0x80, 0x2f, 0x60, 0xe1, 0x40, 0x30, 0xf1, 0xe7, 0x00, 0x06, 0x86, 0x1b, 0x82, 0xd7, 0x0d, 0xc0,
    0x60, 0x96, 0xe1, 0x46, 0x6c, 0x24, 0x18, 0xa8, 0xd0, 0xfc, 0xa0, 0x46, 0x0c, 0x1b, 0xc1, 0x30,
    0x08, 0xe9, 0x00, 0x06, 0x86, 0x1b, 0x02, 0xdc, 0x0d, 0xc0, 0x60, 0x96, 0x21, 0x46, 0x66, 0x24,
    0x18, 0xa8, 0xd0, 0xe8, 0x22, 0x46, 0xde, 0xa0, 0x47, 0x06, 0x2a, 0x34, 0xbc, 0x88, 0x91, 0x53,
    0xe8, 0x11, 0xf4, 0x85, 0x92, 0x0e, 0x60, 0x60, 0xb8, 0x21, 0xc0, 0xdd, 0x00, 0x0c, 0x66, 0x19,
    0x50, 0x24, 0x45, 0x82, 0x81, 0x0a, 0x0d, 0x44, 0x07, 0x19, 0x19, 0x85, 0x1e, 0x19, 0xa8, 0xd0,
    0x40, 0x43, 0x46, 0xfe, 0xa0, 0x47, 0x06, 0x2a, 0x34, 0xd0, 0x90, 0x91, 0x31, 0xe8, 0x91, 0x1b,
    0xd6, 0x00, 0x6e, 0x24, 0x02, 0xc1, 0x80, 0xdd, 0x40, 0x20, 0x03, 0x51, 0xba, 0x25, 0xc8, 0x71,
    0x10, 0xcc, 0x32, 0xe8, 0xc8, 0x8e, 0x84, 0xc6, 0x40, 0x85, 0x36, 0xe9, 0x08, 0x8c, 0x0e, 0x39,
    0x32, 0x50, 0xa1, 0x3d, 0x3a, 0xe2, 0xe4, 0x48, 0x0a, 0x62, 0x74, 0x4b, 0x20, 0x82, 0x0c, 0xbe,
    0xa5, 0xa0, 0x10, 0x19, 0x68, 0x71, 0x46, 0xc0, 0x17, 0x98, 0x71, 0x20, 0x98, 0xe0, 0x74, 0x00,
    0x03, 0xc3, 0x0d, 0x41, 0xfa, 0x06, 0x60, 0x30, 0xcb, 0xb0, 0x23, 0x3a, 0x12, 0x0c, 0x54, 0x68,
    0x62, 0x90, 0x23, 0x86, 0x8e, 0x74, 0x4b, 0xe8, 0xe3, 0xc0, 0x99, 0x65, 0xe0, 0x91, 0x1e, 0x71,
    0x8d, 0x81, 0x0a, 0x6d, 0xe2, 0x11, 0x35, 0x1d, 0x76, 0x64, 0xa0, 0x42, 0x7b, 0x78, 0x44, 0x0d,
    0x76, 0x24, 0x05, 0x31, 0xba, 0x25, 0x10, 0x41, 0x06, 0xdf, 0x52, 0x50, 0x88, 0x0c, 0xb4, 0x38,
    0x23, 0xe0, 0x0b, 0xe6, 0x38, 0x10, 0x4c, 0xca, 0x3a, 0x80, 0x81, 0xe1, 0x86, 0xc0, 0x7e, 0x03,
    0x30, 0x98, 0x65, 0xe8, 0x11, 0x1e, 0x09, 0x06, 0x2a, 0x34, 0x3f, 0xd8, 0x11, 0x83, 0x47, 0x30,
    0x0c, 0xd0, 0x3a, 0x80, 0x81, 0xe1, 0x86, 0x20, 0x7d, 0x03, 0x30, 0x98, 0x65, 0xc0, 0x91, 0x1c,
    0x09, 0x46, 0x0c, 0x0c, 0x24, 0x04, 0xc1, 0xc2, 0x3f, 0xd4, 0x60, 0xae, 0x03, 0xfe, 0x0d, 0x3a,
    0x20, 0x88, 0x72, 0x90, 0xc6, 0xc1, 0xb0, 0x01, 0x11, 0x08, 0x03, 0x30, 0x62, 0x60, 0x20, 0x21,
    0x08, 0x16, 0xfe, 0xa1, 0x06, 0x75, 0x1d, 0xa8, 0x6f, 0xd0, 0x01, 0x81, 0x94, 0x03, 0x35, 0x0e,
    0x86, 0x0d, 0x88, 0x40, 0x18, 0x80, 0x11, 0x03, 0x03, 0x09, 0x41, 0xb0, 0xf0, 0x0f, 0x35, 0xb8,
    0xeb, 0x40, 0x7d, 0x83, 0x0e, 0x08, 0xa6, 0x1c, 0xf8, 0x73, 0x30, 0x6c, 0x40, 0x04, 0xc2, 0x00,
    0x8c, 0x18, 0x18, 0x48, 0x08, 0x82, 0x85, 0x7f, 0xa8, 0x41, 0x5e, 0x07, 0x29, 0x1b, 0x74, 0x40,
    0x40, 0xe5, 0xa0, 0x8d, 0x83, 0x61, 0x03, 0x22, 0x10, 0x06, 0x60, 0x96, 0x41, 0x4c, 0xc6, 0xe4,
    0x6d, 0x83, 0x81, 0x0a, 0xcd, 0x56, 0x07, 0x14, 0xa9, 0xc2, 0x64, 0xb8, 0x21, 0x28, 0xe1, 0x00,
    0x0d, 0x66, 0x19, 0xc0, 0x24, 0x4c, 0x82, 0x14, 0xc4, 0xe8, 0x9a, 0x10, 0xce, 0x41, 0x40, 0x81,
    0x36, 0x46, 0x0c, 0x0c, 0x24, 0x04, 0xc1, 0xc2, 0x3f, 0xd4, 0x00, 0xb4, 0x83, 0x60, 0x96, 0x20,
    0x4c, 0x06, 0x32, 0x00, 0x01, 0x4c, 0xf8, 0x70, 0xf8, 0x11, 0xff, 0xc0, 0xa3, 0xad, 0x03, 0x18,
    0xc8, 0x40, 0x8c, 0x0e, 0x08, 0xb2, 0x1c, 0x04, 0xc3, 0x06, 0x44, 0x40, 0x0c, 0x00, 0x2a, 0x7c,
    0x1d, 0xc0, 0xc0, 0x70, 0x43, 0xc0, 0xd7, 0x01, 0x18, 0xcc, 0x32, 0xf8, 0xc8, 0x8f, 0x04, 0xa4,
    0xce, 0x81, 0x36, 0x32, 0x10, 0xa5, 0x6b, 0x42, 0x3b, 0x07, 0x01, 0x05, 0xda, 0x18, 0x31, 0x30,
    0x90, 0x10, 0x04, 0x0b, 0xff, 0x50, 0x83, 0xd5, 0x0e, 0x82, 0x6e, 0x09, 0xf5, 0x1c, 0x10, 0x14,
    0x58, 0x22, 0x03, 0x00, 0x67, 0x09, 0xc6, 0x64, 0xa0, 0x02, 0x40, 0xc4, 0x04, 0x17, 0x07, 0x1f,
    0x19, 0xc8, 0x00, 0x08, 0x31, 0xd1, 0xc5, 0xc1, 0x47, 0xfc, 0xa3, 0x03, 0xc2, 0x2f, 0x07, 0xa3,
    0x1c, 0x0c, 0x1b, 0x10, 0xc1, 0x30, 0x00, 0x1d, 0x10, 0xc0, 0x39, 0x18, 0xe5, 0x60, 0xd8, 0x80,
    0x08, 0x70, 0x38, 0x18, 0x80, 0x0e, 0x08, 0xe1, 0x1c, 0xe0, 0x74, 0x30, 0x6c, 0x40, 0x04, 0xc4,
    0x00, 0x8c, 0x18, 0x18, 0x48, 0x08, 0x82, 0x85, 0x7f, 0xa8, 0x01, 0x6d, 0x07, 0x63, 0x1c, 0x74,
    0x40, 0x18, 0xe7, 0xa0, 0x94, 0x83, 0x61, 0x03, 0x22, 0x10, 0x06, 0x60, 0xc4, 0xc0, 0x40, 0x42,
    0x10, 0x2c, 0xfc, 0x43, 0x0d, 0x6c, 0x3b, 0x68, 0xe1, 0xa0, 0x03, 0x42, 0x39, 0x07, 0xa6, 0x1c,
    0x0c, 0x1b, 0x10, 0x81, 0x30, 0x00, 0xc3, 0x0d, 0x3b, 0x1c, 0xa0, 0x76, 0x10, 0x06, 0xb3, 0x0c,
    0x64, 0x52, 0x26, 0x01, 0xdd, 0x73, 0x00, 0x8c, 0x59, 0x82, 0x32, 0x19, 0xc8, 0x00, 0x04, 0x32,
    0x71, 0xc7, 0x61, 0x4c, 0xfc, 0xa3, 0x03, 0x42, 0x3a, 0x07, 0xa9, 0x1c, 0x0c, 0x1b, 0x10, 0x81,
    0x30, 0x00, 0x1d, 0x10, 0xd4, 0x39, 0x00, 0xeb, 0x60, 0xd8, 0x80, 0x08, 0x48, 0x30, 0x18, 0x80,
    0x0e, 0x08, 0xeb, 0x1c, 0xa8, 0x72, 0x30, 0x6c, 0x40, 0x04, 0x24, 0x18, 0x0c, 0x40, 0x07, 0x04,
    0x76, 0x0e, 0x54, 0x39, 0x18, 0x36, 0x20, 0x82, 0xdc, 0x1b, 0x80, 0x0e, 0x08, 0xed, 0x1c, 0xa8,
    0x72, 0x30, 0x6c, 0x40, 0x04, 0xbb, 0x37, 0x00, 0xb3, 0x0c, 0x66, 0x72, 0x26, 0xb4, 0x1b, 0x0c,
    0x37, 0xf4, 0x70, 0x00, 0xdb, 0x01, 0x18, 0xcc, 0x12, 0xa0, 0xc9, 0x40, 0x05, 0x00, 0x92, 0x43,
    0x99, 0x94, 0x82, 0x9a, 0x0c, 0x54, 0x00, 0x20, 0x39, 0x94, 0x49, 0x29, 0xa8, 0xc9, 0x40, 0x05,
    0x40, 0x92, 0x43, 0x99, 0xac, 0x82, 0x9a, 0x0c, 0x54, 0x00, 0x24, 0x39, 0x94, 0xc9, 0x2a, 0xa8,
    0xc9, 0x40, 0x05, 0x80, 0x92, 0x43, 0x99, 0xc4, 0x82, 0x9a, 0x0c, 0x54, 0x00, 0x28, 0x39, 0x94,
    0x49, 0x2c, 0xa8, 0xc9, 0x40, 0x05, 0xc0, 0x92, 0x43, 0x99, 0xe4, 0x82, 0x9a, 0x0c, 0x54, 0x00,
    0x2c, 0x39, 0x94, 0x49, 0x2e, 0xa8, 0x49, 0x07, 0x84, 0x7b, 0x0e, 0xd8, 0x3a, 0x18, 0x36, 0x20,
    0x82, 0x64, 0x00, 0x3a, 0x20, 0xe0, 0x73, 0x40, 0xcb, 0xc1, 0xb0, 0x01, 0x11, 0x24, 0x03, 0xd0,
    0x01, 0x21, 0x9f, 0x03, 0x5a, 0x0e, 0x86, 0x0d, 0x88, 0x20, 0x19, 0x80, 0x0e, 0x08, 0xfa, 0x1c,
    0xd0, 0x72, 0x30, 0x6c, 0x40, 0x04, 0xc9, 0x00, 0x74, 0x40, 0xd8, 0xe7, 0xa0, 0xad, 0x83, 0x61,
    0x03, 0x22, 0x48, 0x06, 0xa0, 0x03, 0x02, 0x3f, 0x07, 0xb5, 0x1c, 0x0c, 0x1b, 0x10, 0x41, 0x32,
    0x00, 0x1d, 0x10, 0xfa, 0x39, 0xa8, 0xe5, 0x60, 0xd8, 0x80, 0x08, 0x92, 0x01, 0xe8, 0x80, 0xe0,
    0xcf, 0x41, 0x2d, 0x07, 0xc3, 0x06, 0x44, 0x90, 0x0c, 0xc0, 0x91, 0x71, 0x80, 0xc7, 0x81, 0x0c,
    0x37, 0x04, 0xe2, 0x1d, 0x98, 0xc1, 0x2c, 0x43, 0x9b, 0xb0, 0x49, 0x30, 0x50, 0xa1, 0x99, 0xee,
    0x60, 0x26, 0xa5, 0xa0, 0x26, 0x03, 0x15, 0x00, 0x59, 0x0e, 0x66, 0x12, 0x0a, 0x6a, 0x32, 0x50,
    0x01, 0xa0, 0xe5, 0x60, 0x26, 0x7d, 0xa0, 0x26, 0x03, 0x15, 0x00, 0x5a, 0x0e, 0x66, 0x12, 0x07,
    0x6a, 0x32, 0x50, 0x01, 0xb0, 0xe5, 0x60, 0x26, 0x6d, 0xa0, 0x26, 0x03, 0x15, 0x00, 0x5b, 0x0e,
    0x66, 0x32, 0x06, 0x6a, 0x32, 0x50, 0x01, 0xc0, 0xe5, 0x60, 0x26, 0x9f, 0x9a, 0x0c, 0x54, 0x00,
    0x70, 0x39, 0x98, 0x49, 0xa5, 0x26, 0x03, 0x15, 0x00, 0x5d, 0x0e, 0x66, 0x12, 0xa9, 0x49, 0x26,
    0x62, 0x74, 0x4d, 0x00, 0xeb, 0x20, 0xa0, 0x40, 0x1b, 0x19, 0x88, 0xd2, 0x2d, 0xe1, 0xa7, 0x83,
    0x80, 0x02, 0x4b, 0x64, 0x00, 0xe0, 0x88, 0xc1, 0x81, 0x84, 0x20, 0x58, 0xf8, 0x07, 0x1b, 0x90,
    0x78, 0x80, 0x04, 0x23, 0x06, 0x07, 0x12, 0x82, 0x60, 0xe1, 0x1f, 0x6c, 0x60, 0xe2, 0x81, 0x22,
    0x74, 0x4b, 0x70, 0xeb, 0xc0, 0xa0, 0xc0, 0x12, 0x19, 0x00, 0x38, 0x62, 0x70, 0x20, 0x21, 0x08,
    0x16, 0xfe, 0xc1, 0x06, 0x29, 0x1e, 0x3c, 0xc1, 0x88, 0xc1, 0x81, 0x84, 0x20, 0x58, 0xf8, 0x07,
    0x1b, 0xac, 0x78, 0x10, 0x09, 0x5d, 0x13, 0xdc, 0x3a, 0x58, 0x28, 0xd0, 0xc6, 0x88, 0x81, 0x81,
    0x84, 0x20, 0x58, 0xf8, 0x87, 0x1a, 0xb0, 0x78, 0x10, 0x8c, 0x18, 0x1c, 0x48, 0x08, 0x82, 0x85,
    0x7f, 0xb0, 0x81, 0x8b, 0x07, 0x56, 0x30, 0x62, 0x70, 0x20, 0x21, 0x08, 0x16, 0xfe, 0xc1, 0x06,
    0x30, 0x1e, 0x60, 0xc2, 0x2c, 0x83, 0x9a, 0xa4, 0xc9, 0x1b, 0x74, 0x4d, 0xf0, 0xe9, 0x60, 0xa2,
    0x40, 0x1b, 0x23, 0x06, 0x06, 0x12, 0x82, 0x60, 0xe1, 0x1f, 0x6a, 0x10, 0xe3, 0x41, 0x30, 0x4b,
    0xa0, 0x26, 0x03, 0x19, 0x80, 0x90, 0x26, 0xe4, 0x39, 0xa0, 0x89, 0x7f, 0x8c, 0x18, 0x1c, 0x48,
    0x08, 0x82, 0x85, 0x7f, 0xb0, 0x01, 0x8d, 0x07, 0x5e, 0x30, 0x62, 0x70, 0x20, 0x21, 0x08, 0x16,
    0xfe, 0xc1, 0x06, 0x36, 0x1e, 0x80, 0x81, 0x80, 0x62, 0xc0, 0xe2, 0x01, 0x0c, 0x0c, 0x37, 0x04,
    0xbf, 0x1c, 0x80, 0xc1, 0x2c, 0xc3, 0x99, 0xa0, 0x49, 0x30, 0x02, 0x11, 0xff, 0xff, 0xff, 0xff,
    0x83, 0xc6, 0xd3, 0x81, 0x32, 0x4b, 0xc0, 0x26, 0x03, 0x15, 0x1a, 0x9b, 0x0e, 0x67, 0x22, 0xac,
    0xc9, 0x74, 0x43, 0x0b, 0x07, 0xfb, 0x1c, 0x84, 0xc2, 0x2c, 0x83, 0x9b, 0xc8, 0x49, 0x30, 0x50,
    0xa1, 0x6d, 0x6d, 0x42, 0xc3, 0xc3, 0x99, 0x0c, 0x54, 0x68, 0x57, 0x9b, 0x90, 0xea, 0x70, 0x26,
    0x29, 0x88, 0xd1, 0x01, 0x01, 0xae, 0x83, 0x20, 0x83, 0x6d, 0x29, 0xd0, 0xc6, 0x05, 0x05, 0x5f,
    0x70, 0xd6, 0x81, 0x74, 0x40, 0xa0, 0xeb, 0xc0, 0xc8, 0x60, 0x5b, 0x0a, 0xb4, 0x71, 0x44, 0xc0,
    0x17, 0xb0, 0x75, 0x20, 0xd8, 0xf8, 0x78, 0x00, 0x03, 0xc3, 0x0d, 0xc1, 0x1d, 0x80, 0xc1, 0x2c,
    0xc3, 0x9a, 0xb4, 0x49, 0x30, 0x50, 0xa1, 0x25, 0x70, 0x22, 0xc7, 0x03, 0x9b, 0x0c, 0x54, 0x68,
    0x05, 0x9c, 0x88, 0xeb, 0xc0, 0x26, 0xb3, 0x0c, 0x6f, 0x02, 0x27, 0xb4, 0x82, 0x82, 0x3c, 0x07,
    0x22, 0x30, 0x4b, 0x10, 0x27, 0x03, 0x15, 0x1a, 0xe1, 0x26, 0x61, 0x10, 0x27, 0x48, 0x90, 0x79,
    0x00, 0x03, 0xc3, 0x0d, 0xc1, 0x3d, 0x07, 0x60, 0x30, 0xcb, 0x20, 0x27, 0x6e, 0x12, 0x0c, 0x54,
    0x68, 0x7e, 0x3c, 0xbc, 0x49, 0x17, 0x27, 0x03, 0x15, 0x1a, 0xf3, 0x26, 0x59, 0x9c, 0xa0, 0x60,
    0x80, 0x40, 0x06, 0xa2, 0x74, 0x40, 0x88, 0xed, 0x20, 0xc8, 0x60, 0x5b, 0x0a, 0xb4, 0x71, 0x81,
    0xc1, 0x17, 0xf4, 0x75, 0x20, 0x1d, 0x10, 0x6a, 0x3b, 0x30, 0x32, 0xd8, 0x96, 0x02, 0x6d, 0x1c,
    0x11, 0xf0, 0x05, 0xa2, 0x1d, 0x08, 0x3a, 0x74, 0x1e, 0xc0, 0xc0, 0x70, 0x43, 0x50, 0xd2, 0x01,
    0x18, 0xcc, 0x32, 0xc0, 0x49, 0x9c, 0x04, 0x03, 0x15, 0x1a, 0xcb, 0x0e, 0x6c, 0x62, 0x06, 0x70,
    0x32, 0x62, 0x60, 0x20, 0x21, 0x08, 0x16, 0xfe, 0xa1, 0x06, 0xa3, 0x1e, 0xa0, 0x41, 0x07, 0x84,
    0xd7, 0x0e, 0x40, 0x3c, 0x18, 0x36, 0x20, 0x02, 0x61, 0x00, 0x6e, 0x38, 0xed, 0x40, 0x47, 0x0c,
    0x0c, 0x24, 0x04, 0xc1, 0xc2, 0x3f, 0xd4, 0xc0, 0xd4, 0x83, 0xa0, 0x03, 0x82, 0x6c, 0x07, 0x68,
    0x1d, 0x0c, 0x1b, 0x10, 0x81, 0x30, 0x00, 0xb3, 0x0c, 0x73, 0x42, 0x27, 0x79, 0x1c, 0x0c, 0x37,
    0xf0, 0x73, 0x50, 0xe7, 0x81, 0x19, 0xcc, 0x12, 0xd4, 0xc9, 0x40, 0x85, 0xa6, 0xb3, 0x83, 0x9c,
    0x54, 0x77, 0x72, 0x01, 0x6b, 0x07, 0x3a, 0x62, 0x60, 0x20, 0x21, 0x08, 0x16, 0xfe, 0xa1, 0x06,
    0xab, 0x1e, 0x04, 0x1d, 0x10, 0x6e, 0x3b, 0x60, 0xeb, 0x60, 0xd8, 0x80, 0x08, 0x84, 0x01, 0x98,
    0x25, 0xc8, 0x93, 0x81, 0x0a, 0x8d, 0x9e, 0x87, 0x39, 0x79, 0xee, 0x64, 0xa0, 0x42, 0x23, 0xdb,
    0x61, 0x4e, 0x96, 0x3b, 0x99, 0x65, 0xb0, 0x93, 0x3b, 0x39, 0x52, 0x10, 0xa3, 0x6b, 0x02, 0x7c,
    0x07, 0x01, 0x05, 0xda, 0xc0, 0xc0, 0xa4, 0x03, 0x11, 0x98, 0x25, 0xc0, 0x93, 0x81, 0x0a, 0x4d,
    0xa9, 0x93, 0x30, 0xc0, 0x13, 0x3c, 0x50, 0x3d, 0x80, 0x81, 0xe1, 0x86, 0x60, 0xa7, 0x03, 0x30,
    0x98, 0x65, 0xa0, 0x93, 0x3a, 0x09, 0x06, 0x2a, 0x34, 0x93, 0x1e, 0xec, 0xa4, 0xc3, 0x93, 0x81,
    0x0a, 0x4d, 0xb2, 0x93, 0x0c, 0x4f, 0x50, 0x30, 0x40, 0x20, 0x03, 0x51, 0x7a, 0x21, 0xcc, 0x77,
    0x10, 0x50, 0x50, 0x88, 0x0c, 0xb4, 0x38, 0x23, 0xe0, 0x0b, 0xc2, 0x3b, 0x90, 0x5e, 0x08, 0xf6,
    0x1d, 0x18, 0x14, 0x14, 0x22, 0x03, 0x2d, 0x8e, 0x08, 0xf8, 0x02, 0xf3, 0x0e, 0x04, 0x1d, 0x5c,
    0x0f, 0x60, 0x60, 0xb8, 0x21, 0xc8, 0xe9, 0x00, 0x0c, 0x66, 0x19, 0xee, 0x04, 0x4f, 0x82, 0x59,
    0x06, 0x3d, 0xd9, 0x93, 0x5c, 0x0e, 0x4e, 0xad, 0x03, 0xf8, 0x0e, 0x64, 0x96, 0xa0, 0x4f, 0x46,
    0x0c, 0x8c, 0x23, 0x04, 0xc1, 0x00, 0x0d, 0xd0, 0x3d, 0xd8, 0xf5, 0x60, 0xd7, 0x03, 0x4a, 0xc9,
    0x40, 0x1b, 0xc3, 0x0d, 0x41, 0xad, 0x07, 0x61, 0x70, 0xec, 0x13, 0xe8, 0x70, 0x83, 0x5b, 0x07,
    0xb7, 0x1e, 0x98, 0xc1, 0x74, 0x43, 0xa0, 0xda, 0x81, 0x30, 0xcb, 0xc0, 0x27, 0x7f, 0x12, 0x20,
    0x5c, 0x07, 0xed, 0x1d, 0x80, 0xc0, 0x88, 0x81, 0x01, 0x80, 0x20, 0x18, 0x98, 0xc1, 0xbb, 0x07,
    0xc1, 0xaf, 0x07, 0xb3, 0x04, 0x7e, 0x32, 0x50, 0xa1, 0xd9, 0xf5, 0xa0, 0x27, 0x55, 0x9f, 0x0c,
    0x54, 0x68, 0xf0, 0x3b, 0xe8, 0x49, 0xd4, 0x27, 0x29, 0x88, 0xd1, 0xf3, 0x81, 0xb4, 0x03, 0x3c,
    0x0f, 0x02, 0x0a, 0x80, 0x91, 0x81, 0x75, 0x57, 0x38, 0x90, 0x81, 0x18, 0xdd, 0x12, 0x6a, 0x3c,
    0x08, 0x86, 0x0d, 0x88, 0x80, 0x10, 0x00, 0x44, 0xfe, 0x3b, 0x00, 0x01, 0x54, 0xd8, 0x3d, 0x80,
    0x81, 0xe1, 0x06, 0xa1, 0xaf, 0x03, 0x34, 0x18, 0x6e, 0x60, 0xd8, 0x3d, 0x20, 0x83, 0xe9, 0x86,
    0x40, 0xb7, 0x03, 0x61, 0x96, 0xa1, 0x4f, 0xf6, 0x24, 0x18, 0xa8, 0xd0, 0x22, 0x3f, 0x91, 0xed,
    0x81, 0x4f, 0x32, 0x10, 0xa3, 0x5b, 0x42, 0x8f, 0x07, 0x01, 0x05, 0x96, 0xc8, 0x00, 0x40, 0x2c,
    0xc4, 0x3d, 0x80, 0x81, 0x0c, 0xc4, 0xe8, 0x80, 0xe0, 0xe2, 0x41, 0x30, 0x6c, 0x40, 0x04, 0xc4,
    0x00, 0x20, 0x82, 0xef, 0x01, 0x0c, 0x0c, 0x37, 0x24, 0x18, 0x18, 0xcc, 0x32, 0xfc, 0x89, 0x9f,
    0x04, 0x23, 0x06, 0x46, 0x02, 0x82, 0x60, 0x40, 0x06, 0x29, 0x1f, 0x94, 0x7a, 0x70, 0x8f, 0xc1,
    0x2c, 0x01, 0xa8, 0x68, 0x40, 0x0c, 0x00, 0xe0, 0x02, 0x00, 0x00, 0x5b, 0x8e, 0x21, 0xe8, 0x95,
    0xc3, 0x57, 0x90, 0x5f, 0xd9, 0x72, 0x14, 0x01, 0xb8, 0x1c, 0xbe, 0x82, 0xfc, 0xca, 0x96, 0xe3,
    0x08, 0xc2, 0xe5, 0xf0, 0x15, 0xe4, 0x57, 0xb6, 0x1c, 0x49, 0x20, 0x2e, 0x87, 0xaf, 0x20, 0xbf,
    0xb2, 0xe5, 0x58, 0x82, 0x71, 0x39, 0x7c, 0x05, 0xf9, 0x95, 0x2d, 0x47, 0x13, 0x90, 0xcb, 0xe1,
    0x2b, 0xc8, 0xaf, 0x6c, 0x39, 0x9e, 0xa0, 0x5c, 0x0e, 0x5f, 0x41, 0x7e, 0x65, 0xcb, 0x11, 0x05,
    0xe6, 0x72, 0xf8, 0x0a, 0xf2, 0x2b, 0x5b, 0x8e, 0x29, 0x38, 0x97, 0xc3, 0x57, 0x90, 0x5f, 0xd9,
    0x72, 0x54, 0x01, 0xba, 0x1c, 0xbe, 0x82, 0xfc, 0xca, 0x96, 0xe3, 0x0a, 0xd2, 0xe5, 0xf0, 0x15,
    0xe4, 0x57, 0xb6, 0x1c, 0x59, 0xa0, 0x2e, 0x87, 0xaf, 0x20, 0xbf, 0xb2, 0xe5, 0xd8, 0x82, 0x75,
    0x39, 0x7c, 0x05, 0xf9, 0x95, 0x2d, 0x47, 0x17, 0xb0, 0xcb, 0xe1, 0x2b, 0xc8, 0xaf, 0x6c, 0x39,
    0xbe, 0xa0, 0x5d, 0x0e, 0x5f, 0x41, 0x7e, 0x65, 0xcb, 0x11, 0x06, 0x81, 0xbb, 0x1c, 0xbe, 0x82,
    0xfc, 0xca, 0x96, 0x63, 0x0c, 0x82, 0x77, 0x39, 0x7c, 0x05, 0xf9, 0x95, 0x2d, 0x47, 0x19, 0x04,
    0xf0, 0x72, 0xf8, 0x0a, 0xf2, 0x2b, 0x5b, 0x86, 0x38, 0x08, 0xe2, 0x65, 0xcb, 0x30, 0x07, 0x41,
    0xbc, 0x6c, 0x19, 0xea, 0x20, 0x88, 0x97, 0x2d, 0x03, 0x1e, 0x48, 0x32, 0xb2, 0x65, 0xf0, 0x83,
    0x20, 0x5e, 0xb6, 0x0c, 0xa0, 0x10, 0xc4, 0xcb, 0x96, 0x41, 0x14, 0x02, 0x7a, 0xd9, 0x32, 0x90,
    0x42, 0x40, 0x2f, 0x5b, 0x86, 0x53, 0x90, 0x66, 0x64, 0xcb, 0xd0, 0x0a, 0x41, 0xbc, 0x6c, 0x19,
    0x5e, 0x21, 0x88, 0x97, 0x2d, 0x83, 0x2c, 0x48, 0x34, 0xb2, 0x65, 0xc0, 0x85, 0x20, 0x5e, 0xb6,
    0x0c, 0xbb, 0x20, 0xd5, 0xc8, 0x96, 0x21, 0x1c, 0x02, 0x7a, 0xd9, 0x32, 0x90, 0x83, 0x64, 0x23,
    0x5b, 0x06, 0x75, 0x08, 0xe2, 0x65, 0xcb, 0xd0, 0x0e, 0xd2, 0x8d, 0x6c, 0x19, 0xe6, 0x21, 0x88,
    0x97, 0x2d, 0x83, 0x3d, 0x48, 0x38, 0xb2, 0x65, 0xe0, 0x87, 0x20, 0x5e, 0xb6, 0x0c, 0xff, 0x20,
    0xe5, 0xc8, 0x96, 0x01, 0x24, 0x82, 0x78, 0xd9, 0x72, 0x8c, 0x45, 0x60, 0x2f, 0xc7, 0xbd, 0x20,
    0xf8, 0xb2, 0x65, 0x38, 0x8b, 0x20, 0x5e, 0xb6, 0x0c, 0x6a, 0x21, 0xe9, 0xc8, 0x96, 0xc3, 0x2d,
    0x82, 0x7c, 0x39, 0x7c, 0x05, 0xf9, 0x95, 0x2d, 0x47, 0x68, 0x04, 0xfa, 0x72, 0xec, 0x0b, 0xc2,
    0x2f, 0x5b, 0x0e, 0xd2, 0x08, 0xf4, 0xe5, 0xe8, 0x17, 0xc4, 0x5f, 0xb6, 0x1c, 0xaf, 0x11, 0xd0,
    0xcb, 0xf1, 0x2f, 0x08, 0xc8, 0x6c, 0x19, 0x64, 0x23, 0xa0, 0x97, 0x2d, 0x07, 0x6d, 0x04, 0xf4,
    0x72, 0x84, 0x0c, 0x22, 0x32, 0x5b, 0x06, 0xdb, 0x08, 0xe8, 0x65, 0xcb, 0xa0, 0x1b, 0xd2, 0x8e,
    0x6c, 0x39, 0xc0, 0x23, 0xa0, 0x97, 0x63, 0x64, 0x10, 0x92, 0xd9, 0x32, 0x8c, 0x47, 0x40, 0x2f,
    0x5b, 0x0e, 0xf9, 0x08, 0xec, 0xe5, 0x28, 0x19, 0xc4, 0x64, 0xb6, 0x1c, 0xfc, 0x11, 0xd8, 0xcb,
    0x51, 0x32, 0x88, 0xc9, 0x6c, 0x39, 0x46, 0x24, 0x88, 0x97, 0xe3, 0x64, 0x10, 0x94, 0xd9, 0x72,
    0x94, 0x48, 0x10, 0x2f, 0x47, 0xca, 0x20, 0x2a, 0xb3, 0x65, 0x68, 0x91, 0x20, 0x5e, 0xb6, 0x0c,
    0x30, 0x22, 0xf1, 0xc8, 0x96, 0x41, 0x46, 0x82, 0x78, 0xd9, 0x32, 0xe4, 0x48, 0x10, 0x2f, 0x5b,
    0x86, 0x1d, 0x09, 0xe2, 0x65, 0xcb, 0x00, 0x26, 0x52, 0x8f, 0x6c, 0x19, 0xc2, 0x24, 0x88, 0x97,
    0x2d, 0x03, 0x9b, 0x04, 0xf1, 0xb2, 0x65, 0x68, 0x93, 0x20, 0x5e, 0xb6, 0x0c, 0x6f, 0x12, 0xc4,
    0xcb, 0x96, 0x61, 0x4e, 0x24, 0x1f, 0xd9, 0x32, 0xd4, 0x49, 0x10, 0x2f, 0x5b, 0x86, 0x50, 0x09,
    0xe2, 0x65, 0xcb, 0x81, 0x2a, 0x81, 0xbd, 0x1c, 0x2b, 0x83, 0xb0, 0xcc, 0x96, 0x43, 0x56, 0x02,
    0x7b, 0x39, 0x56, 0x06, 0x61, 0x99, 0x2d, 0x47, 0xae, 0x04, 0xf1, 0x72, 0x9c, 0x0c, 0x82, 0x32,
    0x5b, 0x8e, 0x5d, 0x09, 0xe2, 0xe5, 0x48, 0x19, 0x44, 0x65, 0xb6, 0x0c, 0xe3, 0x12, 0xc4, 0xcb,
    0x96, 0x01, 0x5d, 0xa4, 0x1f, 0xd9, 0x32, 0xb4, 0x4b, 0x10, 0x2f, 0x5b, 0x0e, 0x91, 0x09, 0xec,
    0xe5, 0x68, 0x19, 0xc4, 0x65, 0xb6, 0x1c, 0x25, 0x13, 0xd8, 0xcb, 0xf1, 0x32, 0x08, 0xcc, 0x6c,
    0x19, 0x6a, 0x46, 0x02, 0x93, 0x2d, 0x43, 0xd9, 0x04, 0xf1, 0xb2, 0xe5, 0x48, 0x9b, 0x20, 0x66,
    0x0e, 0x99, 0x41, 0x66, 0x66, 0xcb, 0xf0, 0x36, 0x52, 0x98, 0x6c, 0x19, 0xe8, 0x26, 0xa0, 0x97,
    0x2d, 0x47, 0xdf, 0x04, 0xfa, 0x72, 0xd0, 0x0c, 0x52, 0x33, 0x5b, 0x0e, 0xd8, 0x09, 0xec, 0xe5,
    0xb0, 0x19, 0xe4, 0x66, 0xb6, 0x1c, 0xba, 0x13, 0xd8, 0xcb, 0x61, 0x33, 0xc8, 0xcd, 0x6c, 0x39,
    0xc2, 0x27, 0x88, 0x97, 0x03, 0x67, 0x90, 0x9c, 0xd9, 0x72, 0x8c, 0x4f, 0x10, 0x2f, 0x87, 0xce,
    0x20, 0x3b, 0xb3, 0x65, 0x58, 0x9f, 0x20, 0x5e, 0xb6, 0x0c, 0xf0, 0x23, 0x89, 0xc9, 0x96, 0xc1,
    0x7e, 0xa4, 0x31, 0xd9, 0x32, 0xf0, 0x4f, 0x40, 0x2f, 0x5b, 0x8e, 0x11, 0x0a, 0xf4, 0xe5, 0xa0,
    0x19, 0xa4, 0x66, 0xb6, 0x1c, 0x39, 0x14, 0xd8, 0xcb, 0xc1, 0x33, 0x48, 0xcf, 0x6c, 0x39, 0xc6,
    0x28, 0xb0, 0x97, 0x83, 0x67, 0x90, 0x9e, 0xd9, 0x72, 0xa8, 0x51, 0x10, 0x2f, 0x07, 0xce, 0x20,
    0x39, 0xb3, 0xe5, 0x60, 0xa3, 0x20, 0x5e, 0x0e, 0x9d, 0x41, 0x76, 0x66, 0xcb, 0x61, 0x47, 0x81,
    0xbd, 0x1c, 0x25, 0x83, 0x98, 0xcc, 0x96, 0xc3, 0x8f, 0x02, 0x7b, 0x39, 0x4a, 0x06, 0x31, 0x99,
    0x2d, 0x47, 0x29, 0x05, 0xf1, 0x72, 0xe0, 0x0c, 0x92, 0x33, 0x5b, 0x8e, 0x53, 0x0a, 0xe2, 0xe5,
    0xd0, 0x19, 0x64, 0x67, 0xb6, 0x0c, 0xb2, 0x14, 0xc4, 0xcb, 0x96, 0xe1, 0x96, 0x24, 0x32, 0xd9,
    0x32, 0xf4, 0x92, 0x54, 0x26, 0x5b, 0x06, 0x77, 0x92, 0xcc, 0x64, 0xcb, 0x40, 0x4f, 0x41, 0xbc,
    0x6c, 0x19, 0xec, 0x29, 0x88, 0x97, 0x2d, 0x83, 0x4d, 0x49, 0x67, 0xb2, 0xe5, 0xe0, 0xa9, 0xc0,
    0x5e, 0x0e, 0x9f, 0x41, 0x7e, 0x66, 0xcb, 0x61, 0x56, 0x81, 0xbd, 0x1c, 0x3e, 0x83, 0xfc, 0xcc,
    0x96, 0xa3, 0xad, 0x82, 0x78, 0x39, 0xc0, 0x06, 0x09, 0x9b, 0x2d, 0xc7, 0x5b, 0x05, 0xf1, 0x72,
    0x88, 0x0d, 0x32, 0x36, 0x5b, 0x86, 0xbb, 0x0a, 0xe2, 0x65, 0xcb, 0xc0, 0x57, 0x12, 0x9a, 0x6c,
    0x19, 0xfa, 0x2a, 0x88, 0x97, 0x2d, 0x83, 0x5f, 0x05, 0xf1, 0xb2, 0xe5, 0x00, 0xad, 0x80, 0x6c,
    0x0e, 0x5f, 0x41, 0x7e, 0x65, 0xcb, 0x60, 0x5a, 0x41, 0xbc, 0x6c, 0x19, 0x4e, 0x2b, 0x88, 0x97,
    0x2d, 0xc3, 0x6a, 0x05, 0xf1, 0xb2, 0x65, 0x68, 0xad, 0x20, 0x5e, 0xb6, 0x0c, 0xbc, 0x15, 0xc4,
    0xcb, 0x96, 0xa1, 0xb7, 0x82, 0x78, 0xd9, 0x32, 0x88, 0x97, 0x94, 0x26, 0x5b, 0x06, 0xf2, 0x0a,
    0xe2, 0x65, 0xcb, 0x50, 0x5e, 0x41, 0xbc, 0x6c, 0x19, 0xd0, 0x2b, 0x88, 0x97, 0x2d, 0x43, 0x7a,
    0x05, 0xf1, 0xb2, 0x65, 0x78, 0xaf, 0x20, 0x5e, 0xb6, 0x0c, 0xf3, 0x15, 0xc4, 0xcb, 0x96, 0xa1,
    0xbe, 0x82, 0x78, 0xd9, 0x32, 0xd8, 0x57, 0x10, 0x2f, 0x5b, 0x06, 0xfc, 0x0a, 0xe2, 0x65, 0xcb,
    0xa0, 0x5f, 0x41, 0xbc, 0x6c, 0x19, 0xfe, 0x4b, 0x52, 0x93, 0x2d, 0x03, 0x88, 0x05, 0xf1, 0xb2,
    0x65, 0x08, 0xb1, 0x20, 0x5e, 0xb6, 0x1c, 0x2d, 0x16, 0xc4, 0xcb, 0x51, 0x36, 0x88, 0xd9, 0x6c,
    0x39, 0x40, 0x2d, 0xd0, 0x97, 0x63, 0x5f, 0x10, 0x7e, 0xd9, 0x72, 0x8c, 0x5a, 0xa0, 0x2f, 0x47,
    0xbf, 0x20, 0xfe, 0xb2, 0xe5, 0x70, 0xb5, 0x80, 0x5e, 0x8e, 0x7f, 0x41, 0x40, 0x66, 0xcb, 0x10,
    0x6b, 0x01, 0xbd, 0x6c, 0x39, 0x66, 0x2d, 0xa0, 0x97, 0x23, 0x64, 0x10, 0x91, 0xd9, 0x32, 0xd4,
    0x5a, 0x40, 0x2f, 0x5b, 0x86, 0x5c, 0x93, 0xd6, 0x64, 0xcb, 0xf1, 0x6b, 0x01, 0xbd, 0x1c, 0x23,
    0x83, 0x90, 0xcc, 0x96, 0x41, 0xdc, 0x02, 0x7a, 0xd9, 0x32, 0xb8, 0x5b, 0x10, 0x2f, 0x5b, 0x06,
    0x7a, 0x0b, 0xe2, 0x65, 0xcb, 0x50, 0x6f, 0x41, 0xbc, 0x6c, 0x39, 0xfe, 0x2d, 0xb0, 0x97, 0xa3,
    0x64, 0x10, 0x93, 0xd9, 0x72, 0xa4, 0x5c, 0x60, 0x2f, 0x47, 0xc9, 0x20, 0x26, 0xb3, 0xe5, 0x80,
    0xb9, 0x20, 0x5e, 0x8e, 0x93, 0x41, 0x50, 0x66, 0xcb, 0x21, 0x73, 0x41, 0xbc, 0x1c, 0x29, 0x83,
    0xa8, 0xcc, 0x96, 0x41, 0xe7, 0x82, 0x78, 0xd9, 0x32, 0xf4, 0x9c, 0xc4, 0x26, 0x5b, 0x86, 0x9f,
    0x0b, 0xe2, 0x65, 0xcb, 0x60, 0x76, 0x41, 0xbc, 0x6c, 0x19, 0xd0, 0x2e, 0x88, 0x97, 0x2d, 0x43,
    0xdb, 0x49, 0x6d, 0xb2, 0x65, 0x70, 0xbb, 0x20, 0x5e, 0xb6, 0x0c, 0x76, 0x17, 0xc4, 0xcb, 0x96,
    0xe1, 0xee, 0x82, 0x78, 0xd9, 0x32, 0xe4, 0x5d, 0x10, 0x2f, 0x5b, 0x06, 0xbf, 0x93, 0xdc, 0x64,
    0xcb, 0x80, 0x7a, 0x41, 0xbc, 0x6c, 0x39, 0x5e, 0x2f, 0xb0, 0x97, 0x63, 0x65, 0x10, 0x96, 0xd9,
    0x72, 0xe4, 0x5e, 0x60, 0x2f, 0xc7, 0xca, 0x20, 0x2c, 0xb3, 0xe5, 0x00, 0xbf, 0x20, 0x5e, 0x8e,
    0x93, 0x41, 0x50, 0x66, 0xcb, 0x21, 0x7e, 0x41, 0xbc, 0x1c, 0x29, 0x83, 0xa8, 0xcc, 0x96, 0x41,
    0xfd, 0x82, 0x78, 0xd9, 0x32, 0xbc, 0x9f, 0xf4, 0x26, 0x5b, 0x0e, 0xfd, 0x0b, 0xec, 0xe5, 0x78,
    0x19, 0x04, 0x66, 0xb6, 0x1c, 0xfd, 0x17, 0xd8, 0xcb, 0xd1, 0x32, 0x88, 0xcb, 0x6c, 0x19, 0x52,
    0x30, 0x08, 0xe2, 0x65, 0xcb, 0xa0, 0x83, 0x41, 0x10, 0x2f, 0x5b, 0x0e, 0x1f, 0x0c, 0x82, 0x98,
    0x39, 0x64, 0x06, 0x99, 0x99, 0x2d, 0x03, 0x19, 0x06, 0x12, 0x9c, 0x6c, 0x19, 0xd2, 0x30, 0x08,
    0xe8, 0x65, 0xcb, 0x21, 0x87, 0x41, 0xa0, 0x2f, 0x07, 0xcd, 0x20, 0x35, 0xb3, 0xe5, 0x28, 0xc5,
    0x20, 0xb0, 0x97, 0xc3, 0x66, 0x90, 0x9b, 0xd9, 0x72, 0xbc, 0x62, 0x10, 0xd8, 0xcb, 0x61, 0x33,
    0xc8, 0xcd, 0x6c, 0x39, 0x6c, 0x31, 0x08, 0xe2, 0xe5, 0xc0, 0x19, 0x24, 0x67, 0xb6, 0x1c, 0xb8,
    0x18, 0x04, 0xf1, 0x72, 0xe8, 0x0c, 0xb2, 0x33, 0x5b, 0x06, 0x70, 0x0c, 0x82, 0x78, 0xd9, 0x32,
    0x94, 0x63, 0x20, 0xc5, 0xc9, 0x96, 0x61, 0x1d, 0x03, 0x49, 0x4e, 0xb6, 0x0c, 0xf1, 0x18, 0x04,
    0xf4, 0xb2, 0xe5, 0xc0, 0xc7, 0x20, 0xd0, 0x97, 0x83, 0x66, 0x90, 0x9a, 0xd9, 0x72, 0xb8, 0x64,
    0x10, 0xd8, 0xcb, 0xc1, 0x33, 0x48, 0xcf, 0x6c, 0x39, 0x70, 0x32, 0x08, 0xec, 0xe5, 0xe0, 0x19,
    0xa4, 0x67, 0xb6, 0x1c, 0x3f, 0x19, 0x04, 0xf1, 0x72, 0xe0, 0x0c, 0x92, 0x33, 0x5b, 0x8e, 0xb0,
    0x0c, 0x82, 0x78, 0x39, 0x74, 0x06, 0xd9, 0x99, 0x2d, 0xc7, 0x5a, 0x06, 0x81, 0xbd, 0x1c, 0x25,
    0x83, 0x98, 0xcc, 0x96, 0x63, 0x2e, 0x83, 0xc0, 0x5e, 0x8e, 0x92, 0x41, 0x4c, 0x66, 0xcb, 0xa1,
    0x97, 0x41, 0x10, 0x2f, 0x07, 0xce, 0x20, 0x39, 0xb3, 0xe5, 0xe0, 0xcb, 0x20, 0x88, 0x97, 0x43,
    0x67, 0x90, 0x9d, 0xd9, 0x32, 0x9c, 0x66, 0x10, 0xc4, 0xcb, 0x96, 0x81, 0x35, 0x03, 0x69, 0x4e,
    0xb6, 0x0c, 0xb2, 0x19, 0x48, 0x74, 0xb2, 0xe5, 0x08, 0xcf, 0x20, 0x88, 0x99, 0x43, 0x66, 0x90,
    0x99, 0xd9, 0x32, 0x98, 0x67, 0x10, 0xc4, 0xcb, 0x96, 0x01, 0x3d, 0x83, 0x20, 0x5e, 0xb6, 0x0c,
    0xeb, 0x19, 0x48, 0x75, 0xb2, 0x65, 0x70, 0xcf, 0x20, 0x88, 0x97, 0x2d, 0x83, 0x7c, 0x06, 0x92,
    0x9d, 0x6c, 0x19, 0xf4, 0x33, 0x08, 0xe2, 0x65, 0xcb, 0xb0, 0x9f, 0x41, 0x10, 0x2f, 0x5b, 0x86,
    0xfe, 0x0c, 0x82, 0x78, 0xd9, 0x32, 0x88, 0x68, 0x20, 0xdd, 0xc9, 0x96, 0x61, 0x44, 0x83, 0x20,
    0x5e, 0xb6, 0x0c, 0x24, 0x1a, 0x04, 0xf1, 0xb2, 0x65, 0x70, 0xd1, 0x20, 0x88, 0x97, 0x2d, 0x83,
    0x8c, 0x06, 0x41, 0xbc, 0x6c, 0x19, 0x6a, 0x34, 0x90, 0xf0, 0x64, 0xcb, 0x70, 0xa3, 0x41, 0x10,
    0x2f, 0x5b, 0x86, 0x1f, 0x0d, 0x82, 0x78, 0xd9, 0x32, 0x8c, 0x69, 0x20, 0xe5, 0xc9, 0x96, 0xa1,
    0x4c, 0x83, 0x20, 0x5e, 0xb6, 0x1c, 0x7a, 0x1a, 0x04, 0xf6, 0x72, 0x9c, 0x0d, 0x82, 0x36, 0x5b,
    0x86, 0x3f, 0x0d, 0x82, 0x78, 0xd9, 0x32, 0x94, 0x6a, 0x10, 0xc4, 0xcb, 0x96, 0x61, 0x55, 0x03,
    0x49, 0x4f, 0xb6, 0x0c, 0xb0, 0x1a, 0x04, 0xf1, 0xb2, 0xe5, 0xb0, 0xd5, 0x20, 0xb0, 0x97, 0x23,
    0x6d, 0x10, 0xb5, 0xd9, 0x32, 0xf0, 0x6a, 0x20, 0xed, 0xc9, 0x96, 0xc1, 0x5c, 0x83, 0x80, 0x5e,
    0xb6, 0x0c, 0xf1, 0x1a, 0x48, 0x7c, 0xb2, 0x65, 0xa8, 0xd7, 0x20, 0xa0, 0x97, 0x2d, 0x83, 0xbe,
    0x06, 0x41, 0xbc, 0x6c, 0x39, 0x5a, 0x36, 0x08, 0xec, 0xe5, 0x58, 0x1b, 0x84, 0x6d, 0xb6, 0x0c,
    0x33, 0x1b, 0x04, 0xf1, 0xb2, 0x65, 0xa8, 0xd9, 0x20, 0x88, 0x97, 0x2d, 0xc3, 0xce, 0x06, 0x52,
    0x9f, 0x6c, 0x39, 0xc2, 0x36, 0x08, 0x62, 0xe6, 0x90, 0x19, 0x64, 0x66, 0xb6, 0x1c, 0x69, 0x1b,
    0x04, 0xf6, 0x72, 0xa4, 0x0d, 0xa2, 0x36, 0x5b, 0x86, 0xb7, 0x0d, 0x24, 0x3f, 0xd9, 0x72, 0xd4,
    0x6d, 0x10, 0xd8, 0xcb, 0xb1, 0x36, 0x08, 0xdb, 0x6c, 0x19, 0xf4, 0x36, 0x08, 0xe2, 0x65, 0xcb,
    0xc0, 0xb7, 0x41, 0x10, 0x2f, 0x5b, 0x06, 0xd1, 0x0d, 0xa4, 0x3f, 0xd9, 0x32, 0x94, 0x6e, 0x20,
    0x81, 0xca, 0x96, 0x41, 0x75, 0x03, 0x29, 0x54, 0xb6, 0x0c, 0xae, 0x1b, 0x04, 0xf4, 0xb2, 0x65,
    0xc0, 0xdd, 0x20, 0x88, 0x97, 0x2d, 0x87, 0xf9, 0x06, 0x81, 0xbd, 0x1c, 0x67, 0x83, 0xa0, 0xcd,
    0x96, 0x63, 0x7d, 0x83, 0xc0, 0x5e, 0x8e, 0xb6, 0x41, 0xdc, 0x66, 0xcb, 0x40, 0xbf, 0x41, 0x10,
    0x2f, 0x5b, 0x06, 0xfb, 0x0d, 0x82, 0x78, 0xd9, 0x32, 0xf0, 0x6f, 0x20, 0x89, 0xca, 0x96, 0x43,
    0x84, 0x83, 0x20, 0x66, 0x0e, 0x99, 0x41, 0x66, 0x66, 0xcb, 0xa1, 0xc2, 0x41, 0x60, 0x2f, 0x47,
    0xda, 0x20, 0x6a, 0xb3, 0x65, 0x80, 0xe1, 0x40, 0x1a, 0x95, 0x2d, 0xc3, 0x0c, 0x07, 0x12, 0xa9,
    0x6c, 0x39, 0x68, 0x38, 0x08, 0xc8, 0xe6, 0xf0, 0x15, 0xe4, 0x57, 0xb6, 0x0c, 0x78, 0x1c, 0x04,
    0xf1, 0xb2, 0x65, 0xd8, 0xe3, 0x40, 0x2a, 0x95, 0x2d, 0x47, 0x28, 0x07, 0x81, 0xbd, 0x1c, 0x3e,
    0x83, 0xfc, 0xcc, 0x96, 0x63, 0x95, 0x83, 0xc0, 0x5e, 0x0e, 0x9f, 0x41, 0x7e, 0x66, 0xcb, 0x21,
    0xcb, 0x41, 0x10, 0x2f, 0x07, 0xd8, 0x20, 0x61, 0xb3, 0xe5, 0xa0, 0xe5, 0x20, 0x88, 0x97, 0x43,
    0x6c, 0x90, 0xb1, 0xd9, 0x32, 0xf0, 0x72, 0x10, 0xc4, 0xcb, 0x96, 0x21, 0x9c, 0x03, 0xc9, 0x54,
    0xb6, 0x0c, 0xea, 0x1c, 0x48, 0xa7, 0xb2, 0x65, 0x70, 0xe7, 0x20, 0x88, 0x97, 0x2d, 0x03, 0x3c,
    0x07, 0x41, 0xbc, 0x6c, 0x19, 0xec, 0x39, 0x90, 0x50, 0x65, 0xcb, 0xb0, 0xcf, 0x41, 0x10, 0x2f,
    0x5b, 0x8e, 0x90, 0x0e, 0x02, 0x7b, 0x39, 0xde, 0x06, 0x81, 0x9b, 0x2d, 0xc3, 0x49, 0x07, 0x52,
    0xaa, 0x6c, 0x39, 0x5e, 0x3a, 0x08, 0xec, 0xe5, 0xb8, 0x17, 0x04, 0x5f, 0xb6, 0x0c, 0x35, 0x1d,
    0x48, 0xaa, 0xb2, 0xe5, 0xc8, 0xe9, 0x20, 0x88, 0x97, 0x23, 0x6e, 0x10, 0xb9, 0xd9, 0x72, 0x98,
    0x75, 0x10, 0xd8, 0xcb, 0xe1, 0x33, 0xc8, 0xcf, 0x6c, 0x19, 0xd8, 0x3a, 0x90, 0x54, 0x65, 0xcb,
    0x11, 0xd7, 0x41, 0x10, 0x2f, 0x47, 0xdc, 0x20, 0x72, 0xb3, 0xe5, 0xc8, 0xeb, 0x20, 0xb0, 0x97,
    0xe3, 0x6d, 0x10, 0xb8, 0xd9, 0x32, 0xfc, 0x75, 0x20, 0xa9, 0xca, 0x96, 0x83, 0xb4, 0x83, 0x20,
    0x5e, 0x8e, 0xb8, 0x41, 0xe4, 0x66, 0xcb, 0x71, 0xda, 0x41, 0x10, 0x2f, 0x47, 0xdc, 0x20, 0x72,
    0xb3, 0xe5, 0x48, 0xed, 0x20, 0x88, 0x97, 0x23, 0x6e, 0x10, 0xb9, 0xd9, 0x72, 0xfc, 0x76, 0x10,
    0xc4, 0xcb, 0x11, 0x37, 0x88, 0xdc, 0x6c, 0x39, 0xc6, 0x3b, 0x08, 0xe2, 0xe5, 0x88, 0x1b, 0x44,
    0x6e, 0xb6, 0x1c, 0xe7, 0x1d, 0x04, 0xf1, 0x72, 0xc4, 0x0d, 0x22, 0x37, 0x5b, 0x8e, 0xf5, 0x0e,
    0x82, 0x78, 0x39, 0xe2, 0x06, 0x91, 0x9b, 0x2d, 0xc7, 0x7b, 0x07, 0x41, 0xbc, 0x1c, 0x71, 0x83,
    0xc8, 0xcd, 0x96, 0x63, 0xbe, 0x83, 0x20, 0x5e, 0x8e, 0xb8, 0x41, 0xe4, 0x66, 0xcb, 0x71, 0xdf,
    0x41, 0x10, 0x2f, 0x47, 0xdc, 0x20, 0x72, 0xb3, 0xe5, 0x18, 0xf1, 0x20, 0xd0, 0x97, 0x63, 0x5f,
    0x10, 0x7e, 0xd9, 0x72, 0xb4, 0x78, 0x10, 0xd8, 0xcb, 0x51, 0x32, 0x88, 0xc9, 0x6c, 0x19, 0x66,
    0x3c, 0x90, 0x54, 0x65, 0xcb, 0xc1, 0xe3, 0x41, 0x60, 0x2f, 0xc7, 0xd9, 0x20, 0x68, 0xb3, 0x65,
    0x10, 0xf3, 0x40, 0x52, 0x95, 0x2d, 0x07, 0x9b, 0x07, 0x41, 0xcc, 0x1c, 0x32, 0x83, 0xcc, 0xcc,
    0x96, 0x41, 0xce, 0x03, 0x69, 0x55, 0xb6, 0x1c, 0xaa, 0x1e, 0x04, 0xf6, 0x72, 0xac, 0x0c, 0xc2,
    0x32, 0x5b, 0x06, 0x58, 0x0f, 0x24, 0x55, 0xd9, 0x72, 0xe4, 0x7a, 0x10, 0xd8, 0xcb, 0x91, 0x36,
    0x88, 0xda, 0x6c, 0x19, 0x7e, 0x3d, 0x90, 0x54, 0x65, 0xcb, 0x30, 0xee, 0x81, 0xc4, 0x2a, 0x5b,
    0x06, 0x74, 0x0f, 0xa4, 0x56, 0xd9, 0x72, 0xdc, 0x7b, 0x10, 0xd8, 0xcb, 0xc1, 0x33, 0x48, 0xcf,
    0x6c, 0x19, 0xfa, 0x3d, 0x90, 0x54, 0x65, 0xcb, 0x61, 0xf2, 0x41, 0x60, 0x2f, 0xc7, 0xda, 0x20,
    0x6c, 0xb3, 0x65, 0x60, 0xf9, 0x40, 0x52, 0x95, 0x2d, 0x03, 0xcc, 0x07, 0x92, 0xab, 0x6c, 0x39,
    0x66, 0x3e, 0x08, 0xe2, 0xe5, 0x88, 0x1b, 0x44, 0x6e, 0xb6, 0x1c, 0x36, 0x1f, 0x04, 0xf1, 0x72,
    0xc4, 0x0d, 0x22, 0x37, 0x5b, 0x8e, 0x9c, 0x0f, 0x82, 0x78, 0x39, 0xe2, 0x06, 0x91, 0x9b, 0x2d,
    0x07, 0xcf, 0x07, 0x41, 0xbc, 0x1c, 0x71, 0x83, 0xc8, 0xcd, 0x96, 0x63, 0xec, 0x83, 0x40, 0x5f,
    0x8e, 0x7d, 0x41, 0xf8, 0x65, 0xcb, 0xa1, 0xf6, 0x41, 0x10, 0x2f, 0x47, 0xdc, 0x20, 0x72, 0xb3,
    0x65, 0x68, 0xfb, 0x40, 0x7a, 0x95, 0x2d, 0x87, 0xdb, 0x07, 0x81, 0xbe, 0x1c, 0xfb, 0x82, 0xf0,
    0xcb, 0x96, 0x23, 0xee, 0x83, 0x40, 0x5f, 0x8e, 0x7e, 0x41, 0xfc, 0x65, 0xcb, 0x41, 0xf7, 0x41,
    0x60, 0x2f, 0xc7, 0xcb, 0x20, 0x30, 0xb3, 0xe5, 0xf0, 0xfb, 0x20, 0x88, 0x97, 0x23, 0x6e, 0x10,
    0xb9, 0xd9, 0x72, 0x84, 0x7e, 0x10, 0xc4, 0xcb, 0x11, 0x37, 0x88, 0xdc, 0x6c, 0x39, 0x48, 0x3f,
    0x08, 0xe2, 0xe5, 0x88, 0x1b, 0x44, 0x6e, 0xb6, 0x1c, 0xa7, 0x1f, 0x04, 0xf1, 0x72, 0x9c, 0x0c,
    0x82, 0x32, 0x5b, 0x8e, 0xd5, 0x0f, 0x82, 0x78, 0x39, 0xe2, 0x06, 0x91, 0x9b, 0x2d, 0x47, 0xeb,
    0x07, 0x41, 0xbc, 0x1c, 0x71, 0x83, 0xc8, 0xcd, 0x96, 0xe3, 0xf5, 0x83, 0x20, 0x5e, 0x8e, 0xb8,
    0x41, 0xe4, 0x66, 0xcb, 0x11, 0xfb, 0x41, 0x10, 0x2f, 0x47, 0xdc, 0x20, 0x72, 0xb3, 0xe5, 0x98,
    0xfd, 0x20, 0x88, 0x97, 0x23, 0x6e, 0x10, 0xb9, 0xd9, 0x72, 0x80, 0x7f, 0x10, 0xc4, 0xcb, 0x11,
    0x37, 0x88, 0xdc, 0x6c, 0x39, 0xc4, 0x3f, 0x08, 0xe2, 0xe5, 0x88, 0x1b, 0x44, 0x6e, 0xb6, 0x1c,
    0xe4, 0x1f, 0x04, 0xf1, 0x72, 0xc4, 0x0d, 0x22, 0x37, 0x5b, 0x0e, 0xf3, 0x0f, 0x82, 0x78, 0x39,
    0xe2, 0x06, 0x91, 0x9b, 0x2d, 0x07, 0xfa, 0x07, 0x41, 0xbc, 0x1c, 0x71, 0x83, 0xc8, 0xcd, 0x96,
    0x43, 0xfd, 0x83, 0x20, 0x5e, 0x8e, 0xb8, 0x41, 0xe4, 0x66, 0xcb, 0xc1, 0xfe, 0x41, 0x10, 0x2f,
    0x47, 0xdc, 0x20, 0x72, 0xb3, 0xe5, 0x70, 0xff, 0x20, 0x88, 0x97, 0x23, 0x6e, 0x10, 0xb9, 0xd9,
    0x72, 0xf4, 0x7f, 0x10, 0xe8, 0xcb, 0xb1, 0x2f, 0x08, 0xbf, 0x6c, 0x39, 0x40, 0x50, 0x08, 0xec,
    0xe5, 0x68, 0x19, 0xc4, 0x65, 0xb6, 0x1c, 0x25, 0x28, 0x04, 0xf6, 0x72, 0xbc, 0x0c, 0x02, 0x33,
    0x5b, 0x0e, 0x15, 0x14, 0x02, 0x7d, 0x39, 0xfa, 0x05, 0xf1, 0x97, 0x2d, 0x07, 0x0c, 0x0a, 0x81,
    0xbe, 0x1c, 0x34, 0x83, 0xd4, 0xcc, 0x96, 0x01, 0x07, 0x05, 0x09, 0x56, 0xb6, 0x1c, 0x63, 0x28,
    0x04, 0xf1, 0x72, 0x80, 0x0d, 0x12, 0x36, 0x5b, 0x0e, 0x34, 0x14, 0x82, 0x78, 0x39, 0xc4, 0x06,
    0x19, 0x9b, 0x2d, 0x43, 0x1b, 0x0a, 0x52, 0xac, 0x6c, 0x19, 0xec, 0x50, 0x90, 0x64, 0x65, 0xcb,
    0xd1, 0x87, 0x42, 0x10, 0x2f, 0xc7, 0xc9, 0x20, 0x28, 0xb3, 0xe5, 0x10, 0x45, 0x21, 0x88, 0x97,
    0x23, 0x65, 0x10, 0x95, 0xd9, 0x32, 0x9c, 0xa2, 0x20, 0xcd, 0xca, 0x96, 0x63, 0x15, 0x85, 0x20,
    0x5e, 0x8e, 0xb8, 0x41, 0xe4, 0x66, 0xcb, 0xf1, 0x8a, 0x42, 0x10, 0x2f, 0x47, 0xdc, 0x20, 0x72,
    0xb3, 0xe5, 0xb8, 0x45, 0x21, 0x88, 0x97, 0x23, 0x6e, 0x10, 0xb9, 0xd9, 0x72, 0xf8, 0xa2, 0x10,
    0xe8, 0xcb, 0xb1, 0x2f, 0x08, 0xbf, 0x6c, 0x19, 0xc8, 0x51, 0x90, 0x68, 0x65, 0xcb, 0xa1, 0x8e,
    0x42, 0x40, 0x2f, 0xc7, 0xbf, 0x20, 0x20, 0xb3, 0xe5, 0x78, 0x47, 0x21, 0xa0, 0x97, 0x23, 0x64,
    0x10, 0x91, 0xd9, 0x32, 0xd4, 0xa3, 0x20, 0xd5, 0xca, 0x96, 0x43, 0x1f, 0x85, 0x80, 0x6c, 0x0e,
    0x5f, 0x41, 0x7e, 0x65, 0xcb, 0x70, 0x92, 0x42, 0x10, 0x2f, 0x5b, 0x0e, 0x96, 0x14, 0x02, 0x7b,
    0x39, 0xe6, 0x06, 0xa1, 0x9b, 0x2d, 0x83, 0x4c, 0x0a, 0x92, 0xad, 0x6c, 0x39, 0x6c, 0x52, 0x08,
    0xec, 0xe5, 0x98, 0x1b, 0x84, 0x6e, 0xb6, 0x1c, 0x3b, 0x29, 0x04, 0xf1, 0x72, 0xc4, 0x0d, 0x22,
    0x37, 0x5b, 0x06, 0x9f, 0x14, 0xa4, 0x5b, 0x01, 0x00, 0x00, 0x00, 0x00, 0x00, 0x00, 0x00, 0x71,
    0x20, 0x00, 0x00, 0x03, 0x00, 0x00, 0x00, 0x32, 0x0e, 0x10, 0x22, 0x84, 0x0f, 0xb1, 0x0d, 0x00,
    0x00, 0x00, 0x00, 0x00, 0x00, 0x00, 0x00, 0x65, 0x0c, 0x00, 0x00, 0xcd, 0x00, 0x00, 0x00, 0x12,
    0x03, 0x94, 0x68, 0x06, 0x00, 0x00, 0x00, 0x03, 0x00, 0x00, 0x00, 0x83, 0x0f, 0x00, 0x00, 0x09,
    0x00, 0x00, 0x00, 0x4c, 0x00, 0x00, 0x00, 0x01, 0x00, 0x00, 0x00, 0x58, 0x00, 0x00, 0x00, 0x00,
    0x00, 0x00, 0x00, 0x58, 0x00, 0x00, 0x00, 0x1e, 0x00, 0x00, 0x00, 0x28, 0x03, 0x00, 0x00, 0x00,
    0x00, 0x00, 0x00, 0x8c, 0x0f, 0x00, 0x00, 0x18, 0x00, 0x00, 0x00, 0x67, 0x0e, 0x00, 0x00, 0x1d,
    0x00, 0x00, 0x00, 0xf8, 0x00, 0x00, 0x00, 0x00, 0x00, 0x00, 0x00, 0x28, 0x03, 0x00, 0x00, 0x00,
    0x00, 0x00, 0x00, 0x00, 0x00, 0x00, 0x00, 0x1e, 0x00, 0x00, 0x00, 0x00, 0x00, 0x00, 0x00, 0x67,
    0x0e, 0x00, 0x00, 0x1d, 0x00, 0x00, 0x00, 0x67, 0x0e, 0x00, 0x00, 0x1d, 0x00, 0x00, 0x00, 0xff,
    0xff, 0xff, 0xff, 0x00, 0x24, 0x00, 0x00, 0x84, 0x0e, 0x00, 0x00, 0x16, 0x00, 0x00, 0x00, 0x84,
    0x0e, 0x00, 0x00, 0x16, 0x00, 0x00, 0x00, 0xff, 0xff, 0xff, 0xff, 0x08, 0x2c, 0x00, 0x00, 0x9a,
    0x0e, 0x00, 0x00, 0x0d, 0x00, 0x00, 0x00, 0x9a, 0x0e, 0x00, 0x00, 0x0d, 0x00, 0x00, 0x00, 0xff,
    0xff, 0xff, 0xff, 0x08, 0x2c, 0x00, 0x00, 0xa7, 0x0e, 0x00, 0x00, 0x0e, 0x00, 0x00, 0x00, 0xa7,
    0x0e, 0x00, 0x00, 0x0e, 0x00, 0x00, 0x00, 0xff, 0xff, 0xff, 0xff, 0x08, 0x24, 0x00, 0x00, 0xb5,
    0x0e, 0x00, 0x00, 0x17, 0x00, 0x00, 0x00, 0xb5, 0x0e, 0x00, 0x00, 0x17, 0x00, 0x00, 0x00, 0xff,
    0xff, 0xff, 0xff, 0x08, 0x24, 0x00, 0x00, 0xcc, 0x0e, 0x00, 0x00, 0x11, 0x00, 0x00, 0x00, 0xcc,
    0x0e, 0x00, 0x00, 0x11, 0x00, 0x00, 0x00, 0xff, 0xff, 0xff, 0xff, 0x08, 0x24, 0x00, 0x00, 0xdd,
    0x0e, 0x00, 0x00, 0x11, 0x00, 0x00, 0x00, 0xdd, 0x0e, 0x00, 0x00, 0x11, 0x00, 0x00, 0x00, 0xff,
    0xff, 0xff, 0xff, 0x08, 0x24, 0x00, 0x00, 0xee, 0x0e, 0x00, 0x00, 0x17, 0x00, 0x00, 0x00, 0xee,
    0x0e, 0x00, 0x00, 0x17, 0x00, 0x00, 0x00, 0xff, 0xff, 0xff, 0xff, 0x08, 0x24, 0x00, 0x00, 0x05,
    0x0f, 0x00, 0x00, 0x10, 0x00, 0x00, 0x00, 0x05, 0x0f, 0x00, 0x00, 0x10, 0x00, 0x00, 0x00, 0xff,
    0xff, 0xff, 0xff, 0x08, 0x24, 0x00, 0x00, 0x15, 0x0f, 0x00, 0x00, 0x0d, 0x00, 0x00, 0x00, 0x15,
    0x0f, 0x00, 0x00, 0x0d, 0x00, 0x00, 0x00, 0xff, 0xff, 0xff, 0xff, 0x08, 0x24, 0x00, 0x00, 0x22,
    0x0f, 0x00, 0x00, 0x16, 0x00, 0x00, 0x00, 0x22, 0x0f, 0x00, 0x00, 0x16, 0x00, 0x00, 0x00, 0xff,
    0xff, 0xff, 0xff, 0x08, 0x24, 0x00, 0x00, 0x38, 0x0f, 0x00, 0x00, 0x0f, 0x00, 0x00, 0x00, 0x38,
    0x0f, 0x00, 0x00, 0x0f, 0x00, 0x00, 0x00, 0xff, 0xff, 0xff, 0xff, 0x08, 0x24, 0x00, 0x00, 0x47,
    0x0f, 0x00, 0x00, 0x14, 0x00, 0x00, 0x00, 0x47, 0x0f, 0x00, 0x00, 0x14, 0x00, 0x00, 0x00, 0xff,
    0xff, 0xff, 0xff, 0x08, 0x2c, 0x00, 0x00, 0x5b, 0x0f, 0x00, 0x00, 0x18, 0x00, 0x00, 0x00, 0x5b,
    0x0f, 0x00, 0x00, 0x18, 0x00, 0x00, 0x00, 0xff, 0xff, 0xff, 0xff, 0x08, 0x2c, 0x00, 0x00, 0x73,
    0x0f, 0x00, 0x00, 0x10, 0x00, 0x00, 0x00, 0x73, 0x0f, 0x00, 0x00, 0x10, 0x00, 0x00, 0x00, 0xff,
    0xff, 0xff, 0xff, 0x08, 0x24, 0x00, 0x00, 0x00, 0x00, 0x00, 0x00, 0xf8, 0x00, 0x00, 0x00, 0x00,
    0x00, 0x00, 0x00, 0xf8, 0x00, 0x00, 0x00, 0xff, 0xff, 0xff, 0xff, 0x00, 0x10, 0x00, 0x00, 0xf8,
    0x00, 0x00, 0x00, 0xf1, 0x00, 0x00, 0x00, 0xf8, 0x00, 0x00, 0x00, 0xf1, 0x00, 0x00, 0x00, 0xff,
    0xff, 0xff, 0xff, 0x00, 0x10, 0x00, 0x00, 0xe9, 0x01, 0x00, 0x00, 0xf8, 0x00, 0x00, 0x00, 0xe9,
    0x01, 0x00, 0x00, 0xf8, 0x00, 0x00, 0x00, 0xff, 0xff, 0xff, 0xff, 0x00, 0x10, 0x00, 0x00, 0xe1,
    0x02, 0x00, 0x00, 0xf9, 0x00, 0x00, 0x00, 0xe1, 0x02, 0x00, 0x00, 0xf9, 0x00, 0x00, 0x00, 0xff,
    0xff, 0xff, 0xff, 0x00, 0x10, 0x00, 0x00, 0xda, 0x03, 0x00, 0x00, 0xfa, 0x00, 0x00, 0x00, 0xda,
    0x03, 0x00, 0x00, 0xfa, 0x00, 0x00, 0x00, 0xff, 0xff, 0xff, 0xff, 0x00, 0x10, 0x00, 0x00, 0xd4,
    0x04, 0x00, 0x00, 0xf4, 0x00, 0x00, 0x00, 0xd4, 0x04, 0x00, 0x00, 0xf4, 0x00, 0x00, 0x00, 0xff,
    0xff, 0xff, 0xff, 0x00, 0x10, 0x00, 0x00, 0xc8, 0x05, 0x00, 0x00, 0xf2, 0x00, 0x00, 0x00, 0xc8,
    0x05, 0x00, 0x00, 0xf2, 0x00, 0x00, 0x00, 0xff, 0xff, 0xff, 0xff, 0x00, 0x10, 0x00, 0x00, 0xba,
    0x06, 0x00, 0x00, 0xf7, 0x00, 0x00, 0x00, 0xba, 0x06, 0x00, 0x00, 0xf7, 0x00, 0x00, 0x00, 0xff,
    0xff, 0xff, 0xff, 0x00, 0x10, 0x00, 0x00, 0xb1, 0x07, 0x00, 0x00, 0xee, 0x00, 0x00, 0x00, 0xb1,
    0x07, 0x00, 0x00, 0xee, 0x00, 0x00, 0x00, 0xff, 0xff, 0xff, 0xff, 0x00, 0x10, 0x00, 0x00, 0x9f,
    0x08, 0x00, 0x00, 0xfa, 0x00, 0x00, 0x00, 0x9f, 0x08, 0x00, 0x00, 0xfa, 0x00, 0x00, 0x00, 0xff,
    0xff, 0xff, 0xff, 0x00, 0x10, 0x00, 0x00, 0x99, 0x09, 0x00, 0x00, 0xf7, 0x00, 0x00, 0x00, 0x99,
    0x09, 0x00, 0x00, 0xf7, 0x00, 0x00, 0x00, 0xff, 0xff, 0xff, 0xff, 0x00, 0x10, 0x00, 0x00, 0x90,
    0x0a, 0x00, 0x00, 0xf7, 0x00, 0x00, 0x00, 0x90, 0x0a, 0x00, 0x00, 0xf7, 0x00, 0x00, 0x00, 0xff,
    0xff, 0xff, 0xff, 0x00, 0x10, 0x00, 0x00, 0x87, 0x0b, 0x00, 0x00, 0xf7, 0x00, 0x00, 0x00, 0x87,
    0x0b, 0x00, 0x00, 0xf7, 0x00, 0x00, 0x00, 0xff, 0xff, 0xff, 0xff, 0x00, 0x10, 0x00, 0x00, 0x7e,
    0x0c, 0x00, 0x00, 0xfb, 0x00, 0x00, 0x00, 0x7e, 0x0c, 0x00, 0x00, 0xfb, 0x00, 0x00, 0x00, 0xff,
    0xff, 0xff, 0xff, 0x00, 0x10, 0x00, 0x00, 0x79, 0x0d, 0x00, 0x00, 0xee, 0x00, 0x00, 0x00, 0x79,
    0x0d, 0x00, 0x00, 0xee, 0x00, 0x00, 0x00, 0xff, 0xff, 0xff, 0xff, 0x00, 0x10, 0x00, 0x00, 0x00,
    0x00, 0x00, 0x00, 0x5d, 0x0c, 0x00, 0x00, 0xec, 0x03, 0x00, 0x00, 0x12, 0x03, 0x94, 0x64, 0x3f,
    0x00, 0x00, 0x00, 0x5f, 0x5a, 0x5a, 0x32, 0x39, 0x64, 0x65, 0x63, 0x6f, 0x64, 0x65, 0x5f, 0x61,
    0x74, 0x74, 0x65, 0x6e, 0x74, 0x69, 0x6f, 0x6e, 0x5f, 0x6d, 0x65, 0x74, 0x61, 0x6c, 0x5f, 0x6b,
    0x65, 0x72, 0x6e, 0x65, 0x6c, 0x50, 0x55, 0x39, 0x4d, 0x54, 0x4c, 0x64, 0x65, 0x76, 0x69, 0x63,
    0x65, 0x4b, 0x44, 0x68, 0x50, 0x55, 0x39, 0x4d, 0x54, 0x4c, 0x64, 0x65, 0x76, 0x69, 0x63, 0x65,
    0x4b, 0x61, 0x53, 0x30, 0x5f, 0x53, 0x30, 0x5f, 0x53, 0x30, 0x5f, 0x53, 0x30, 0x5f, 0x53, 0x30,
    0x5f, 0x50, 0x55, 0x39, 0x4d, 0x54, 0x4c, 0x64, 0x65, 0x76, 0x69, 0x63, 0x65, 0x4b, 0x69, 0x53,
    0x34, 0x5f, 0x50, 0x55, 0x39, 0x4d, 0x54, 0x4c, 0x64, 0x65, 0x76, 0x69, 0x63, 0x65, 0x44, 0x68,
    0x50, 0x55, 0x39, 0x4d, 0x54, 0x4c, 0x64, 0x65, 0x76, 0x69, 0x63, 0x65, 0x66, 0x52, 0x55, 0x39,
    0x4d, 0x54, 0x4c, 0x64, 0x65, 0x76, 0x69, 0x63, 0x65, 0x4b, 0x31, 0x35, 0x41, 0x74, 0x74, 0x65,
    0x6e, 0x74, 0x69, 0x6f, 0x6e, 0x50, 0x61, 0x72, 0x61, 0x6d, 0x73, 0x53, 0x30, 0x5f, 0x50, 0x55,
    0x39, 0x4d, 0x54, 0x4c, 0x64, 0x65, 0x76, 0x69, 0x63, 0x65, 0x4b, 0x66, 0x53, 0x44, 0x5f, 0x50,
    0x55, 0x39, 0x4d, 0x54, 0x4c, 0x64, 0x65, 0x76, 0x69, 0x63, 0x65, 0x4b, 0x73, 0x53, 0x30, 0x5f,
    0x53, 0x46, 0x5f, 0x53, 0x30, 0x5f, 0x53, 0x46, 0x5f, 0x53, 0x30, 0x5f, 0x53, 0x30, 0x5f, 0x53,
    0x30, 0x5f, 0x53, 0x30, 0x5f, 0x53, 0x44, 0x5f, 0x53, 0x44, 0x5f, 0x53, 0x44, 0x5f, 0x53, 0x44,
    0x5f, 0x53, 0x34, 0x5f, 0x53, 0x38, 0x5f, 0x6a, 0x6a, 0x6a, 0x45, 0x31, 0x34, 0x64, 0x65, 0x6e,
    0x73, 0x65, 0x5f, 0x77, 0x5f, 0x73, 0x68, 0x61, 0x72, 0x65, 0x64, 0x5f, 0x5a, 0x5a, 0x32, 0x39,
    0x64, 0x65, 0x63, 0x6f, 0x64, 0x65, 0x5f, 0x61, 0x74, 0x74, 0x65, 0x6e, 0x74, 0x69, 0x6f, 0x6e,
    0x5f, 0x6d, 0x65, 0x74, 0x61, 0x6c, 0x5f, 0x6b, 0x65, 0x72, 0x6e, 0x65, 0x6c, 0x50, 0x55, 0x39,
    0x4d, 0x54, 0x4c, 0x64, 0x65, 0x76, 0x69, 0x63, 0x65, 0x4b, 0x44, 0x68, 0x50, 0x55, 0x39, 0x4d,
    0x54, 0x4c, 0x64, 0x65, 0x76, 0x69, 0x63, 0x65, 0x4b, 0x61, 0x53, 0x30, 0x5f, 0x53, 0x30, 0x5f,
    0x53, 0x30, 0x5f, 0x53, 0x30, 0x5f, 0x53, 0x30, 0x5f, 0x50, 0x55, 0x39, 0x4d, 0x54, 0x4c, 0x64,
    0x65, 0x76, 0x69, 0x63, 0x65, 0x4b, 0x69, 0x53, 0x34, 0x5f, 0x50, 0x55, 0x39, 0x4d, 0x54, 0x4c,
    0x64, 0x65, 0x76, 0x69, 0x63, 0x65, 0x44, 0x68, 0x50, 0x55, 0x39, 0x4d, 0x54, 0x4c, 0x64, 0x65,
    0x76, 0x69, 0x63, 0x65, 0x66, 0x52, 0x55, 0x39, 0x4d, 0x54, 0x4c, 0x64, 0x65, 0x76, 0x69, 0x63,
    0x65, 0x4b, 0x31, 0x35, 0x41, 0x74, 0x74, 0x65, 0x6e, 0x74, 0x69, 0x6f, 0x6e, 0x50, 0x61, 0x72,
    0x61, 0x6d, 0x73, 0x53, 0x30, 0x5f, 0x50, 0x55, 0x39, 0x4d, 0x54, 0x4c, 0x64, 0x65, 0x76, 0x69,
    0x63, 0x65, 0x4b, 0x66, 0x53, 0x44, 0x5f, 0x50, 0x55, 0x39, 0x4d, 0x54, 0x4c, 0x64, 0x65, 0x76,
    0x69, 0x63, 0x65, 0x4b, 0x73, 0x53, 0x30, 0x5f, 0x53, 0x46, 0x5f, 0x53, 0x30, 0x5f, 0x53, 0x46,
    0x5f, 0x53, 0x30, 0x5f, 0x53, 0x30, 0x5f, 0x53, 0x30, 0x5f, 0x53, 0x30, 0x5f, 0x53, 0x44, 0x5f,
    0x53, 0x44, 0x5f, 0x53, 0x44, 0x5f, 0x53, 0x44, 0x5f, 0x53, 0x34, 0x5f, 0x53, 0x38, 0x5f, 0x6a,
    0x6a, 0x6a, 0x45, 0x38, 0x71, 0x5f, 0x73, 0x68, 0x61, 0x72, 0x65, 0x64, 0x5f, 0x5a, 0x5a, 0x32,
    0x39, 0x64, 0x65, 0x63, 0x6f, 0x64, 0x65, 0x5f, 0x61, 0x74, 0x74, 0x65, 0x6e, 0x74, 0x69, 0x6f,
    0x6e, 0x5f, 0x6d, 0x65, 0x74, 0x61, 0x6c, 0x5f, 0x6b, 0x65, 0x72, 0x6e, 0x65, 0x6c, 0x50, 0x55,
    0x39, 0x4d, 0x54, 0x4c, 0x64, 0x65, 0x76, 0x69, 0x63, 0x65, 0x4b, 0x44, 0x68, 0x50, 0x55, 0x39,
    0x4d, 0x54, 0x4c, 0x64, 0x65, 0x76, 0x69, 0x63, 0x65, 0x4b, 0x61, 0x53, 0x30, 0x5f, 0x53, 0x30,
    0x5f, 0x53, 0x30, 0x5f, 0x53, 0x30, 0x5f, 0x53, 0x30, 0x5f, 0x50, 0x55, 0x39, 0x4d, 0x54, 0x4c,
    0x64, 0x65, 0x76, 0x69, 0x63, 0x65, 0x4b, 0x69, 0x53, 0x34, 0x5f, 0x50, 0x55, 0x39, 0x4d, 0x54,
    0x4c, 0x64, 0x65, 0x76, 0x69, 0x63, 0x65, 0x44, 0x68, 0x50, 0x55, 0x39, 0x4d, 0x54, 0x4c, 0x64,
    0x65, 0x76, 0x69, 0x63, 0x65, 0x66, 0x52, 0x55, 0x39, 0x4d, 0x54, 0x4c, 0x64, 0x65, 0x76, 0x69,
    0x63, 0x65, 0x4b, 0x31, 0x35, 0x41, 0x74, 0x74, 0x65, 0x6e, 0x74, 0x69, 0x6f, 0x6e, 0x50, 0x61,
    0x72, 0x61, 0x6d, 0x73, 0x53, 0x30, 0x5f, 0x50, 0x55, 0x39, 0x4d, 0x54, 0x4c, 0x64, 0x65, 0x76,
    0x69, 0x63, 0x65, 0x4b, 0x66, 0x53, 0x44, 0x5f, 0x50, 0x55, 0x39, 0x4d, 0x54, 0x4c, 0x64, 0x65,
    0x76, 0x69, 0x63, 0x65, 0x4b, 0x73, 0x53, 0x30, 0x5f, 0x53, 0x46, 0x5f, 0x53, 0x30, 0x5f, 0x53,
    0x46, 0x5f, 0x53, 0x30, 0x5f, 0x53, 0x30, 0x5f, 0x53, 0x30, 0x5f, 0x53, 0x30, 0x5f, 0x53, 0x44,
    0x5f, 0x53, 0x44, 0x5f, 0x53, 0x44, 0x5f, 0x53, 0x44, 0x5f, 0x53, 0x34, 0x5f, 0x53, 0x38, 0x5f,
    0x6a, 0x6a, 0x6a, 0x45, 0x31, 0x34, 0x77, 0x65, 0x69, 0x67, 0x68, 0x74, 0x73, 0x5f, 0x73, 0x68,
    0x61, 0x72, 0x65, 0x64, 0x5f, 0x5a, 0x5a, 0x32, 0x39, 0x64, 0x65, 0x63, 0x6f, 0x64, 0x65, 0x5f,
    0x61, 0x74, 0x74, 0x65, 0x6e, 0x74, 0x69, 0x6f, 0x6e, 0x5f, 0x6d, 0x65, 0x74, 0x61, 0x6c, 0x5f,
    0x6b, 0x65, 0x72, 0x6e, 0x65, 0x6c, 0x50, 0x55, 0x39, 0x4d, 0x54, 0x4c, 0x64, 0x65, 0x76, 0x69,
    0x63, 0x65, 0x4b, 0x44, 0x68, 0x50, 0x55, 0x39, 0x4d, 0x54, 0x4c, 0x64, 0x65, 0x76, 0x69, 0x63,
    0x65, 0x4b, 0x61, 0x53, 0x30, 0x5f, 0x53, 0x30, 0x5f, 0x53, 0x30, 0x5f, 0x53, 0x30, 0x5f, 0x53,
    0x30, 0x5f, 0x50, 0x55, 0x39, 0x4d, 0x54, 0x4c, 0x64, 0x65, 0x76, 0x69, 0x63, 0x65, 0x4b, 0x69,
    0x53, 0x34, 0x5f, 0x50, 0x55, 0x39, 0x4d, 0x54, 0x4c, 0x64, 0x65, 0x76, 0x69, 0x63, 0x65, 0x44,
    0x68, 0x50, 0x55, 0x39, 0x4d, 0x54, 0x4c, 0x64, 0x65, 0x76, 0x69, 0x63, 0x65, 0x66, 0x52, 0x55,
    0x39, 0x4d, 0x54, 0x4c, 0x64, 0x65, 0x76, 0x69, 0x63, 0x65, 0x4b, 0x31, 0x35, 0x41, 0x74, 0x74,
    0x65, 0x6e, 0x74, 0x69, 0x6f, 0x6e, 0x50, 0x61, 0x72, 0x61, 0x6d, 0x73, 0x53, 0x30, 0x5f, 0x50,
    0x55, 0x39, 0x4d, 0x54, 0x4c, 0x64, 0x65, 0x76, 0x69, 0x63, 0x65, 0x4b, 0x66, 0x53, 0x44, 0x5f,
    0x50, 0x55, 0x39, 0x4d, 0x54, 0x4c, 0x64, 0x65, 0x76, 0x69, 0x63, 0x65, 0x4b, 0x73, 0x53, 0x30,
    0x5f, 0x53, 0x46, 0x5f, 0x53, 0x30, 0x5f, 0x53, 0x46, 0x5f, 0x53, 0x30, 0x5f, 0x53, 0x30, 0x5f,
    0x53, 0x30, 0x5f, 0x53, 0x30, 0x5f, 0x53, 0x44, 0x5f, 0x53, 0x44, 0x5f, 0x53, 0x44, 0x5f, 0x53,
    0x44, 0x5f, 0x53, 0x34, 0x5f, 0x53, 0x38, 0x5f, 0x6a, 0x6a, 0x6a, 0x45, 0x31, 0x35, 0x66, 0x61,
    0x63, 0x74, 0x5f, 0x70, 0x6f, 0x73, 0x5f, 0x73, 0x68, 0x61, 0x72, 0x65, 0x64, 0x5f, 0x5a, 0x5a,
    0x32, 0x39, 0x64, 0x65, 0x63, 0x6f, 0x64, 0x65, 0x5f, 0x61, 0x74, 0x74, 0x65, 0x6e, 0x74, 0x69,
    0x6f, 0x6e, 0x5f, 0x6d, 0x65, 0x74, 0x61, 0x6c, 0x5f, 0x6b, 0x65, 0x72, 0x6e, 0x65, 0x6c, 0x50,
    0x55, 0x39, 0x4d, 0x54, 0x4c, 0x64, 0x65, 0x76, 0x69, 0x63, 0x65, 0x4b, 0x44, 0x68, 0x50, 0x55,
    0x39, 0x4d, 0x54, 0x4c, 0x64, 0x65, 0x76, 0x69, 0x63, 0x65, 0x4b, 0x61, 0x53, 0x30, 0x5f, 0x53,
    0x30, 0x5f, 0x53, 0x30, 0x5f, 0x53, 0x30, 0x5f, 0x53, 0x30, 0x5f, 0x50, 0x55, 0x39, 0x4d, 0x54,
    0x4c, 0x64, 0x65, 0x76, 0x69, 0x63, 0x65, 0x4b, 0x69, 0x53, 0x34, 0x5f, 0x50, 0x55, 0x39, 0x4d,
    0x54, 0x4c, 0x64, 0x65, 0x76, 0x69, 0x63, 0x65, 0x44, 0x68, 0x50, 0x55, 0x39, 0x4d, 0x54, 0x4c,
    0x64, 0x65, 0x76, 0x69, 0x63, 0x65, 0x66, 0x52, 0x55, 0x39, 0x4d, 0x54, 0x4c, 0x64, 0x65, 0x76,
    0x69, 0x63, 0x65, 0x4b, 0x31, 0x35, 0x41, 0x74, 0x74, 0x65, 0x6e, 0x74, 0x69, 0x6f, 0x6e, 0x50,
    0x61, 0x72, 0x61, 0x6d, 0x73, 0x53, 0x30, 0x5f, 0x50, 0x55, 0x39, 0x4d, 0x54, 0x4c, 0x64, 0x65,
    0x76, 0x69, 0x63, 0x65, 0x4b, 0x66, 0x53, 0x44, 0x5f, 0x50, 0x55, 0x39, 0x4d, 0x54, 0x4c, 0x64,
    0x65, 0x76, 0x69, 0x63, 0x65, 0x4b, 0x73, 0x53, 0x30, 0x5f, 0x53, 0x46, 0x5f, 0x53, 0x30, 0x5f,
    0x53, 0x46, 0x5f, 0x53, 0x30, 0x5f, 0x53, 0x30, 0x5f, 0x53, 0x30, 0x5f, 0x53, 0x30, 0x5f, 0x53,
    0x44, 0x5f, 0x53, 0x44, 0x5f, 0x53, 0x44, 0x5f, 0x53, 0x44, 0x5f, 0x53, 0x34, 0x5f, 0x53, 0x38,
    0x5f, 0x6a, 0x6a, 0x6a, 0x45, 0x31, 0x36, 0x72, 0x65, 0x73, 0x5f, 0x70, 0x6f, 0x73, 0x5f, 0x56,
    0x5f, 0x73, 0x68, 0x61, 0x72, 0x65, 0x64, 0x5f, 0x5a, 0x5a, 0x32, 0x39, 0x64, 0x65, 0x63, 0x6f,
    0x64, 0x65, 0x5f, 0x61, 0x74, 0x74, 0x65, 0x6e, 0x74, 0x69, 0x6f, 0x6e, 0x5f, 0x6d, 0x65, 0x74,
    0x61, 0x6c, 0x5f, 0x6b, 0x65, 0x72, 0x6e, 0x65, 0x6c, 0x50, 0x55, 0x39, 0x4d, 0x54, 0x4c, 0x64,
    0x65, 0x76, 0x69, 0x63, 0x65, 0x4b, 0x44, 0x68, 0x50, 0x55, 0x39, 0x4d, 0x54, 0x4c, 0x64, 0x65,
    0x76, 0x69, 0x63, 0x65, 0x4b, 0x61, 0x53, 0x30, 0x5f, 0x53, 0x30, 0x5f, 0x53, 0x30, 0x5f, 0x53,
    0x30, 0x5f, 0x53, 0x30, 0x5f, 0x50, 0x55, 0x39, 0x4d, 0x54, 0x4c, 0x64, 0x65, 0x76, 0x69, 0x63,
    0x65, 0x4b, 0x69, 0x53, 0x34, 0x5f, 0x50, 0x55, 0x39, 0x4d, 0x54, 0x4c, 0x64, 0x65, 0x76, 0x69,
    0x63, 0x65, 0x44, 0x68, 0x50, 0x55, 0x39, 0x4d, 0x54, 0x4c, 0x64, 0x65, 0x76, 0x69, 0x63, 0x65,
    0x66, 0x52, 0x55, 0x39, 0x4d, 0x54, 0x4c, 0x64, 0x65, 0x76, 0x69, 0x63, 0x65, 0x4b, 0x31, 0x35,
    0x41, 0x74, 0x74, 0x65, 0x6e, 0x74, 0x69, 0x6f, 0x6e, 0x50, 0x61, 0x72, 0x61, 0x6d, 0x73, 0x53,
    0x30, 0x5f, 0x50, 0x55, 0x39, 0x4d, 0x54, 0x4c, 0x64, 0x65, 0x76, 0x69, 0x63, 0x65, 0x4b, 0x66,
    0x53, 0x44, 0x5f, 0x50, 0x55, 0x39, 0x4d, 0x54, 0x4c, 0x64, 0x65, 0x76, 0x69, 0x63, 0x65, 0x4b,
    0x73, 0x53, 0x30, 0x5f, 0x53, 0x46, 0x5f, 0x53, 0x30, 0x5f, 0x53, 0x46, 0x5f, 0x53, 0x30, 0x5f,
    0x53, 0x30, 0x5f, 0x53, 0x30, 0x5f, 0x53, 0x30, 0x5f, 0x53, 0x44, 0x5f, 0x53, 0x44, 0x5f, 0x53,
    0x44, 0x5f, 0x53, 0x44, 0x5f, 0x53, 0x34, 0x5f, 0x53, 0x38, 0x5f, 0x6a, 0x6a, 0x6a, 0x45, 0x31,
    0x30, 0x72, 0x65, 0x64, 0x5f, 0x77, 0x5f, 0x70, 0x72, 0x6f, 0x6a, 0x5f, 0x5a, 0x5a, 0x32, 0x39,
    0x64, 0x65, 0x63, 0x6f, 0x64, 0x65, 0x5f, 0x61, 0x74, 0x74, 0x65, 0x6e, 0x74, 0x69, 0x6f, 0x6e,
    0x5f, 0x6d, 0x65, 0x74, 0x61, 0x6c, 0x5f, 0x6b, 0x65, 0x72, 0x6e, 0x65, 0x6c, 0x50, 0x55, 0x39,
    0x4d, 0x54, 0x4c, 0x64, 0x65, 0x76, 0x69, 0x63, 0x65, 0x4b, 0x44, 0x68, 0x50, 0x55, 0x39, 0x4d,
    0x54, 0x4c, 0x64, 0x65, 0x76, 0x69, 0x63, 0x65, 0x4b, 0x61, 0x53, 0x30, 0x5f, 0x53, 0x30, 0x5f,
    0x53, 0x30, 0x5f, 0x53, 0x30, 0x5f, 0x53, 0x30, 0x5f, 0x50, 0x55, 0x39, 0x4d, 0x54, 0x4c, 0x64,
    0x65, 0x76, 0x69, 0x63, 0x65, 0x4b, 0x69, 0x53, 0x34, 0x5f, 0x50, 0x55, 0x39, 0x4d, 0x54, 0x4c,
    0x64, 0x65, 0x76, 0x69, 0x63, 0x65, 0x44, 0x68, 0x50, 0x55, 0x39, 0x4d, 0x54, 0x4c, 0x64, 0x65,
    0x76, 0x69, 0x63, 0x65, 0x66, 0x52, 0x55, 0x39, 0x4d, 0x54, 0x4c, 0x64, 0x65, 0x76, 0x69, 0x63,
    0x65, 0x4b, 0x31, 0x35, 0x41, 0x74, 0x74, 0x65, 0x6e, 0x74, 0x69, 0x6f, 0x6e, 0x50, 0x61, 0x72,
    0x61, 0x6d, 0x73, 0x53, 0x30, 0x5f, 0x50, 0x55, 0x39, 0x4d, 0x54, 0x4c, 0x64, 0x65, 0x76, 0x69,
    0x63, 0x65, 0x4b, 0x66, 0x53, 0x44, 0x5f, 0x50, 0x55, 0x39, 0x4d, 0x54, 0x4c, 0x64, 0x65, 0x76,
    0x69, 0x63, 0x65, 0x4b, 0x73, 0x53, 0x30, 0x5f, 0x53, 0x46, 0x5f, 0x53, 0x30, 0x5f, 0x53, 0x46,
    0x5f, 0x53, 0x30, 0x5f, 0x53, 0x30, 0x5f, 0x53, 0x30, 0x5f, 0x53, 0x30, 0x5f, 0x53, 0x44, 0x5f,
    0x53, 0x44, 0x5f, 0x53, 0x44, 0x5f, 0x53, 0x44, 0x5f, 0x53, 0x34, 0x5f, 0x53, 0x38, 0x5f, 0x6a,
    0x6a, 0x6a, 0x45, 0x39, 0x72, 0x65, 0x64, 0x5f, 0x73, 0x75, 0x6d, 0x5f, 0x77, 0x5f, 0x5a, 0x5a,
    0x32, 0x39, 0x64, 0x65, 0x63, 0x6f, 0x64, 0x65, 0x5f, 0x61, 0x74, 0x74, 0x65, 0x6e, 0x74, 0x69,
    0x6f, 0x6e, 0x5f, 0x6d, 0x65, 0x74, 0x61, 0x6c, 0x5f, 0x6b, 0x65, 0x72, 0x6e, 0x65, 0x6c, 0x50,
    0x55, 0x39, 0x4d, 0x54, 0x4c, 0x64, 0x65, 0x76, 0x69, 0x63, 0x65, 0x4b, 0x44, 0x68, 0x50, 0x55,
    0x39, 0x4d, 0x54, 0x4c, 0x64, 0x65, 0x76, 0x69, 0x63, 0x65, 0x4b, 0x61, 0x53, 0x30, 0x5f, 0x53,
    0x30, 0x5f, 0x53, 0x30, 0x5f, 0x53, 0x30, 0x5f, 0x53, 0x30, 0x5f, 0x50, 0x55, 0x39, 0x4d, 0x54,
    0x4c, 0x64, 0x65, 0x76, 0x69, 0x63, 0x65, 0x4b, 0x69, 0x53, 0x34, 0x5f, 0x50, 0x55, 0x39, 0x4d,
    0x54, 0x4c, 0x64, 0x65, 0x76, 0x69, 0x63, 0x65, 0x44, 0x68, 0x50, 0x55, 0x39, 0x4d, 0x54, 0x4c,
    0x64, 0x65, 0x76, 0x69, 0x63, 0x65, 0x66, 0x52, 0x55, 0x39, 0x4d, 0x54, 0x4c, 0x64, 0x65, 0x76,
    0x69, 0x63, 0x65, 0x4b, 0x31, 0x35, 0x41, 0x74, 0x74, 0x65, 0x6e, 0x74, 0x69, 0x6f, 0x6e, 0x50,
    0x61, 0x72, 0x61, 0x6d, 0x73, 0x53, 0x30, 0x5f, 0x50, 0x55, 0x39, 0x4d, 0x54, 0x4c, 0x64, 0x65,
    0x76, 0x69, 0x63, 0x65, 0x4b, 0x66, 0x53, 0x44, 0x5f, 0x50, 0x55, 0x39, 0x4d, 0x54, 0x4c, 0x64,
    0x65, 0x76, 0x69, 0x63, 0x65, 0x4b, 0x73, 0x53, 0x30, 0x5f, 0x53, 0x46, 0x5f, 0x53, 0x30, 0x5f,
    0x53, 0x46, 0x5f, 0x53, 0x30, 0x5f, 0x53, 0x30, 0x5f, 0x53, 0x30, 0x5f, 0x53, 0x30, 0x5f, 0x53,
    0x44, 0x5f, 0x53, 0x44, 0x5f, 0x53, 0x44, 0x5f, 0x53, 0x44, 0x5f, 0x53, 0x34, 0x5f, 0x53, 0x38,
    0x5f, 0x6a, 0x6a, 0x6a, 0x45, 0x31, 0x33, 0x72, 0x65, 0x64, 0x5f, 0x70, 0x72, 0x6f, 0x6a, 0x5f,
    0x74, 0x65, 0x6d, 0x70, 0x5f, 0x5a, 0x5a, 0x32, 0x39, 0x64, 0x65, 0x63, 0x6f, 0x64, 0x65, 0x5f,
    0x61, 0x74, 0x74, 0x65, 0x6e, 0x74, 0x69, 0x6f, 0x6e, 0x5f, 0x6d, 0x65, 0x74, 0x61, 0x6c, 0x5f,
    0x6b, 0x65, 0x72, 0x6e, 0x65, 0x6c, 0x50, 0x55, 0x39, 0x4d, 0x54, 0x4c, 0x64, 0x65, 0x76, 0x69,
    0x63, 0x65, 0x4b, 0x44, 0x68, 0x50, 0x55, 0x39, 0x4d, 0x54, 0x4c, 0x64, 0x65, 0x76, 0x69, 0x63,
    0x65, 0x4b, 0x61, 0x53, 0x30, 0x5f, 0x53, 0x30, 0x5f, 0x53, 0x30, 0x5f, 0x53, 0x30, 0x5f, 0x53,
    0x30, 0x5f, 0x50, 0x55, 0x39, 0x4d, 0x54, 0x4c, 0x64, 0x65, 0x76, 0x69, 0x63, 0x65, 0x4b, 0x69,
    0x53, 0x34, 0x5f, 0x50, 0x55, 0x39, 0x4d, 0x54, 0x4c, 0x64, 0x65, 0x76, 0x69, 0x63, 0x65, 0x44,
    0x68, 0x50, 0x55, 0x39, 0x4d, 0x54, 0x4c, 0x64, 0x65, 0x76, 0x69, 0x63, 0x65, 0x66, 0x52, 0x55,
    0x39, 0x4d, 0x54, 0x4c, 0x64, 0x65, 0x76, 0x69, 0x63, 0x65, 0x4b, 0x31, 0x35, 0x41, 0x74, 0x74,
    0x65, 0x6e, 0x74, 0x69, 0x6f, 0x6e, 0x50, 0x61, 0x72, 0x61, 0x6d, 0x73, 0x53, 0x30, 0x5f, 0x50,
    0x55, 0x39, 0x4d, 0x54, 0x4c, 0x64, 0x65, 0x76, 0x69, 0x63, 0x65, 0x4b, 0x66, 0x53, 0x44, 0x5f,
    0x50, 0x55, 0x39, 0x4d, 0x54, 0x4c, 0x64, 0x65, 0x76, 0x69, 0x63, 0x65, 0x4b, 0x73, 0x53, 0x30,
    0x5f, 0x53, 0x46, 0x5f, 0x53, 0x30, 0x5f, 0x53, 0x46, 0x5f, 0x53, 0x30, 0x5f, 0x53, 0x30, 0x5f,
    0x53, 0x30, 0x5f, 0x53, 0x30, 0x5f, 0x53, 0x44, 0x5f, 0x53, 0x44, 0x5f, 0x53, 0x44, 0x5f, 0x53,
    0x44, 0x5f, 0x53, 0x34, 0x5f, 0x53, 0x38, 0x5f, 0x6a, 0x6a, 0x6a, 0x45, 0x35, 0x72, 0x65, 0x64,
    0x5f, 0x6d, 0x5f, 0x5a, 0x5a, 0x32, 0x39, 0x64, 0x65, 0x63, 0x6f, 0x64, 0x65, 0x5f, 0x61, 0x74,
    0x74, 0x65, 0x6e, 0x74, 0x69, 0x6f, 0x6e, 0x5f, 0x6d, 0x65, 0x74, 0x61, 0x6c, 0x5f, 0x6b, 0x65,
    0x72, 0x6e, 0x65, 0x6c, 0x50, 0x55, 0x39, 0x4d, 0x54, 0x4c, 0x64, 0x65, 0x76, 0x69, 0x63, 0x65,
    0x4b, 0x44, 0x68, 0x50, 0x55, 0x39, 0x4d, 0x54, 0x4c, 0x64, 0x65, 0x76, 0x69, 0x63, 0x65, 0x4b,
    0x61, 0x53, 0x30, 0x5f, 0x53, 0x30, 0x5f, 0x53, 0x30, 0x5f, 0x53, 0x30, 0x5f, 0x53, 0x30, 0x5f,
    0x50, 0x55, 0x39, 0x4d, 0x54, 0x4c, 0x64, 0x65, 0x76, 0x69, 0x63, 0x65, 0x4b, 0x69, 0x53, 0x34,
    0x5f, 0x50, 0x55, 0x39, 0x4d, 0x54, 0x4c, 0x64, 0x65, 0x76, 0x69, 0x63, 0x65, 0x44, 0x68, 0x50,
    0x55, 0x39, 0x4d, 0x54, 0x4c, 0x64, 0x65, 0x76, 0x69, 0x63, 0x65, 0x66, 0x52, 0x55, 0x39, 0x4d,
    0x54, 0x4c, 0x64, 0x65, 0x76, 0x69, 0x63, 0x65, 0x4b, 0x31, 0x35, 0x41, 0x74, 0x74, 0x65, 0x6e,
    0x74, 0x69, 0x6f, 0x6e, 0x50, 0x61, 0x72, 0x61, 0x6d, 0x73, 0x53, 0x30, 0x5f, 0x50, 0x55, 0x39,
    0x4d, 0x54, 0x4c, 0x64, 0x65, 0x76, 0x69, 0x63, 0x65, 0x4b, 0x66, 0x53, 0x44, 0x5f, 0x50, 0x55,
    0x39, 0x4d, 0x54, 0x4c, 0x64, 0x65, 0x76, 0x69, 0x63, 0x65, 0x4b, 0x73, 0x53, 0x30, 0x5f, 0x53,
    0x46, 0x5f, 0x53, 0x30, 0x5f, 0x53, 0x46, 0x5f, 0x53, 0x30, 0x5f, 0x53, 0x30, 0x5f, 0x53, 0x30,
    0x5f, 0x53, 0x30, 0x5f, 0x53, 0x44, 0x5f, 0x53, 0x44, 0x5f, 0x53, 0x44, 0x5f, 0x53, 0x44, 0x5f,
    0x53, 0x34, 0x5f, 0x53, 0x38, 0x5f, 0x6a, 0x6a, 0x6a, 0x45, 0x31, 0x36, 0x72, 0x65, 0x73, 0x5f,
    0x70, 0x6f, 0x73, 0x5f, 0x4b, 0x5f, 0x73, 0x68, 0x61, 0x72, 0x65, 0x64, 0x5f, 0x5a, 0x5a, 0x32,
    0x39, 0x64, 0x65, 0x63, 0x6f, 0x64, 0x65, 0x5f, 0x61, 0x74, 0x74, 0x65, 0x6e, 0x74, 0x69, 0x6f,
    0x6e, 0x5f, 0x6d, 0x65, 0x74, 0x61, 0x6c, 0x5f, 0x6b, 0x65, 0x72, 0x6e, 0x65, 0x6c, 0x50, 0x55,
    0x39, 0x4d, 0x54, 0x4c, 0x64, 0x65, 0x76, 0x69, 0x63, 0x65, 0x4b, 0x44, 0x68, 0x50, 0x55, 0x39,
    0x4d, 0x54, 0x4c, 0x64, 0x65, 0x76, 0x69, 0x63, 0x65, 0x4b, 0x61, 0x53, 0x30, 0x5f, 0x53, 0x30,
    0x5f, 0x53, 0x30, 0x5f, 0x53, 0x30, 0x5f, 0x53, 0x30, 0x5f, 0x50, 0x55, 0x39, 0x4d, 0x54, 0x4c,
    0x64, 0x65, 0x76, 0x69, 0x63, 0x65, 0x4b, 0x69, 0x53, 0x34, 0x5f, 0x50, 0x55, 0x39, 0x4d, 0x54,
    0x4c, 0x64, 0x65, 0x76, 0x69, 0x63, 0x65, 0x44, 0x68, 0x50, 0x55, 0x39, 0x4d, 0x54, 0x4c, 0x64,
    0x65, 0x76, 0x69, 0x63, 0x65, 0x66, 0x52, 0x55, 0x39, 0x4d, 0x54, 0x4c, 0x64, 0x65, 0x76, 0x69,
    0x63, 0x65, 0x4b, 0x31, 0x35, 0x41, 0x74, 0x74, 0x65, 0x6e, 0x74, 0x69, 0x6f, 0x6e, 0x50, 0x61,
    0x72, 0x61, 0x6d, 0x73, 0x53, 0x30, 0x5f, 0x50, 0x55, 0x39, 0x4d, 0x54, 0x4c, 0x64, 0x65, 0x76,
    0x69, 0x63, 0x65, 0x4b, 0x66, 0x53, 0x44, 0x5f, 0x50, 0x55, 0x39, 0x4d, 0x54, 0x4c, 0x64, 0x65,
    0x76, 0x69, 0x63, 0x65, 0x4b, 0x73, 0x53, 0x30, 0x5f, 0x53, 0x46, 0x5f, 0x53, 0x30, 0x5f, 0x53,
    0x46, 0x5f, 0x53, 0x30, 0x5f, 0x53, 0x30, 0x5f, 0x53, 0x30, 0x5f, 0x53, 0x30, 0x5f, 0x53, 0x44,
    0x5f, 0x53, 0x44, 0x5f, 0x53, 0x44, 0x5f, 0x53, 0x44, 0x5f, 0x53, 0x34, 0x5f, 0x53, 0x38, 0x5f,
    0x6a, 0x6a, 0x6a, 0x45, 0x31, 0x33, 0x71, 0x5f, 0x70, 0x72, 0x6f, 0x6a, 0x5f, 0x73, 0x68, 0x61,
    0x72, 0x65, 0x64, 0x5f, 0x5a, 0x5a, 0x32, 0x39, 0x64, 0x65, 0x63, 0x6f, 0x64, 0x65, 0x5f, 0x61,
    0x74, 0x74, 0x65, 0x6e, 0x74, 0x69, 0x6f, 0x6e, 0x5f, 0x6d, 0x65, 0x74, 0x61, 0x6c, 0x5f, 0x6b,
    0x65, 0x72, 0x6e, 0x65, 0x6c, 0x50, 0x55, 0x39, 0x4d, 0x54, 0x4c, 0x64, 0x65, 0x76, 0x69, 0x63,
    0x65, 0x4b, 0x44, 0x68, 0x50, 0x55, 0x39, 0x4d, 0x54, 0x4c, 0x64, 0x65, 0x76, 0x69, 0x63, 0x65,
    0x4b, 0x61, 0x53, 0x30, 0x5f, 0x53, 0x30, 0x5f, 0x53, 0x30, 0x5f, 0x53, 0x30, 0x5f, 0x53, 0x30,
    0x5f, 0x50, 0x55, 0x39, 0x4d, 0x54, 0x4c, 0x64, 0x65, 0x76, 0x69, 0x63, 0x65, 0x4b, 0x69, 0x53,
    0x34, 0x5f, 0x50, 0x55, 0x39, 0x4d, 0x54, 0x4c, 0x64, 0x65, 0x76, 0x69, 0x63, 0x65, 0x44, 0x68,
    0x50, 0x55, 0x39, 0x4d, 0x54, 0x4c, 0x64, 0x65, 0x76, 0x69, 0x63, 0x65, 0x66, 0x52, 0x55, 0x39,
    0x4d, 0x54, 0x4c, 0x64, 0x65, 0x76, 0x69, 0x63, 0x65, 0x4b, 0x31, 0x35, 0x41, 0x74, 0x74, 0x65,
    0x6e, 0x74, 0x69, 0x6f, 0x6e, 0x50, 0x61, 0x72, 0x61, 0x6d, 0x73, 0x53, 0x30, 0x5f, 0x50, 0x55,
    0x39, 0x4d, 0x54, 0x4c, 0x64, 0x65, 0x76, 0x69, 0x63, 0x65, 0x4b, 0x66, 0x53, 0x44, 0x5f, 0x50,
    0x55, 0x39, 0x4d, 0x54, 0x4c, 0x64, 0x65, 0x76, 0x69, 0x63, 0x65, 0x4b, 0x73, 0x53, 0x30, 0x5f,
    0x53, 0x46, 0x5f, 0x53, 0x30, 0x5f, 0x53, 0x46, 0x5f, 0x53, 0x30, 0x5f, 0x53, 0x30, 0x5f, 0x53,
    0x30, 0x5f, 0x53, 0x30, 0x5f, 0x53, 0x44, 0x5f, 0x53, 0x44, 0x5f, 0x53, 0x44, 0x5f, 0x53, 0x44,
    0x5f, 0x53, 0x34, 0x5f, 0x53, 0x38, 0x5f, 0x6a, 0x6a, 0x6a, 0x45, 0x31, 0x33, 0x61, 0x6b, 0x5f,
    0x72, 0x6f, 0x74, 0x5f, 0x73, 0x68, 0x61, 0x72, 0x65, 0x64, 0x5f, 0x5a, 0x5a, 0x32, 0x39, 0x64,
    0x65, 0x63, 0x6f, 0x64, 0x65, 0x5f, 0x61, 0x74, 0x74, 0x65, 0x6e, 0x74, 0x69, 0x6f, 0x6e, 0x5f,
    0x6d, 0x65, 0x74, 0x61, 0x6c, 0x5f, 0x6b, 0x65, 0x72, 0x6e, 0x65, 0x6c, 0x50, 0x55, 0x39, 0x4d,
    0x54, 0x4c, 0x64, 0x65, 0x76, 0x69, 0x63, 0x65, 0x4b, 0x44, 0x68, 0x50, 0x55, 0x39, 0x4d, 0x54,
    0x4c, 0x64, 0x65, 0x76, 0x69, 0x63, 0x65, 0x4b, 0x61, 0x53, 0x30, 0x5f, 0x53, 0x30, 0x5f, 0x53,
    0x30, 0x5f, 0x53, 0x30, 0x5f, 0x53, 0x30, 0x5f, 0x50, 0x55, 0x39, 0x4d, 0x54, 0x4c, 0x64, 0x65,
    0x76, 0x69, 0x63, 0x65, 0x4b, 0x69, 0x53, 0x34, 0x5f, 0x50, 0x55, 0x39, 0x4d, 0x54, 0x4c, 0x64,
    0x65, 0x76, 0x69, 0x63, 0x65, 0x44, 0x68, 0x50, 0x55, 0x39, 0x4d, 0x54, 0x4c, 0x64, 0x65, 0x76,
    0x69, 0x63, 0x65, 0x66, 0x52, 0x55, 0x39, 0x4d, 0x54, 0x4c, 0x64, 0x65, 0x76, 0x69, 0x63, 0x65,
    0x4b, 0x31, 0x35, 0x41, 0x74, 0x74, 0x65, 0x6e, 0x74, 0x69, 0x6f, 0x6e, 0x50, 0x61, 0x72, 0x61,
    0x6d, 0x73, 0x53, 0x30, 0x5f, 0x50, 0x55, 0x39, 0x4d, 0x54, 0x4c, 0x64, 0x65, 0x76, 0x69, 0x63,
    0x65, 0x4b, 0x66, 0x53, 0x44, 0x5f, 0x50, 0x55, 0x39, 0x4d, 0x54, 0x4c, 0x64, 0x65, 0x76, 0x69,
    0x63, 0x65, 0x4b, 0x73, 0x53, 0x30, 0x5f, 0x53, 0x46, 0x5f, 0x53, 0x30, 0x5f, 0x53, 0x46, 0x5f,
    0x53, 0x30, 0x5f, 0x53, 0x30, 0x5f, 0x53, 0x30, 0x5f, 0x53, 0x30, 0x5f, 0x53, 0x44, 0x5f, 0x53,
    0x44, 0x5f, 0x53, 0x44, 0x5f, 0x53, 0x44, 0x5f, 0x53, 0x34, 0x5f, 0x53, 0x38, 0x5f, 0x6a, 0x6a,
    0x6a, 0x45, 0x31, 0x33, 0x71, 0x5f, 0x70, 0x72, 0x6f, 0x6a, 0x5f, 0x63, 0x61, 0x63, 0x68, 0x65,
    0x64, 0x5f, 0x5a, 0x5a, 0x32, 0x39, 0x64, 0x65, 0x63, 0x6f, 0x64, 0x65, 0x5f, 0x61, 0x74, 0x74,
    0x65, 0x6e, 0x74, 0x69, 0x6f, 0x6e, 0x5f, 0x6d, 0x65, 0x74, 0x61, 0x6c, 0x5f, 0x6b, 0x65, 0x72,
    0x6e, 0x65, 0x6c, 0x50, 0x55, 0x39, 0x4d, 0x54, 0x4c, 0x64, 0x65, 0x76, 0x69, 0x63, 0x65, 0x4b,
    0x44, 0x68, 0x50, 0x55, 0x39, 0x4d, 0x54, 0x4c, 0x64, 0x65, 0x76, 0x69, 0x63, 0x65, 0x4b, 0x61,
    0x53, 0x30, 0x5f, 0x53, 0x30, 0x5f, 0x53, 0x30, 0x5f, 0x53, 0x30, 0x5f, 0x53, 0x30, 0x5f, 0x50,
    0x55, 0x39, 0x4d, 0x54, 0x4c, 0x64, 0x65, 0x76, 0x69, 0x63, 0x65, 0x4b, 0x69, 0x53, 0x34, 0x5f,
    0x50, 0x55, 0x39, 0x4d, 0x54, 0x4c, 0x64, 0x65, 0x76, 0x69, 0x63, 0x65, 0x44, 0x68, 0x50, 0x55,
    0x39, 0x4d, 0x54, 0x4c, 0x64, 0x65, 0x76, 0x69, 0x63, 0x65, 0x66, 0x52, 0x55, 0x39, 0x4d, 0x54,
    0x4c, 0x64, 0x65, 0x76, 0x69, 0x63, 0x65, 0x4b, 0x31, 0x35, 0x41, 0x74, 0x74, 0x65, 0x6e, 0x74,
    0x69, 0x6f, 0x6e, 0x50, 0x61, 0x72, 0x61, 0x6d, 0x73, 0x53, 0x30, 0x5f, 0x50, 0x55, 0x39, 0x4d,
    0x54, 0x4c, 0x64, 0x65, 0x76, 0x69, 0x63, 0x65, 0x4b, 0x66, 0x53, 0x44, 0x5f, 0x50, 0x55, 0x39,
    0x4d, 0x54, 0x4c, 0x64, 0x65, 0x76, 0x69, 0x63, 0x65, 0x4b, 0x73, 0x53, 0x30, 0x5f, 0x53, 0x46,
    0x5f, 0x53, 0x30, 0x5f, 0x53, 0x46, 0x5f, 0x53, 0x30, 0x5f, 0x53, 0x30, 0x5f, 0x53, 0x30, 0x5f,
    0x53, 0x30, 0x5f, 0x53, 0x44, 0x5f, 0x53, 0x44, 0x5f, 0x53, 0x44, 0x5f, 0x53, 0x44, 0x5f, 0x53,
    0x34, 0x5f, 0x53, 0x38, 0x5f, 0x6a, 0x6a, 0x6a, 0x45, 0x31, 0x37, 0x73, 0x63, 0x6f, 0x72, 0x65,
    0x73, 0x5f, 0x61, 0x6e, 0x63, 0x5f, 0x63, 0x61, 0x63, 0x68, 0x65, 0x64, 0x5f, 0x5a, 0x5a, 0x32,
    0x39, 0x64, 0x65, 0x63, 0x6f, 0x64, 0x65, 0x5f, 0x61, 0x74, 0x74, 0x65, 0x6e, 0x74, 0x69, 0x6f,
    0x6e, 0x5f, 0x6d, 0x65, 0x74, 0x61, 0x6c, 0x5f, 0x6b, 0x65, 0x72, 0x6e, 0x65, 0x6c, 0x50, 0x55,
    0x39, 0x4d, 0x54, 0x4c, 0x64, 0x65, 0x76, 0x69, 0x63, 0x65, 0x4b, 0x44, 0x68, 0x50, 0x55, 0x39,
    0x4d, 0x54, 0x4c, 0x64, 0x65, 0x76, 0x69, 0x63, 0x65, 0x4b, 0x61, 0x53, 0x30, 0x5f, 0x53, 0x30,
    0x5f, 0x53, 0x30, 0x5f, 0x53, 0x30, 0x5f, 0x53, 0x30, 0x5f, 0x50, 0x55, 0x39, 0x4d, 0x54, 0x4c,
    0x64, 0x65, 0x76, 0x69, 0x63, 0x65, 0x4b, 0x69, 0x53, 0x34, 0x5f, 0x50, 0x55, 0x39, 0x4d, 0x54,
    0x4c, 0x64, 0x65, 0x76, 0x69, 0x63, 0x65, 0x44, 0x68, 0x50, 0x55, 0x39, 0x4d, 0x54, 0x4c, 0x64,
    0x65, 0x76, 0x69, 0x63, 0x65, 0x66, 0x52, 0x55, 0x39, 0x4d, 0x54, 0x4c, 0x64, 0x65, 0x76, 0x69,
    0x63, 0x65, 0x4b, 0x31, 0x35, 0x41, 0x74, 0x74, 0x65, 0x6e, 0x74, 0x69, 0x6f, 0x6e, 0x50, 0x61,
    0x72, 0x61, 0x6d, 0x73, 0x53, 0x30, 0x5f, 0x50, 0x55, 0x39, 0x4d, 0x54, 0x4c, 0x64, 0x65, 0x76,
    0x69, 0x63, 0x65, 0x4b, 0x66, 0x53, 0x44, 0x5f, 0x50, 0x55, 0x39, 0x4d, 0x54, 0x4c, 0x64, 0x65,
    0x76, 0x69, 0x63, 0x65, 0x4b, 0x73, 0x53, 0x30, 0x5f, 0x53, 0x46, 0x5f, 0x53, 0x30, 0x5f, 0x53,
    0x46, 0x5f, 0x53, 0x30, 0x5f, 0x53, 0x30, 0x5f, 0x53, 0x30, 0x5f, 0x53, 0x30, 0x5f, 0x53, 0x44,
    0x5f, 0x53, 0x44, 0x5f, 0x53, 0x44, 0x5f, 0x53, 0x44, 0x5f, 0x53, 0x34, 0x5f, 0x53, 0x38, 0x5f,
    0x6a, 0x6a, 0x6a, 0x45, 0x35, 0x72, 0x65, 0x64, 0x5f, 0x64, 0x64, 0x65, 0x63, 0x6f, 0x64, 0x65,
    0x5f, 0x61, 0x74, 0x74, 0x65, 0x6e, 0x74, 0x69, 0x6f, 0x6e, 0x5f, 0x6d, 0x65, 0x74, 0x61, 0x6c,
    0x5f, 0x6b, 0x65, 0x72, 0x6e, 0x65, 0x6c, 0x6c, 0x6c, 0x76, 0x6d, 0x2e, 0x6c, 0x69, 0x66, 0x65,
    0x74, 0x69, 0x6d, 0x65, 0x2e, 0x65, 0x6e, 0x64, 0x2e, 0x70, 0x30, 0x69, 0x38, 0x6c, 0x6c, 0x76,
    0x6d, 0x2e, 0x75, 0x6d, 0x69, 0x6e, 0x2e, 0x69, 0x33, 0x32, 0x61, 0x69, 0x72, 0x2e, 0x77, 0x67,
    0x2e, 0x62, 0x61, 0x72, 0x72, 0x69, 0x65, 0x72, 0x61, 0x69, 0x72, 0x2e, 0x63, 0x6f, 0x6e, 0x76,
    0x65, 0x72, 0x74, 0x2e, 0x66, 0x2e, 0x66, 0x33, 0x32, 0x2e, 0x75, 0x2e, 0x69, 0x33, 0x32, 0x61,
    0x69, 0x72, 0x2e, 0x66, 0x61, 0x73, 0x74, 0x5f, 0x66, 0x6d, 0x61, 0x78, 0x2e, 0x66, 0x33, 0x32,
    0x61, 0x69, 0x72, 0x2e, 0x66, 0x61, 0x73, 0x74, 0x5f, 0x66, 0x6d, 0x69, 0x6e, 0x2e, 0x66, 0x33,
    0x32, 0x61, 0x69, 0x72, 0x2e, 0x63, 0x6f, 0x6e, 0x76, 0x65, 0x72, 0x74, 0x2e, 0x66, 0x2e, 0x66,
    0x33, 0x32, 0x2e, 0x73, 0x2e, 0x69, 0x33, 0x32, 0x61, 0x69, 0x72, 0x2e, 0x66, 0x61, 0x73, 0x74,
    0x5f, 0x65, 0x78, 0x70, 0x2e, 0x66, 0x33, 0x32, 0x61, 0x69, 0x72, 0x2e, 0x6d, 0x69, 0x6e, 0x2e,
    0x73, 0x2e, 0x69, 0x33, 0x32, 0x61, 0x69, 0x72, 0x2e, 0x63, 0x6f, 0x6e, 0x76, 0x65, 0x72, 0x74,
    0x2e, 0x66, 0x2e, 0x66, 0x33, 0x32, 0x2e, 0x73, 0x2e, 0x69, 0x38, 0x61, 0x69, 0x72, 0x2e, 0x63,
    0x6c, 0x61, 0x6d, 0x70, 0x2e, 0x73, 0x2e, 0x69, 0x33, 0x32, 0x6c, 0x6c, 0x76, 0x6d, 0x2e, 0x6d,
    0x65, 0x6d, 0x73, 0x65, 0x74, 0x2e, 0x70, 0x30, 0x69, 0x38, 0x2e, 0x69, 0x36, 0x34, 0x6c, 0x6c,
    0x76, 0x6d, 0x2e, 0x6c, 0x69, 0x66, 0x65, 0x74, 0x69, 0x6d, 0x65, 0x2e, 0x73, 0x74, 0x61, 0x72,
    0x74, 0x2e, 0x70, 0x30, 0x69, 0x38, 0x61, 0x69, 0x72, 0x2e, 0x66, 0x61, 0x73, 0x74, 0x5f, 0x6c,
    0x6f, 0x67, 0x2e, 0x66, 0x33, 0x32, 0x33, 0x32, 0x30, 0x32, 0x33, 0x2e, 0x34, 0x30, 0x34, 0x61,
    0x69, 0x72, 0x36, 0x34, 0x2d, 0x61, 0x70, 0x70, 0x6c, 0x65, 0x2d, 0x6d, 0x61, 0x63, 0x6f, 0x73,
    0x78, 0x31, 0x35, 0x2e, 0x32, 0x2e, 0x30, 0x00, 0x00, 0x00, 0x00, 0x00, 0x00, 0x00, 0x00, 0x00,
    0x00, 0x00, 0x00,
};
